hour,electricity,space_heat,process_heat,steam,cooling,hydrogen
0,0.6,0.7,0.6,0.6,0.5357,0.6
1,0.6,0.7,0.6,0.6,0.5357,0.6
2,0.6,0.7,0.6,0.6,0.5357,0.6
3,0.6,0.7,0.6,0.6,0.5357,0.6
4,0.6,0.7,0.6,0.6,0.5357,0.6
5,0.6,0.7,0.6,0.6,0.5357,0.6
6,1.0,1.0,1.0,1.0,0.8929,1.0
7,1.0,1.0,1.0,1.0,0.8929,1.0
8,1.0,1.0,1.0,1.0,0.8929,1.0
9,1.0,1.0,1.0,1.0,0.8929,1.0
10,1.0,1.0,1.0,1.0,0.926,1.0
11,1.0,1.0,1.0,1.0,0.9558,1.0
12,1.0,1.0,1.0,1.0,0.9795,1.0
13,1.0,1.0,1.0,1.0,0.9948,1.0
14,1.0,1.0,1.0,1.0,1.0,1.0
15,1.0,1.0,1.0,1.0,0.9948,1.0
16,1.0,1.0,1.0,1.0,0.9795,1.0
17,1.0,1.0,1.0,1.0,0.9558,1.0
18,1.0,1.0,1.0,1.0,0.926,1.0
19,1.0,1.0,1.0,1.0,0.8929,1.0
20,1.0,0.7,1.0,1.0,0.8929,1.0
21,1.0,0.7,1.0,1.0,0.8929,1.0
22,0.6,0.7,0.6,0.6,0.5357,0.6
23,0.6,0.7,0.6,0.6,0.5357,0.6
24,0.6,0.7,0.6,0.6,0.5357,0.6
25,0.6,0.7,0.6,0.6,0.5357,0.6
26,0.6,0.7,0.6,0.6,0.5357,0.6
27,0.6,0.7,0.6,0.6,0.5357,0.6
28,0.6,0.7,0.6,0.6,0.5357,0.6
29,0.6,0.7,0.6,0.6,0.5357,0.6
30,1.0,1.0,1.0,1.0,0.8929,1.0
31,1.0,1.0,1.0,1.0,0.8929,1.0
32,1.0,1.0,1.0,1.0,0.8929,1.0
33,1.0,1.0,1.0,1.0,0.8929,1.0
34,1.0,1.0,1.0,1.0,0.926,1.0
35,1.0,1.0,1.0,1.0,0.9558,1.0
36,1.0,1.0,1.0,1.0,0.9795,1.0
37,1.0,1.0,1.0,1.0,0.9948,1.0
38,1.0,1.0,1.0,1.0,1.0,1.0
39,1.0,1.0,1.0,1.0,0.9948,1.0
40,1.0,1.0,1.0,1.0,0.9795,1.0
41,1.0,1.0,1.0,1.0,0.9558,1.0
42,1.0,1.0,1.0,1.0,0.926,1.0
43,1.0,1.0,1.0,1.0,0.8929,1.0
44,1.0,0.7,1.0,1.0,0.8929,1.0
45,1.0,0.7,1.0,1.0,0.8929,1.0
46,0.6,0.7,0.6,0.6,0.5357,0.6
47,0.6,0.7,0.6,0.6,0.5357,0.6
48,0.6,0.7,0.6,0.6,0.5357,0.6
49,0.6,0.7,0.6,0.6,0.5357,0.6
50,0.6,0.7,0.6,0.6,0.5357,0.6
51,0.6,0.7,0.6,0.6,0.5357,0.6
52,0.6,0.7,0.6,0.6,0.5357,0.6
53,0.6,0.7,0.6,0.6,0.5357,0.6
54,1.0,1.0,1.0,1.0,0.8929,1.0
55,1.0,1.0,1.0,1.0,0.8929,1.0
56,1.0,1.0,1.0,1.0,0.8929,1.0
57,1.0,1.0,1.0,1.0,0.8929,1.0
58,1.0,1.0,1.0,1.0,0.926,1.0
59,1.0,1.0,1.0,1.0,0.9558,1.0
60,1.0,1.0,1.0,1.0,0.9795,1.0
61,1.0,1.0,1.0,1.0,0.9948,1.0
62,1.0,1.0,1.0,1.0,1.0,1.0
63,1.0,1.0,1.0,1.0,0.9948,1.0
64,1.0,1.0,1.0,1.0,0.9795,1.0
65,1.0,1.0,1.0,1.0,0.9558,1.0
66,1.0,1.0,1.0,1.0,0.926,1.0
67,1.0,1.0,1.0,1.0,0.8929,1.0
68,1.0,0.7,1.0,1.0,0.8929,1.0
69,1.0,0.7,1.0,1.0,0.8929,1.0
70,0.6,0.7,0.6,0.6,0.5357,0.6
71,0.6,0.7,0.6,0.6,0.5357,0.6
72,0.6,0.7,0.6,0.6,0.5357,0.6
73,0.6,0.7,0.6,0.6,0.5357,0.6
74,0.6,0.7,0.6,0.6,0.5357,0.6
75,0.6,0.7,0.6,0.6,0.5357,0.6
76,0.6,0.7,0.6,0.6,0.5357,0.6
77,0.6,0.7,0.6,0.6,0.5357,0.6
78,1.0,1.0,1.0,1.0,0.8929,1.0
79,1.0,1.0,1.0,1.0,0.8929,1.0
80,1.0,1.0,1.0,1.0,0.8929,1.0
81,1.0,1.0,1.0,1.0,0.8929,1.0
82,1.0,1.0,1.0,1.0,0.926,1.0
83,1.0,1.0,1.0,1.0,0.9558,1.0
84,1.0,1.0,1.0,1.0,0.9795,1.0
85,1.0,1.0,1.0,1.0,0.9948,1.0
86,1.0,1.0,1.0,1.0,1.0,1.0
87,1.0,1.0,1.0,1.0,0.9948,1.0
88,1.0,1.0,1.0,1.0,0.9795,1.0
89,1.0,1.0,1.0,1.0,0.9558,1.0
90,1.0,1.0,1.0,1.0,0.926,1.0
91,1.0,1.0,1.0,1.0,0.8929,1.0
92,1.0,0.7,1.0,1.0,0.8929,1.0
93,1.0,0.7,1.0,1.0,0.8929,1.0
94,0.6,0.7,0.6,0.6,0.5357,0.6
95,0.6,0.7,0.6,0.6,0.5357,0.6
96,0.6,0.7,0.6,0.6,0.5357,0.6
97,0.6,0.7,0.6,0.6,0.5357,0.6
98,0.6,0.7,0.6,0.6,0.5357,0.6
99,0.6,0.7,0.6,0.6,0.5357,0.6
100,0.6,0.7,0.6,0.6,0.5357,0.6
101,0.6,0.7,0.6,0.6,0.5357,0.6
102,1.0,1.0,1.0,1.0,0.8929,1.0
103,1.0,1.0,1.0,1.0,0.8929,1.0
104,1.0,1.0,1.0,1.0,0.8929,1.0
105,1.0,1.0,1.0,1.0,0.8929,1.0
106,1.0,1.0,1.0,1.0,0.926,1.0
107,1.0,1.0,1.0,1.0,0.9558,1.0
108,1.0,1.0,1.0,1.0,0.9795,1.0
109,1.0,1.0,1.0,1.0,0.9948,1.0
110,1.0,1.0,1.0,1.0,1.0,1.0
111,1.0,1.0,1.0,1.0,0.9948,1.0
112,1.0,1.0,1.0,1.0,0.9795,1.0
113,1.0,1.0,1.0,1.0,0.9558,1.0
114,1.0,1.0,1.0,1.0,0.926,1.0
115,1.0,1.0,1.0,1.0,0.8929,1.0
116,1.0,0.7,1.0,1.0,0.8929,1.0
117,1.0,0.7,1.0,1.0,0.8929,1.0
118,0.6,0.7,0.6,0.6,0.5357,0.6
119,0.6,0.7,0.6,0.6,0.5357,0.6
120,0.6,0.7,0.6,0.6,0.5357,0.6
121,0.6,0.7,0.6,0.6,0.5357,0.6
122,0.6,0.7,0.6,0.6,0.5357,0.6
123,0.6,0.7,0.6,0.6,0.5357,0.6
124,0.6,0.7,0.6,0.6,0.5357,0.6
125,0.6,0.7,0.6,0.6,0.5357,0.6
126,1.0,1.0,1.0,1.0,0.8929,1.0
127,1.0,1.0,1.0,1.0,0.8929,1.0
128,1.0,1.0,1.0,1.0,0.8929,1.0
129,1.0,1.0,1.0,1.0,0.8929,1.0
130,1.0,1.0,1.0,1.0,0.926,1.0
131,1.0,1.0,1.0,1.0,0.9558,1.0
132,1.0,1.0,1.0,1.0,0.9795,1.0
133,1.0,1.0,1.0,1.0,0.9948,1.0
134,1.0,1.0,1.0,1.0,1.0,1.0
135,1.0,1.0,1.0,1.0,0.9948,1.0
136,1.0,1.0,1.0,1.0,0.9795,1.0
137,1.0,1.0,1.0,1.0,0.9558,1.0
138,1.0,1.0,1.0,1.0,0.926,1.0
139,1.0,1.0,1.0,1.0,0.8929,1.0
140,1.0,0.7,1.0,1.0,0.8929,1.0
141,1.0,0.7,1.0,1.0,0.8929,1.0
142,0.6,0.7,0.6,0.6,0.5357,0.6
143,0.6,0.7,0.6,0.6,0.5357,0.6
144,0.6,0.7,0.6,0.6,0.5357,0.6
145,0.6,0.7,0.6,0.6,0.5357,0.6
146,0.6,0.7,0.6,0.6,0.5357,0.6
147,0.6,0.7,0.6,0.6,0.5357,0.6
148,0.6,0.7,0.6,0.6,0.5357,0.6
149,0.6,0.7,0.6,0.6,0.5357,0.6
150,1.0,1.0,1.0,1.0,0.8929,1.0
151,1.0,1.0,1.0,1.0,0.8929,1.0
152,1.0,1.0,1.0,1.0,0.8929,1.0
153,1.0,1.0,1.0,1.0,0.8929,1.0
154,1.0,1.0,1.0,1.0,0.926,1.0
155,1.0,1.0,1.0,1.0,0.9558,1.0
156,1.0,1.0,1.0,1.0,0.9795,1.0
157,1.0,1.0,1.0,1.0,0.9948,1.0
158,1.0,1.0,1.0,1.0,1.0,1.0
159,1.0,1.0,1.0,1.0,0.9948,1.0
160,1.0,1.0,1.0,1.0,0.9795,1.0
161,1.0,1.0,1.0,1.0,0.9558,1.0
162,1.0,1.0,1.0,1.0,0.926,1.0
163,1.0,1.0,1.0,1.0,0.8929,1.0
164,1.0,0.7,1.0,1.0,0.8929,1.0
165,1.0,0.7,1.0,1.0,0.8929,1.0
166,0.6,0.7,0.6,0.6,0.5357,0.6
167,0.6,0.7,0.6,0.6,0.5357,0.6
168,0.6,0.7,0.6,0.6,0.5357,0.6
169,0.6,0.7,0.6,0.6,0.5357,0.6
170,0.6,0.7,0.6,0.6,0.5357,0.6
171,0.6,0.7,0.6,0.6,0.5357,0.6
172,0.6,0.7,0.6,0.6,0.5357,0.6
173,0.6,0.7,0.6,0.6,0.5357,0.6
174,1.0,1.0,1.0,1.0,0.8929,1.0
175,1.0,1.0,1.0,1.0,0.8929,1.0
176,1.0,1.0,1.0,1.0,0.8929,1.0
177,1.0,1.0,1.0,1.0,0.8929,1.0
178,1.0,1.0,1.0,1.0,0.926,1.0
179,1.0,1.0,1.0,1.0,0.9558,1.0
180,1.0,1.0,1.0,1.0,0.9795,1.0
181,1.0,1.0,1.0,1.0,0.9948,1.0
182,1.0,1.0,1.0,1.0,1.0,1.0
183,1.0,1.0,1.0,1.0,0.9948,1.0
184,1.0,1.0,1.0,1.0,0.9795,1.0
185,1.0,1.0,1.0,1.0,0.9558,1.0
186,1.0,1.0,1.0,1.0,0.926,1.0
187,1.0,1.0,1.0,1.0,0.8929,1.0
188,1.0,0.7,1.0,1.0,0.8929,1.0
189,1.0,0.7,1.0,1.0,0.8929,1.0
190,0.6,0.7,0.6,0.6,0.5357,0.6
191,0.6,0.7,0.6,0.6,0.5357,0.6
192,0.6,0.7,0.6,0.6,0.5357,0.6
193,0.6,0.7,0.6,0.6,0.5357,0.6
194,0.6,0.7,0.6,0.6,0.5357,0.6
195,0.6,0.7,0.6,0.6,0.5357,0.6
196,0.6,0.7,0.6,0.6,0.5357,0.6
197,0.6,0.7,0.6,0.6,0.5357,0.6
198,1.0,1.0,1.0,1.0,0.8929,1.0
199,1.0,1.0,1.0,1.0,0.8929,1.0
200,1.0,1.0,1.0,1.0,0.8929,1.0
201,1.0,1.0,1.0,1.0,0.8929,1.0
202,1.0,1.0,1.0,1.0,0.926,1.0
203,1.0,1.0,1.0,1.0,0.9558,1.0
204,1.0,1.0,1.0,1.0,0.9795,1.0
205,1.0,1.0,1.0,1.0,0.9948,1.0
206,1.0,1.0,1.0,1.0,1.0,1.0
207,1.0,1.0,1.0,1.0,0.9948,1.0
208,1.0,1.0,1.0,1.0,0.9795,1.0
209,1.0,1.0,1.0,1.0,0.9558,1.0
210,1.0,1.0,1.0,1.0,0.926,1.0
211,1.0,1.0,1.0,1.0,0.8929,1.0
212,1.0,0.7,1.0,1.0,0.8929,1.0
213,1.0,0.7,1.0,1.0,0.8929,1.0
214,0.6,0.7,0.6,0.6,0.5357,0.6
215,0.6,0.7,0.6,0.6,0.5357,0.6
216,0.6,0.7,0.6,0.6,0.5357,0.6
217,0.6,0.7,0.6,0.6,0.5357,0.6
218,0.6,0.7,0.6,0.6,0.5357,0.6
219,0.6,0.7,0.6,0.6,0.5357,0.6
220,0.6,0.7,0.6,0.6,0.5357,0.6
221,0.6,0.7,0.6,0.6,0.5357,0.6
222,1.0,1.0,1.0,1.0,0.8929,1.0
223,1.0,1.0,1.0,1.0,0.8929,1.0
224,1.0,1.0,1.0,1.0,0.8929,1.0
225,1.0,1.0,1.0,1.0,0.8929,1.0
226,1.0,1.0,1.0,1.0,0.926,1.0
227,1.0,1.0,1.0,1.0,0.9558,1.0
228,1.0,1.0,1.0,1.0,0.9795,1.0
229,1.0,1.0,1.0,1.0,0.9948,1.0
230,1.0,1.0,1.0,1.0,1.0,1.0
231,1.0,1.0,1.0,1.0,0.9948,1.0
232,1.0,1.0,1.0,1.0,0.9795,1.0
233,1.0,1.0,1.0,1.0,0.9558,1.0
234,1.0,1.0,1.0,1.0,0.926,1.0
235,1.0,1.0,1.0,1.0,0.8929,1.0
236,1.0,0.7,1.0,1.0,0.8929,1.0
237,1.0,0.7,1.0,1.0,0.8929,1.0
238,0.6,0.7,0.6,0.6,0.5357,0.6
239,0.6,0.7,0.6,0.6,0.5357,0.6
240,0.6,0.7,0.6,0.6,0.5357,0.6
241,0.6,0.7,0.6,0.6,0.5357,0.6
242,0.6,0.7,0.6,0.6,0.5357,0.6
243,0.6,0.7,0.6,0.6,0.5357,0.6
244,0.6,0.7,0.6,0.6,0.5357,0.6
245,0.6,0.7,0.6,0.6,0.5357,0.6
246,1.0,1.0,1.0,1.0,0.8929,1.0
247,1.0,1.0,1.0,1.0,0.8929,1.0
248,1.0,1.0,1.0,1.0,0.8929,1.0
249,1.0,1.0,1.0,1.0,0.8929,1.0
250,1.0,1.0,1.0,1.0,0.926,1.0
251,1.0,1.0,1.0,1.0,0.9558,1.0
252,1.0,1.0,1.0,1.0,0.9795,1.0
253,1.0,1.0,1.0,1.0,0.9948,1.0
254,1.0,1.0,1.0,1.0,1.0,1.0
255,1.0,1.0,1.0,1.0,0.9948,1.0
256,1.0,1.0,1.0,1.0,0.9795,1.0
257,1.0,1.0,1.0,1.0,0.9558,1.0
258,1.0,1.0,1.0,1.0,0.926,1.0
259,1.0,1.0,1.0,1.0,0.8929,1.0
260,1.0,0.7,1.0,1.0,0.8929,1.0
261,1.0,0.7,1.0,1.0,0.8929,1.0
262,0.6,0.7,0.6,0.6,0.5357,0.6
263,0.6,0.7,0.6,0.6,0.5357,0.6
264,0.6,0.7,0.6,0.6,0.5357,0.6
265,0.6,0.7,0.6,0.6,0.5357,0.6
266,0.6,0.7,0.6,0.6,0.5357,0.6
267,0.6,0.7,0.6,0.6,0.5357,0.6
268,0.6,0.7,0.6,0.6,0.5357,0.6
269,0.6,0.7,0.6,0.6,0.5357,0.6
270,1.0,1.0,1.0,1.0,0.8929,1.0
271,1.0,1.0,1.0,1.0,0.8929,1.0
272,1.0,1.0,1.0,1.0,0.8929,1.0
273,1.0,1.0,1.0,1.0,0.8929,1.0
274,1.0,1.0,1.0,1.0,0.926,1.0
275,1.0,1.0,1.0,1.0,0.9558,1.0
276,1.0,1.0,1.0,1.0,0.9795,1.0
277,1.0,1.0,1.0,1.0,0.9948,1.0
278,1.0,1.0,1.0,1.0,1.0,1.0
279,1.0,1.0,1.0,1.0,0.9948,1.0
280,1.0,1.0,1.0,1.0,0.9795,1.0
281,1.0,1.0,1.0,1.0,0.9558,1.0
282,1.0,1.0,1.0,1.0,0.926,1.0
283,1.0,1.0,1.0,1.0,0.8929,1.0
284,1.0,0.7,1.0,1.0,0.8929,1.0
285,1.0,0.7,1.0,1.0,0.8929,1.0
286,0.6,0.7,0.6,0.6,0.5357,0.6
287,0.6,0.7,0.6,0.6,0.5357,0.6
288,0.6,0.7,0.6,0.6,0.5357,0.6
289,0.6,0.7,0.6,0.6,0.5357,0.6
290,0.6,0.7,0.6,0.6,0.5357,0.6
291,0.6,0.7,0.6,0.6,0.5357,0.6
292,0.6,0.7,0.6,0.6,0.5357,0.6
293,0.6,0.7,0.6,0.6,0.5357,0.6
294,1.0,1.0,1.0,1.0,0.8929,1.0
295,1.0,1.0,1.0,1.0,0.8929,1.0
296,1.0,1.0,1.0,1.0,0.8929,1.0
297,1.0,1.0,1.0,1.0,0.8929,1.0
298,1.0,1.0,1.0,1.0,0.926,1.0
299,1.0,1.0,1.0,1.0,0.9558,1.0
300,1.0,1.0,1.0,1.0,0.9795,1.0
301,1.0,1.0,1.0,1.0,0.9948,1.0
302,1.0,1.0,1.0,1.0,1.0,1.0
303,1.0,1.0,1.0,1.0,0.9948,1.0
304,1.0,1.0,1.0,1.0,0.9795,1.0
305,1.0,1.0,1.0,1.0,0.9558,1.0
306,1.0,1.0,1.0,1.0,0.926,1.0
307,1.0,1.0,1.0,1.0,0.8929,1.0
308,1.0,0.7,1.0,1.0,0.8929,1.0
309,1.0,0.7,1.0,1.0,0.8929,1.0
310,0.6,0.7,0.6,0.6,0.5357,0.6
311,0.6,0.7,0.6,0.6,0.5357,0.6
312,0.6,0.7,0.6,0.6,0.5357,0.6
313,0.6,0.7,0.6,0.6,0.5357,0.6
314,0.6,0.7,0.6,0.6,0.5357,0.6
315,0.6,0.7,0.6,0.6,0.5357,0.6
316,0.6,0.7,0.6,0.6,0.5357,0.6
317,0.6,0.7,0.6,0.6,0.5357,0.6
318,1.0,1.0,1.0,1.0,0.8929,1.0
319,1.0,1.0,1.0,1.0,0.8929,1.0
320,1.0,1.0,1.0,1.0,0.8929,1.0
321,1.0,1.0,1.0,1.0,0.8929,1.0
322,1.0,1.0,1.0,1.0,0.926,1.0
323,1.0,1.0,1.0,1.0,0.9558,1.0
324,1.0,1.0,1.0,1.0,0.9795,1.0
325,1.0,1.0,1.0,1.0,0.9948,1.0
326,1.0,1.0,1.0,1.0,1.0,1.0
327,1.0,1.0,1.0,1.0,0.9948,1.0
328,1.0,1.0,1.0,1.0,0.9795,1.0
329,1.0,1.0,1.0,1.0,0.9558,1.0
330,1.0,1.0,1.0,1.0,0.926,1.0
331,1.0,1.0,1.0,1.0,0.8929,1.0
332,1.0,0.7,1.0,1.0,0.8929,1.0
333,1.0,0.7,1.0,1.0,0.8929,1.0
334,0.6,0.7,0.6,0.6,0.5357,0.6
335,0.6,0.7,0.6,0.6,0.5357,0.6
336,0.6,0.7,0.6,0.6,0.5357,0.6
337,0.6,0.7,0.6,0.6,0.5357,0.6
338,0.6,0.7,0.6,0.6,0.5357,0.6
339,0.6,0.7,0.6,0.6,0.5357,0.6
340,0.6,0.7,0.6,0.6,0.5357,0.6
341,0.6,0.7,0.6,0.6,0.5357,0.6
342,1.0,1.0,1.0,1.0,0.8929,1.0
343,1.0,1.0,1.0,1.0,0.8929,1.0
344,1.0,1.0,1.0,1.0,0.8929,1.0
345,1.0,1.0,1.0,1.0,0.8929,1.0
346,1.0,1.0,1.0,1.0,0.926,1.0
347,1.0,1.0,1.0,1.0,0.9558,1.0
348,1.0,1.0,1.0,1.0,0.9795,1.0
349,1.0,1.0,1.0,1.0,0.9948,1.0
350,1.0,1.0,1.0,1.0,1.0,1.0
351,1.0,1.0,1.0,1.0,0.9948,1.0
352,1.0,1.0,1.0,1.0,0.9795,1.0
353,1.0,1.0,1.0,1.0,0.9558,1.0
354,1.0,1.0,1.0,1.0,0.926,1.0
355,1.0,1.0,1.0,1.0,0.8929,1.0
356,1.0,0.7,1.0,1.0,0.8929,1.0
357,1.0,0.7,1.0,1.0,0.8929,1.0
358,0.6,0.7,0.6,0.6,0.5357,0.6
359,0.6,0.7,0.6,0.6,0.5357,0.6
360,0.6,0.7,0.6,0.6,0.5357,0.6
361,0.6,0.7,0.6,0.6,0.5357,0.6
362,0.6,0.7,0.6,0.6,0.5357,0.6
363,0.6,0.7,0.6,0.6,0.5357,0.6
364,0.6,0.7,0.6,0.6,0.5357,0.6
365,0.6,0.7,0.6,0.6,0.5357,0.6
366,1.0,1.0,1.0,1.0,0.8929,1.0
367,1.0,1.0,1.0,1.0,0.8929,1.0
368,1.0,1.0,1.0,1.0,0.8929,1.0
369,1.0,1.0,1.0,1.0,0.8929,1.0
370,1.0,1.0,1.0,1.0,0.926,1.0
371,1.0,1.0,1.0,1.0,0.9558,1.0
372,1.0,1.0,1.0,1.0,0.9795,1.0
373,1.0,1.0,1.0,1.0,0.9948,1.0
374,1.0,1.0,1.0,1.0,1.0,1.0
375,1.0,1.0,1.0,1.0,0.9948,1.0
376,1.0,1.0,1.0,1.0,0.9795,1.0
377,1.0,1.0,1.0,1.0,0.9558,1.0
378,1.0,1.0,1.0,1.0,0.926,1.0
379,1.0,1.0,1.0,1.0,0.8929,1.0
380,1.0,0.7,1.0,1.0,0.8929,1.0
381,1.0,0.7,1.0,1.0,0.8929,1.0
382,0.6,0.7,0.6,0.6,0.5357,0.6
383,0.6,0.7,0.6,0.6,0.5357,0.6
384,0.6,0.7,0.6,0.6,0.5357,0.6
385,0.6,0.7,0.6,0.6,0.5357,0.6
386,0.6,0.7,0.6,0.6,0.5357,0.6
387,0.6,0.7,0.6,0.6,0.5357,0.6
388,0.6,0.7,0.6,0.6,0.5357,0.6
389,0.6,0.7,0.6,0.6,0.5357,0.6
390,1.0,1.0,1.0,1.0,0.8929,1.0
391,1.0,1.0,1.0,1.0,0.8929,1.0
392,1.0,1.0,1.0,1.0,0.8929,1.0
393,1.0,1.0,1.0,1.0,0.8929,1.0
394,1.0,1.0,1.0,1.0,0.926,1.0
395,1.0,1.0,1.0,1.0,0.9558,1.0
396,1.0,1.0,1.0,1.0,0.9795,1.0
397,1.0,1.0,1.0,1.0,0.9948,1.0
398,1.0,1.0,1.0,1.0,1.0,1.0
399,1.0,1.0,1.0,1.0,0.9948,1.0
400,1.0,1.0,1.0,1.0,0.9795,1.0
401,1.0,1.0,1.0,1.0,0.9558,1.0
402,1.0,1.0,1.0,1.0,0.926,1.0
403,1.0,1.0,1.0,1.0,0.8929,1.0
404,1.0,0.7,1.0,1.0,0.8929,1.0
405,1.0,0.7,1.0,1.0,0.8929,1.0
406,0.6,0.7,0.6,0.6,0.5357,0.6
407,0.6,0.7,0.6,0.6,0.5357,0.6
408,0.6,0.7,0.6,0.6,0.5357,0.6
409,0.6,0.7,0.6,0.6,0.5357,0.6
410,0.6,0.7,0.6,0.6,0.5357,0.6
411,0.6,0.7,0.6,0.6,0.5357,0.6
412,0.6,0.7,0.6,0.6,0.5357,0.6
413,0.6,0.7,0.6,0.6,0.5357,0.6
414,1.0,1.0,1.0,1.0,0.8929,1.0
415,1.0,1.0,1.0,1.0,0.8929,1.0
416,1.0,1.0,1.0,1.0,0.8929,1.0
417,1.0,1.0,1.0,1.0,0.8929,1.0
418,1.0,1.0,1.0,1.0,0.926,1.0
419,1.0,1.0,1.0,1.0,0.9558,1.0
420,1.0,1.0,1.0,1.0,0.9795,1.0
421,1.0,1.0,1.0,1.0,0.9948,1.0
422,1.0,1.0,1.0,1.0,1.0,1.0
423,1.0,1.0,1.0,1.0,0.9948,1.0
424,1.0,1.0,1.0,1.0,0.9795,1.0
425,1.0,1.0,1.0,1.0,0.9558,1.0
426,1.0,1.0,1.0,1.0,0.926,1.0
427,1.0,1.0,1.0,1.0,0.8929,1.0
428,1.0,0.7,1.0,1.0,0.8929,1.0
429,1.0,0.7,1.0,1.0,0.8929,1.0
430,0.6,0.7,0.6,0.6,0.5357,0.6
431,0.6,0.7,0.6,0.6,0.5357,0.6
432,0.6,0.7,0.6,0.6,0.5357,0.6
433,0.6,0.7,0.6,0.6,0.5357,0.6
434,0.6,0.7,0.6,0.6,0.5357,0.6
435,0.6,0.7,0.6,0.6,0.5357,0.6
436,0.6,0.7,0.6,0.6,0.5357,0.6
437,0.6,0.7,0.6,0.6,0.5357,0.6
438,1.0,1.0,1.0,1.0,0.8929,1.0
439,1.0,1.0,1.0,1.0,0.8929,1.0
440,1.0,1.0,1.0,1.0,0.8929,1.0
441,1.0,1.0,1.0,1.0,0.8929,1.0
442,1.0,1.0,1.0,1.0,0.926,1.0
443,1.0,1.0,1.0,1.0,0.9558,1.0
444,1.0,1.0,1.0,1.0,0.9795,1.0
445,1.0,1.0,1.0,1.0,0.9948,1.0
446,1.0,1.0,1.0,1.0,1.0,1.0
447,1.0,1.0,1.0,1.0,0.9948,1.0
448,1.0,1.0,1.0,1.0,0.9795,1.0
449,1.0,1.0,1.0,1.0,0.9558,1.0
450,1.0,1.0,1.0,1.0,0.926,1.0
451,1.0,1.0,1.0,1.0,0.8929,1.0
452,1.0,0.7,1.0,1.0,0.8929,1.0
453,1.0,0.7,1.0,1.0,0.8929,1.0
454,0.6,0.7,0.6,0.6,0.5357,0.6
455,0.6,0.7,0.6,0.6,0.5357,0.6
456,0.6,0.7,0.6,0.6,0.5357,0.6
457,0.6,0.7,0.6,0.6,0.5357,0.6
458,0.6,0.7,0.6,0.6,0.5357,0.6
459,0.6,0.7,0.6,0.6,0.5357,0.6
460,0.6,0.7,0.6,0.6,0.5357,0.6
461,0.6,0.7,0.6,0.6,0.5357,0.6
462,1.0,1.0,1.0,1.0,0.8929,1.0
463,1.0,1.0,1.0,1.0,0.8929,1.0
464,1.0,1.0,1.0,1.0,0.8929,1.0
465,1.0,1.0,1.0,1.0,0.8929,1.0
466,1.0,1.0,1.0,1.0,0.926,1.0
467,1.0,1.0,1.0,1.0,0.9558,1.0
468,1.0,1.0,1.0,1.0,0.9795,1.0
469,1.0,1.0,1.0,1.0,0.9948,1.0
470,1.0,1.0,1.0,1.0,1.0,1.0
471,1.0,1.0,1.0,1.0,0.9948,1.0
472,1.0,1.0,1.0,1.0,0.9795,1.0
473,1.0,1.0,1.0,1.0,0.9558,1.0
474,1.0,1.0,1.0,1.0,0.926,1.0
475,1.0,1.0,1.0,1.0,0.8929,1.0
476,1.0,0.7,1.0,1.0,0.8929,1.0
477,1.0,0.7,1.0,1.0,0.8929,1.0
478,0.6,0.7,0.6,0.6,0.5357,0.6
479,0.6,0.7,0.6,0.6,0.5357,0.6
480,0.6,0.7,0.6,0.6,0.5357,0.6
481,0.6,0.7,0.6,0.6,0.5357,0.6
482,0.6,0.7,0.6,0.6,0.5357,0.6
483,0.6,0.7,0.6,0.6,0.5357,0.6
484,0.6,0.7,0.6,0.6,0.5357,0.6
485,0.6,0.7,0.6,0.6,0.5357,0.6
486,1.0,1.0,1.0,1.0,0.8929,1.0
487,1.0,1.0,1.0,1.0,0.8929,1.0
488,1.0,1.0,1.0,1.0,0.8929,1.0
489,1.0,1.0,1.0,1.0,0.8929,1.0
490,1.0,1.0,1.0,1.0,0.926,1.0
491,1.0,1.0,1.0,1.0,0.9558,1.0
492,1.0,1.0,1.0,1.0,0.9795,1.0
493,1.0,1.0,1.0,1.0,0.9948,1.0
494,1.0,1.0,1.0,1.0,1.0,1.0
495,1.0,1.0,1.0,1.0,0.9948,1.0
496,1.0,1.0,1.0,1.0,0.9795,1.0
497,1.0,1.0,1.0,1.0,0.9558,1.0
498,1.0,1.0,1.0,1.0,0.926,1.0
499,1.0,1.0,1.0,1.0,0.8929,1.0
500,1.0,0.7,1.0,1.0,0.8929,1.0
501,1.0,0.7,1.0,1.0,0.8929,1.0
502,0.6,0.7,0.6,0.6,0.5357,0.6
503,0.6,0.7,0.6,0.6,0.5357,0.6
504,0.6,0.7,0.6,0.6,0.5357,0.6
505,0.6,0.7,0.6,0.6,0.5357,0.6
506,0.6,0.7,0.6,0.6,0.5357,0.6
507,0.6,0.7,0.6,0.6,0.5357,0.6
508,0.6,0.7,0.6,0.6,0.5357,0.6
509,0.6,0.7,0.6,0.6,0.5357,0.6
510,1.0,1.0,1.0,1.0,0.8929,1.0
511,1.0,1.0,1.0,1.0,0.8929,1.0
512,1.0,1.0,1.0,1.0,0.8929,1.0
513,1.0,1.0,1.0,1.0,0.8929,1.0
514,1.0,1.0,1.0,1.0,0.926,1.0
515,1.0,1.0,1.0,1.0,0.9558,1.0
516,1.0,1.0,1.0,1.0,0.9795,1.0
517,1.0,1.0,1.0,1.0,0.9948,1.0
518,1.0,1.0,1.0,1.0,1.0,1.0
519,1.0,1.0,1.0,1.0,0.9948,1.0
520,1.0,1.0,1.0,1.0,0.9795,1.0
521,1.0,1.0,1.0,1.0,0.9558,1.0
522,1.0,1.0,1.0,1.0,0.926,1.0
523,1.0,1.0,1.0,1.0,0.8929,1.0
524,1.0,0.7,1.0,1.0,0.8929,1.0
525,1.0,0.7,1.0,1.0,0.8929,1.0
526,0.6,0.7,0.6,0.6,0.5357,0.6
527,0.6,0.7,0.6,0.6,0.5357,0.6
528,0.6,0.7,0.6,0.6,0.5357,0.6
529,0.6,0.7,0.6,0.6,0.5357,0.6
530,0.6,0.7,0.6,0.6,0.5357,0.6
531,0.6,0.7,0.6,0.6,0.5357,0.6
532,0.6,0.7,0.6,0.6,0.5357,0.6
533,0.6,0.7,0.6,0.6,0.5357,0.6
534,1.0,1.0,1.0,1.0,0.8929,1.0
535,1.0,1.0,1.0,1.0,0.8929,1.0
536,1.0,1.0,1.0,1.0,0.8929,1.0
537,1.0,1.0,1.0,1.0,0.8929,1.0
538,1.0,1.0,1.0,1.0,0.926,1.0
539,1.0,1.0,1.0,1.0,0.9558,1.0
540,1.0,1.0,1.0,1.0,0.9795,1.0
541,1.0,1.0,1.0,1.0,0.9948,1.0
542,1.0,1.0,1.0,1.0,1.0,1.0
543,1.0,1.0,1.0,1.0,0.9948,1.0
544,1.0,1.0,1.0,1.0,0.9795,1.0
545,1.0,1.0,1.0,1.0,0.9558,1.0
546,1.0,1.0,1.0,1.0,0.926,1.0
547,1.0,1.0,1.0,1.0,0.8929,1.0
548,1.0,0.7,1.0,1.0,0.8929,1.0
549,1.0,0.7,1.0,1.0,0.8929,1.0
550,0.6,0.7,0.6,0.6,0.5357,0.6
551,0.6,0.7,0.6,0.6,0.5357,0.6
552,0.6,0.7,0.6,0.6,0.5357,0.6
553,0.6,0.7,0.6,0.6,0.5357,0.6
554,0.6,0.7,0.6,0.6,0.5357,0.6
555,0.6,0.7,0.6,0.6,0.5357,0.6
556,0.6,0.7,0.6,0.6,0.5357,0.6
557,0.6,0.7,0.6,0.6,0.5357,0.6
558,1.0,1.0,1.0,1.0,0.8929,1.0
559,1.0,1.0,1.0,1.0,0.8929,1.0
560,1.0,1.0,1.0,1.0,0.8929,1.0
561,1.0,1.0,1.0,1.0,0.8929,1.0
562,1.0,1.0,1.0,1.0,0.926,1.0
563,1.0,1.0,1.0,1.0,0.9558,1.0
564,1.0,1.0,1.0,1.0,0.9795,1.0
565,1.0,1.0,1.0,1.0,0.9948,1.0
566,1.0,1.0,1.0,1.0,1.0,1.0
567,1.0,1.0,1.0,1.0,0.9948,1.0
568,1.0,1.0,1.0,1.0,0.9795,1.0
569,1.0,1.0,1.0,1.0,0.9558,1.0
570,1.0,1.0,1.0,1.0,0.926,1.0
571,1.0,1.0,1.0,1.0,0.8929,1.0
572,1.0,0.7,1.0,1.0,0.8929,1.0
573,1.0,0.7,1.0,1.0,0.8929,1.0
574,0.6,0.7,0.6,0.6,0.5357,0.6
575,0.6,0.7,0.6,0.6,0.5357,0.6
576,0.6,0.7,0.6,0.6,0.5357,0.6
577,0.6,0.7,0.6,0.6,0.5357,0.6
578,0.6,0.7,0.6,0.6,0.5357,0.6
579,0.6,0.7,0.6,0.6,0.5357,0.6
580,0.6,0.7,0.6,0.6,0.5357,0.6
581,0.6,0.7,0.6,0.6,0.5357,0.6
582,1.0,1.0,1.0,1.0,0.8929,1.0
583,1.0,1.0,1.0,1.0,0.8929,1.0
584,1.0,1.0,1.0,1.0,0.8929,1.0
585,1.0,1.0,1.0,1.0,0.8929,1.0
586,1.0,1.0,1.0,1.0,0.926,1.0
587,1.0,1.0,1.0,1.0,0.9558,1.0
588,1.0,1.0,1.0,1.0,0.9795,1.0
589,1.0,1.0,1.0,1.0,0.9948,1.0
590,1.0,1.0,1.0,1.0,1.0,1.0
591,1.0,1.0,1.0,1.0,0.9948,1.0
592,1.0,1.0,1.0,1.0,0.9795,1.0
593,1.0,1.0,1.0,1.0,0.9558,1.0
594,1.0,1.0,1.0,1.0,0.926,1.0
595,1.0,1.0,1.0,1.0,0.8929,1.0
596,1.0,0.7,1.0,1.0,0.8929,1.0
597,1.0,0.7,1.0,1.0,0.8929,1.0
598,0.6,0.7,0.6,0.6,0.5357,0.6
599,0.6,0.7,0.6,0.6,0.5357,0.6
600,0.6,0.7,0.6,0.6,0.5357,0.6
601,0.6,0.7,0.6,0.6,0.5357,0.6
602,0.6,0.7,0.6,0.6,0.5357,0.6
603,0.6,0.7,0.6,0.6,0.5357,0.6
604,0.6,0.7,0.6,0.6,0.5357,0.6
605,0.6,0.7,0.6,0.6,0.5357,0.6
606,1.0,1.0,1.0,1.0,0.8929,1.0
607,1.0,1.0,1.0,1.0,0.8929,1.0
608,1.0,1.0,1.0,1.0,0.8929,1.0
609,1.0,1.0,1.0,1.0,0.8929,1.0
610,1.0,1.0,1.0,1.0,0.926,1.0
611,1.0,1.0,1.0,1.0,0.9558,1.0
612,1.0,1.0,1.0,1.0,0.9795,1.0
613,1.0,1.0,1.0,1.0,0.9948,1.0
614,1.0,1.0,1.0,1.0,1.0,1.0
615,1.0,1.0,1.0,1.0,0.9948,1.0
616,1.0,1.0,1.0,1.0,0.9795,1.0
617,1.0,1.0,1.0,1.0,0.9558,1.0
618,1.0,1.0,1.0,1.0,0.926,1.0
619,1.0,1.0,1.0,1.0,0.8929,1.0
620,1.0,0.7,1.0,1.0,0.8929,1.0
621,1.0,0.7,1.0,1.0,0.8929,1.0
622,0.6,0.7,0.6,0.6,0.5357,0.6
623,0.6,0.7,0.6,0.6,0.5357,0.6
624,0.6,0.7,0.6,0.6,0.5357,0.6
625,0.6,0.7,0.6,0.6,0.5357,0.6
626,0.6,0.7,0.6,0.6,0.5357,0.6
627,0.6,0.7,0.6,0.6,0.5357,0.6
628,0.6,0.7,0.6,0.6,0.5357,0.6
629,0.6,0.7,0.6,0.6,0.5357,0.6
630,1.0,1.0,1.0,1.0,0.8929,1.0
631,1.0,1.0,1.0,1.0,0.8929,1.0
632,1.0,1.0,1.0,1.0,0.8929,1.0
633,1.0,1.0,1.0,1.0,0.8929,1.0
634,1.0,1.0,1.0,1.0,0.926,1.0
635,1.0,1.0,1.0,1.0,0.9558,1.0
636,1.0,1.0,1.0,1.0,0.9795,1.0
637,1.0,1.0,1.0,1.0,0.9948,1.0
638,1.0,1.0,1.0,1.0,1.0,1.0
639,1.0,1.0,1.0,1.0,0.9948,1.0
640,1.0,1.0,1.0,1.0,0.9795,1.0
641,1.0,1.0,1.0,1.0,0.9558,1.0
642,1.0,1.0,1.0,1.0,0.926,1.0
643,1.0,1.0,1.0,1.0,0.8929,1.0
644,1.0,0.7,1.0,1.0,0.8929,1.0
645,1.0,0.7,1.0,1.0,0.8929,1.0
646,0.6,0.7,0.6,0.6,0.5357,0.6
647,0.6,0.7,0.6,0.6,0.5357,0.6
648,0.6,0.7,0.6,0.6,0.5357,0.6
649,0.6,0.7,0.6,0.6,0.5357,0.6
650,0.6,0.7,0.6,0.6,0.5357,0.6
651,0.6,0.7,0.6,0.6,0.5357,0.6
652,0.6,0.7,0.6,0.6,0.5357,0.6
653,0.6,0.7,0.6,0.6,0.5357,0.6
654,1.0,1.0,1.0,1.0,0.8929,1.0
655,1.0,1.0,1.0,1.0,0.8929,1.0
656,1.0,1.0,1.0,1.0,0.8929,1.0
657,1.0,1.0,1.0,1.0,0.8929,1.0
658,1.0,1.0,1.0,1.0,0.926,1.0
659,1.0,1.0,1.0,1.0,0.9558,1.0
660,1.0,1.0,1.0,1.0,0.9795,1.0
661,1.0,1.0,1.0,1.0,0.9948,1.0
662,1.0,1.0,1.0,1.0,1.0,1.0
663,1.0,1.0,1.0,1.0,0.9948,1.0
664,1.0,1.0,1.0,1.0,0.9795,1.0
665,1.0,1.0,1.0,1.0,0.9558,1.0
666,1.0,1.0,1.0,1.0,0.926,1.0
667,1.0,1.0,1.0,1.0,0.8929,1.0
668,1.0,0.7,1.0,1.0,0.8929,1.0
669,1.0,0.7,1.0,1.0,0.8929,1.0
670,0.6,0.7,0.6,0.6,0.5357,0.6
671,0.6,0.7,0.6,0.6,0.5357,0.6
672,0.6,0.7,0.6,0.6,0.5357,0.6
673,0.6,0.7,0.6,0.6,0.5357,0.6
674,0.6,0.7,0.6,0.6,0.5357,0.6
675,0.6,0.7,0.6,0.6,0.5357,0.6
676,0.6,0.7,0.6,0.6,0.5357,0.6
677,0.6,0.7,0.6,0.6,0.5357,0.6
678,1.0,1.0,1.0,1.0,0.8929,1.0
679,1.0,1.0,1.0,1.0,0.8929,1.0
680,1.0,1.0,1.0,1.0,0.8929,1.0
681,1.0,1.0,1.0,1.0,0.8929,1.0
682,1.0,1.0,1.0,1.0,0.926,1.0
683,1.0,1.0,1.0,1.0,0.9558,1.0
684,1.0,1.0,1.0,1.0,0.9795,1.0
685,1.0,1.0,1.0,1.0,0.9948,1.0
686,1.0,1.0,1.0,1.0,1.0,1.0
687,1.0,1.0,1.0,1.0,0.9948,1.0
688,1.0,1.0,1.0,1.0,0.9795,1.0
689,1.0,1.0,1.0,1.0,0.9558,1.0
690,1.0,1.0,1.0,1.0,0.926,1.0
691,1.0,1.0,1.0,1.0,0.8929,1.0
692,1.0,0.7,1.0,1.0,0.8929,1.0
693,1.0,0.7,1.0,1.0,0.8929,1.0
694,0.6,0.7,0.6,0.6,0.5357,0.6
695,0.6,0.7,0.6,0.6,0.5357,0.6
696,0.6,0.7,0.6,0.6,0.5357,0.6
697,0.6,0.7,0.6,0.6,0.5357,0.6
698,0.6,0.7,0.6,0.6,0.5357,0.6
699,0.6,0.7,0.6,0.6,0.5357,0.6
700,0.6,0.7,0.6,0.6,0.5357,0.6
701,0.6,0.7,0.6,0.6,0.5357,0.6
702,1.0,1.0,1.0,1.0,0.8929,1.0
703,1.0,1.0,1.0,1.0,0.8929,1.0
704,1.0,1.0,1.0,1.0,0.8929,1.0
705,1.0,1.0,1.0,1.0,0.8929,1.0
706,1.0,1.0,1.0,1.0,0.926,1.0
707,1.0,1.0,1.0,1.0,0.9558,1.0
708,1.0,1.0,1.0,1.0,0.9795,1.0
709,1.0,1.0,1.0,1.0,0.9948,1.0
710,1.0,1.0,1.0,1.0,1.0,1.0
711,1.0,1.0,1.0,1.0,0.9948,1.0
712,1.0,1.0,1.0,1.0,0.9795,1.0
713,1.0,1.0,1.0,1.0,0.9558,1.0
714,1.0,1.0,1.0,1.0,0.926,1.0
715,1.0,1.0,1.0,1.0,0.8929,1.0
716,1.0,0.7,1.0,1.0,0.8929,1.0
717,1.0,0.7,1.0,1.0,0.8929,1.0
718,0.6,0.7,0.6,0.6,0.5357,0.6
719,0.6,0.7,0.6,0.6,0.5357,0.6
720,0.6,0.7,0.6,0.6,0.5357,0.6
721,0.6,0.7,0.6,0.6,0.5357,0.6
722,0.6,0.7,0.6,0.6,0.5357,0.6
723,0.6,0.7,0.6,0.6,0.5357,0.6
724,0.6,0.7,0.6,0.6,0.5357,0.6
725,0.6,0.7,0.6,0.6,0.5357,0.6
726,1.0,1.0,1.0,1.0,0.8929,1.0
727,1.0,1.0,1.0,1.0,0.8929,1.0
728,1.0,1.0,1.0,1.0,0.8929,1.0
729,1.0,1.0,1.0,1.0,0.8929,1.0
730,1.0,1.0,1.0,1.0,0.926,1.0
731,1.0,1.0,1.0,1.0,0.9558,1.0
732,1.0,1.0,1.0,1.0,0.9795,1.0
733,1.0,1.0,1.0,1.0,0.9948,1.0
734,1.0,1.0,1.0,1.0,1.0,1.0
735,1.0,1.0,1.0,1.0,0.9948,1.0
736,1.0,1.0,1.0,1.0,0.9795,1.0
737,1.0,1.0,1.0,1.0,0.9558,1.0
738,1.0,1.0,1.0,1.0,0.926,1.0
739,1.0,1.0,1.0,1.0,0.8929,1.0
740,1.0,0.7,1.0,1.0,0.8929,1.0
741,1.0,0.7,1.0,1.0,0.8929,1.0
742,0.6,0.7,0.6,0.6,0.5357,0.6
743,0.6,0.7,0.6,0.6,0.5357,0.6
744,0.6,0.7,0.6,0.6,0.5357,0.6
745,0.6,0.7,0.6,0.6,0.5357,0.6
746,0.6,0.7,0.6,0.6,0.5357,0.6
747,0.6,0.7,0.6,0.6,0.5357,0.6
748,0.6,0.7,0.6,0.6,0.5357,0.6
749,0.6,0.7,0.6,0.6,0.5357,0.6
750,1.0,1.0,1.0,1.0,0.8929,1.0
751,1.0,1.0,1.0,1.0,0.8929,1.0
752,1.0,1.0,1.0,1.0,0.8929,1.0
753,1.0,1.0,1.0,1.0,0.8929,1.0
754,1.0,1.0,1.0,1.0,0.926,1.0
755,1.0,1.0,1.0,1.0,0.9558,1.0
756,1.0,1.0,1.0,1.0,0.9795,1.0
757,1.0,1.0,1.0,1.0,0.9948,1.0
758,1.0,1.0,1.0,1.0,1.0,1.0
759,1.0,1.0,1.0,1.0,0.9948,1.0
760,1.0,1.0,1.0,1.0,0.9795,1.0
761,1.0,1.0,1.0,1.0,0.9558,1.0
762,1.0,1.0,1.0,1.0,0.926,1.0
763,1.0,1.0,1.0,1.0,0.8929,1.0
764,1.0,0.7,1.0,1.0,0.8929,1.0
765,1.0,0.7,1.0,1.0,0.8929,1.0
766,0.6,0.7,0.6,0.6,0.5357,0.6
767,0.6,0.7,0.6,0.6,0.5357,0.6
768,0.6,0.7,0.6,0.6,0.5357,0.6
769,0.6,0.7,0.6,0.6,0.5357,0.6
770,0.6,0.7,0.6,0.6,0.5357,0.6
771,0.6,0.7,0.6,0.6,0.5357,0.6
772,0.6,0.7,0.6,0.6,0.5357,0.6
773,0.6,0.7,0.6,0.6,0.5357,0.6
774,1.0,1.0,1.0,1.0,0.8929,1.0
775,1.0,1.0,1.0,1.0,0.8929,1.0
776,1.0,1.0,1.0,1.0,0.8929,1.0
777,1.0,1.0,1.0,1.0,0.8929,1.0
778,1.0,1.0,1.0,1.0,0.926,1.0
779,1.0,1.0,1.0,1.0,0.9558,1.0
780,1.0,1.0,1.0,1.0,0.9795,1.0
781,1.0,1.0,1.0,1.0,0.9948,1.0
782,1.0,1.0,1.0,1.0,1.0,1.0
783,1.0,1.0,1.0,1.0,0.9948,1.0
784,1.0,1.0,1.0,1.0,0.9795,1.0
785,1.0,1.0,1.0,1.0,0.9558,1.0
786,1.0,1.0,1.0,1.0,0.926,1.0
787,1.0,1.0,1.0,1.0,0.8929,1.0
788,1.0,0.7,1.0,1.0,0.8929,1.0
789,1.0,0.7,1.0,1.0,0.8929,1.0
790,0.6,0.7,0.6,0.6,0.5357,0.6
791,0.6,0.7,0.6,0.6,0.5357,0.6
792,0.6,0.7,0.6,0.6,0.5357,0.6
793,0.6,0.7,0.6,0.6,0.5357,0.6
794,0.6,0.7,0.6,0.6,0.5357,0.6
795,0.6,0.7,0.6,0.6,0.5357,0.6
796,0.6,0.7,0.6,0.6,0.5357,0.6
797,0.6,0.7,0.6,0.6,0.5357,0.6
798,1.0,1.0,1.0,1.0,0.8929,1.0
799,1.0,1.0,1.0,1.0,0.8929,1.0
800,1.0,1.0,1.0,1.0,0.8929,1.0
801,1.0,1.0,1.0,1.0,0.8929,1.0
802,1.0,1.0,1.0,1.0,0.926,1.0
803,1.0,1.0,1.0,1.0,0.9558,1.0
804,1.0,1.0,1.0,1.0,0.9795,1.0
805,1.0,1.0,1.0,1.0,0.9948,1.0
806,1.0,1.0,1.0,1.0,1.0,1.0
807,1.0,1.0,1.0,1.0,0.9948,1.0
808,1.0,1.0,1.0,1.0,0.9795,1.0
809,1.0,1.0,1.0,1.0,0.9558,1.0
810,1.0,1.0,1.0,1.0,0.926,1.0
811,1.0,1.0,1.0,1.0,0.8929,1.0
812,1.0,0.7,1.0,1.0,0.8929,1.0
813,1.0,0.7,1.0,1.0,0.8929,1.0
814,0.6,0.7,0.6,0.6,0.5357,0.6
815,0.6,0.7,0.6,0.6,0.5357,0.6
816,0.6,0.7,0.6,0.6,0.5357,0.6
817,0.6,0.7,0.6,0.6,0.5357,0.6
818,0.6,0.7,0.6,0.6,0.5357,0.6
819,0.6,0.7,0.6,0.6,0.5357,0.6
820,0.6,0.7,0.6,0.6,0.5357,0.6
821,0.6,0.7,0.6,0.6,0.5357,0.6
822,1.0,1.0,1.0,1.0,0.8929,1.0
823,1.0,1.0,1.0,1.0,0.8929,1.0
824,1.0,1.0,1.0,1.0,0.8929,1.0
825,1.0,1.0,1.0,1.0,0.8929,1.0
826,1.0,1.0,1.0,1.0,0.926,1.0
827,1.0,1.0,1.0,1.0,0.9558,1.0
828,1.0,1.0,1.0,1.0,0.9795,1.0
829,1.0,1.0,1.0,1.0,0.9948,1.0
830,1.0,1.0,1.0,1.0,1.0,1.0
831,1.0,1.0,1.0,1.0,0.9948,1.0
832,1.0,1.0,1.0,1.0,0.9795,1.0
833,1.0,1.0,1.0,1.0,0.9558,1.0
834,1.0,1.0,1.0,1.0,0.926,1.0
835,1.0,1.0,1.0,1.0,0.8929,1.0
836,1.0,0.7,1.0,1.0,0.8929,1.0
837,1.0,0.7,1.0,1.0,0.8929,1.0
838,0.6,0.7,0.6,0.6,0.5357,0.6
839,0.6,0.7,0.6,0.6,0.5357,0.6
840,0.6,0.7,0.6,0.6,0.5357,0.6
841,0.6,0.7,0.6,0.6,0.5357,0.6
842,0.6,0.7,0.6,0.6,0.5357,0.6
843,0.6,0.7,0.6,0.6,0.5357,0.6
844,0.6,0.7,0.6,0.6,0.5357,0.6
845,0.6,0.7,0.6,0.6,0.5357,0.6
846,1.0,1.0,1.0,1.0,0.8929,1.0
847,1.0,1.0,1.0,1.0,0.8929,1.0
848,1.0,1.0,1.0,1.0,0.8929,1.0
849,1.0,1.0,1.0,1.0,0.8929,1.0
850,1.0,1.0,1.0,1.0,0.926,1.0
851,1.0,1.0,1.0,1.0,0.9558,1.0
852,1.0,1.0,1.0,1.0,0.9795,1.0
853,1.0,1.0,1.0,1.0,0.9948,1.0
854,1.0,1.0,1.0,1.0,1.0,1.0
855,1.0,1.0,1.0,1.0,0.9948,1.0
856,1.0,1.0,1.0,1.0,0.9795,1.0
857,1.0,1.0,1.0,1.0,0.9558,1.0
858,1.0,1.0,1.0,1.0,0.926,1.0
859,1.0,1.0,1.0,1.0,0.8929,1.0
860,1.0,0.7,1.0,1.0,0.8929,1.0
861,1.0,0.7,1.0,1.0,0.8929,1.0
862,0.6,0.7,0.6,0.6,0.5357,0.6
863,0.6,0.7,0.6,0.6,0.5357,0.6
864,0.6,0.7,0.6,0.6,0.5357,0.6
865,0.6,0.7,0.6,0.6,0.5357,0.6
866,0.6,0.7,0.6,0.6,0.5357,0.6
867,0.6,0.7,0.6,0.6,0.5357,0.6
868,0.6,0.7,0.6,0.6,0.5357,0.6
869,0.6,0.7,0.6,0.6,0.5357,0.6
870,1.0,1.0,1.0,1.0,0.8929,1.0
871,1.0,1.0,1.0,1.0,0.8929,1.0
872,1.0,1.0,1.0,1.0,0.8929,1.0
873,1.0,1.0,1.0,1.0,0.8929,1.0
874,1.0,1.0,1.0,1.0,0.926,1.0
875,1.0,1.0,1.0,1.0,0.9558,1.0
876,1.0,1.0,1.0,1.0,0.9795,1.0
877,1.0,1.0,1.0,1.0,0.9948,1.0
878,1.0,1.0,1.0,1.0,1.0,1.0
879,1.0,1.0,1.0,1.0,0.9948,1.0
880,1.0,1.0,1.0,1.0,0.9795,1.0
881,1.0,1.0,1.0,1.0,0.9558,1.0
882,1.0,1.0,1.0,1.0,0.926,1.0
883,1.0,1.0,1.0,1.0,0.8929,1.0
884,1.0,0.7,1.0,1.0,0.8929,1.0
885,1.0,0.7,1.0,1.0,0.8929,1.0
886,0.6,0.7,0.6,0.6,0.5357,0.6
887,0.6,0.7,0.6,0.6,0.5357,0.6
888,0.6,0.7,0.6,0.6,0.5357,0.6
889,0.6,0.7,0.6,0.6,0.5357,0.6
890,0.6,0.7,0.6,0.6,0.5357,0.6
891,0.6,0.7,0.6,0.6,0.5357,0.6
892,0.6,0.7,0.6,0.6,0.5357,0.6
893,0.6,0.7,0.6,0.6,0.5357,0.6
894,1.0,1.0,1.0,1.0,0.8929,1.0
895,1.0,1.0,1.0,1.0,0.8929,1.0
896,1.0,1.0,1.0,1.0,0.8929,1.0
897,1.0,1.0,1.0,1.0,0.8929,1.0
898,1.0,1.0,1.0,1.0,0.926,1.0
899,1.0,1.0,1.0,1.0,0.9558,1.0
900,1.0,1.0,1.0,1.0,0.9795,1.0
901,1.0,1.0,1.0,1.0,0.9948,1.0
902,1.0,1.0,1.0,1.0,1.0,1.0
903,1.0,1.0,1.0,1.0,0.9948,1.0
904,1.0,1.0,1.0,1.0,0.9795,1.0
905,1.0,1.0,1.0,1.0,0.9558,1.0
906,1.0,1.0,1.0,1.0,0.926,1.0
907,1.0,1.0,1.0,1.0,0.8929,1.0
908,1.0,0.7,1.0,1.0,0.8929,1.0
909,1.0,0.7,1.0,1.0,0.8929,1.0
910,0.6,0.7,0.6,0.6,0.5357,0.6
911,0.6,0.7,0.6,0.6,0.5357,0.6
912,0.6,0.7,0.6,0.6,0.5357,0.6
913,0.6,0.7,0.6,0.6,0.5357,0.6
914,0.6,0.7,0.6,0.6,0.5357,0.6
915,0.6,0.7,0.6,0.6,0.5357,0.6
916,0.6,0.7,0.6,0.6,0.5357,0.6
917,0.6,0.7,0.6,0.6,0.5357,0.6
918,1.0,1.0,1.0,1.0,0.8929,1.0
919,1.0,1.0,1.0,1.0,0.8929,1.0
920,1.0,1.0,1.0,1.0,0.8929,1.0
921,1.0,1.0,1.0,1.0,0.8929,1.0
922,1.0,1.0,1.0,1.0,0.926,1.0
923,1.0,1.0,1.0,1.0,0.9558,1.0
924,1.0,1.0,1.0,1.0,0.9795,1.0
925,1.0,1.0,1.0,1.0,0.9948,1.0
926,1.0,1.0,1.0,1.0,1.0,1.0
927,1.0,1.0,1.0,1.0,0.9948,1.0
928,1.0,1.0,1.0,1.0,0.9795,1.0
929,1.0,1.0,1.0,1.0,0.9558,1.0
930,1.0,1.0,1.0,1.0,0.926,1.0
931,1.0,1.0,1.0,1.0,0.8929,1.0
932,1.0,0.7,1.0,1.0,0.8929,1.0
933,1.0,0.7,1.0,1.0,0.8929,1.0
934,0.6,0.7,0.6,0.6,0.5357,0.6
935,0.6,0.7,0.6,0.6,0.5357,0.6
936,0.6,0.7,0.6,0.6,0.5357,0.6
937,0.6,0.7,0.6,0.6,0.5357,0.6
938,0.6,0.7,0.6,0.6,0.5357,0.6
939,0.6,0.7,0.6,0.6,0.5357,0.6
940,0.6,0.7,0.6,0.6,0.5357,0.6
941,0.6,0.7,0.6,0.6,0.5357,0.6
942,1.0,1.0,1.0,1.0,0.8929,1.0
943,1.0,1.0,1.0,1.0,0.8929,1.0
944,1.0,1.0,1.0,1.0,0.8929,1.0
945,1.0,1.0,1.0,1.0,0.8929,1.0
946,1.0,1.0,1.0,1.0,0.926,1.0
947,1.0,1.0,1.0,1.0,0.9558,1.0
948,1.0,1.0,1.0,1.0,0.9795,1.0
949,1.0,1.0,1.0,1.0,0.9948,1.0
950,1.0,1.0,1.0,1.0,1.0,1.0
951,1.0,1.0,1.0,1.0,0.9948,1.0
952,1.0,1.0,1.0,1.0,0.9795,1.0
953,1.0,1.0,1.0,1.0,0.9558,1.0
954,1.0,1.0,1.0,1.0,0.926,1.0
955,1.0,1.0,1.0,1.0,0.8929,1.0
956,1.0,0.7,1.0,1.0,0.8929,1.0
957,1.0,0.7,1.0,1.0,0.8929,1.0
958,0.6,0.7,0.6,0.6,0.5357,0.6
959,0.6,0.7,0.6,0.6,0.5357,0.6
960,0.6,0.7,0.6,0.6,0.5357,0.6
961,0.6,0.7,0.6,0.6,0.5357,0.6
962,0.6,0.7,0.6,0.6,0.5357,0.6
963,0.6,0.7,0.6,0.6,0.5357,0.6
964,0.6,0.7,0.6,0.6,0.5357,0.6
965,0.6,0.7,0.6,0.6,0.5357,0.6
966,1.0,1.0,1.0,1.0,0.8929,1.0
967,1.0,1.0,1.0,1.0,0.8929,1.0
968,1.0,1.0,1.0,1.0,0.8929,1.0
969,1.0,1.0,1.0,1.0,0.8929,1.0
970,1.0,1.0,1.0,1.0,0.926,1.0
971,1.0,1.0,1.0,1.0,0.9558,1.0
972,1.0,1.0,1.0,1.0,0.9795,1.0
973,1.0,1.0,1.0,1.0,0.9948,1.0
974,1.0,1.0,1.0,1.0,1.0,1.0
975,1.0,1.0,1.0,1.0,0.9948,1.0
976,1.0,1.0,1.0,1.0,0.9795,1.0
977,1.0,1.0,1.0,1.0,0.9558,1.0
978,1.0,1.0,1.0,1.0,0.926,1.0
979,1.0,1.0,1.0,1.0,0.8929,1.0
980,1.0,0.7,1.0,1.0,0.8929,1.0
981,1.0,0.7,1.0,1.0,0.8929,1.0
982,0.6,0.7,0.6,0.6,0.5357,0.6
983,0.6,0.7,0.6,0.6,0.5357,0.6
984,0.6,0.7,0.6,0.6,0.5357,0.6
985,0.6,0.7,0.6,0.6,0.5357,0.6
986,0.6,0.7,0.6,0.6,0.5357,0.6
987,0.6,0.7,0.6,0.6,0.5357,0.6
988,0.6,0.7,0.6,0.6,0.5357,0.6
989,0.6,0.7,0.6,0.6,0.5357,0.6
990,1.0,1.0,1.0,1.0,0.8929,1.0
991,1.0,1.0,1.0,1.0,0.8929,1.0
992,1.0,1.0,1.0,1.0,0.8929,1.0
993,1.0,1.0,1.0,1.0,0.8929,1.0
994,1.0,1.0,1.0,1.0,0.926,1.0
995,1.0,1.0,1.0,1.0,0.9558,1.0
996,1.0,1.0,1.0,1.0,0.9795,1.0
997,1.0,1.0,1.0,1.0,0.9948,1.0
998,1.0,1.0,1.0,1.0,1.0,1.0
999,1.0,1.0,1.0,1.0,0.9948,1.0
1000,1.0,1.0,1.0,1.0,0.9795,1.0
1001,1.0,1.0,1.0,1.0,0.9558,1.0
1002,1.0,1.0,1.0,1.0,0.926,1.0
1003,1.0,1.0,1.0,1.0,0.8929,1.0
1004,1.0,0.7,1.0,1.0,0.8929,1.0
1005,1.0,0.7,1.0,1.0,0.8929,1.0
1006,0.6,0.7,0.6,0.6,0.5357,0.6
1007,0.6,0.7,0.6,0.6,0.5357,0.6
1008,0.6,0.7,0.6,0.6,0.5357,0.6
1009,0.6,0.7,0.6,0.6,0.5357,0.6
1010,0.6,0.7,0.6,0.6,0.5357,0.6
1011,0.6,0.7,0.6,0.6,0.5357,0.6
1012,0.6,0.7,0.6,0.6,0.5357,0.6
1013,0.6,0.7,0.6,0.6,0.5357,0.6
1014,1.0,1.0,1.0,1.0,0.8929,1.0
1015,1.0,1.0,1.0,1.0,0.8929,1.0
1016,1.0,1.0,1.0,1.0,0.8929,1.0
1017,1.0,1.0,1.0,1.0,0.8929,1.0
1018,1.0,1.0,1.0,1.0,0.926,1.0
1019,1.0,1.0,1.0,1.0,0.9558,1.0
1020,1.0,1.0,1.0,1.0,0.9795,1.0
1021,1.0,1.0,1.0,1.0,0.9948,1.0
1022,1.0,1.0,1.0,1.0,1.0,1.0
1023,1.0,1.0,1.0,1.0,0.9948,1.0
1024,1.0,1.0,1.0,1.0,0.9795,1.0
1025,1.0,1.0,1.0,1.0,0.9558,1.0
1026,1.0,1.0,1.0,1.0,0.926,1.0
1027,1.0,1.0,1.0,1.0,0.8929,1.0
1028,1.0,0.7,1.0,1.0,0.8929,1.0
1029,1.0,0.7,1.0,1.0,0.8929,1.0
1030,0.6,0.7,0.6,0.6,0.5357,0.6
1031,0.6,0.7,0.6,0.6,0.5357,0.6
1032,0.6,0.7,0.6,0.6,0.5357,0.6
1033,0.6,0.7,0.6,0.6,0.5357,0.6
1034,0.6,0.7,0.6,0.6,0.5357,0.6
1035,0.6,0.7,0.6,0.6,0.5357,0.6
1036,0.6,0.7,0.6,0.6,0.5357,0.6
1037,0.6,0.7,0.6,0.6,0.5357,0.6
1038,1.0,1.0,1.0,1.0,0.8929,1.0
1039,1.0,1.0,1.0,1.0,0.8929,1.0
1040,1.0,1.0,1.0,1.0,0.8929,1.0
1041,1.0,1.0,1.0,1.0,0.8929,1.0
1042,1.0,1.0,1.0,1.0,0.926,1.0
1043,1.0,1.0,1.0,1.0,0.9558,1.0
1044,1.0,1.0,1.0,1.0,0.9795,1.0
1045,1.0,1.0,1.0,1.0,0.9948,1.0
1046,1.0,1.0,1.0,1.0,1.0,1.0
1047,1.0,1.0,1.0,1.0,0.9948,1.0
1048,1.0,1.0,1.0,1.0,0.9795,1.0
1049,1.0,1.0,1.0,1.0,0.9558,1.0
1050,1.0,1.0,1.0,1.0,0.926,1.0
1051,1.0,1.0,1.0,1.0,0.8929,1.0
1052,1.0,0.7,1.0,1.0,0.8929,1.0
1053,1.0,0.7,1.0,1.0,0.8929,1.0
1054,0.6,0.7,0.6,0.6,0.5357,0.6
1055,0.6,0.7,0.6,0.6,0.5357,0.6
1056,0.6,0.7,0.6,0.6,0.5357,0.6
1057,0.6,0.7,0.6,0.6,0.5357,0.6
1058,0.6,0.7,0.6,0.6,0.5357,0.6
1059,0.6,0.7,0.6,0.6,0.5357,0.6
1060,0.6,0.7,0.6,0.6,0.5357,0.6
1061,0.6,0.7,0.6,0.6,0.5357,0.6
1062,1.0,1.0,1.0,1.0,0.8929,1.0
1063,1.0,1.0,1.0,1.0,0.8929,1.0
1064,1.0,1.0,1.0,1.0,0.8929,1.0
1065,1.0,1.0,1.0,1.0,0.8929,1.0
1066,1.0,1.0,1.0,1.0,0.926,1.0
1067,1.0,1.0,1.0,1.0,0.9558,1.0
1068,1.0,1.0,1.0,1.0,0.9795,1.0
1069,1.0,1.0,1.0,1.0,0.9948,1.0
1070,1.0,1.0,1.0,1.0,1.0,1.0
1071,1.0,1.0,1.0,1.0,0.9948,1.0
1072,1.0,1.0,1.0,1.0,0.9795,1.0
1073,1.0,1.0,1.0,1.0,0.9558,1.0
1074,1.0,1.0,1.0,1.0,0.926,1.0
1075,1.0,1.0,1.0,1.0,0.8929,1.0
1076,1.0,0.7,1.0,1.0,0.8929,1.0
1077,1.0,0.7,1.0,1.0,0.8929,1.0
1078,0.6,0.7,0.6,0.6,0.5357,0.6
1079,0.6,0.7,0.6,0.6,0.5357,0.6
1080,0.6,0.7,0.6,0.6,0.5357,0.6
1081,0.6,0.7,0.6,0.6,0.5357,0.6
1082,0.6,0.7,0.6,0.6,0.5357,0.6
1083,0.6,0.7,0.6,0.6,0.5357,0.6
1084,0.6,0.7,0.6,0.6,0.5357,0.6
1085,0.6,0.7,0.6,0.6,0.5357,0.6
1086,1.0,1.0,1.0,1.0,0.8929,1.0
1087,1.0,1.0,1.0,1.0,0.8929,1.0
1088,1.0,1.0,1.0,1.0,0.8929,1.0
1089,1.0,1.0,1.0,1.0,0.8929,1.0
1090,1.0,1.0,1.0,1.0,0.926,1.0
1091,1.0,1.0,1.0,1.0,0.9558,1.0
1092,1.0,1.0,1.0,1.0,0.9795,1.0
1093,1.0,1.0,1.0,1.0,0.9948,1.0
1094,1.0,1.0,1.0,1.0,1.0,1.0
1095,1.0,1.0,1.0,1.0,0.9948,1.0
1096,1.0,1.0,1.0,1.0,0.9795,1.0
1097,1.0,1.0,1.0,1.0,0.9558,1.0
1098,1.0,1.0,1.0,1.0,0.926,1.0
1099,1.0,1.0,1.0,1.0,0.8929,1.0
1100,1.0,0.7,1.0,1.0,0.8929,1.0
1101,1.0,0.7,1.0,1.0,0.8929,1.0
1102,0.6,0.7,0.6,0.6,0.5357,0.6
1103,0.6,0.7,0.6,0.6,0.5357,0.6
1104,0.6,0.7,0.6,0.6,0.5357,0.6
1105,0.6,0.7,0.6,0.6,0.5357,0.6
1106,0.6,0.7,0.6,0.6,0.5357,0.6
1107,0.6,0.7,0.6,0.6,0.5357,0.6
1108,0.6,0.7,0.6,0.6,0.5357,0.6
1109,0.6,0.7,0.6,0.6,0.5357,0.6
1110,1.0,1.0,1.0,1.0,0.8929,1.0
1111,1.0,1.0,1.0,1.0,0.8929,1.0
1112,1.0,1.0,1.0,1.0,0.8929,1.0
1113,1.0,1.0,1.0,1.0,0.8929,1.0
1114,1.0,1.0,1.0,1.0,0.926,1.0
1115,1.0,1.0,1.0,1.0,0.9558,1.0
1116,1.0,1.0,1.0,1.0,0.9795,1.0
1117,1.0,1.0,1.0,1.0,0.9948,1.0
1118,1.0,1.0,1.0,1.0,1.0,1.0
1119,1.0,1.0,1.0,1.0,0.9948,1.0
1120,1.0,1.0,1.0,1.0,0.9795,1.0
1121,1.0,1.0,1.0,1.0,0.9558,1.0
1122,1.0,1.0,1.0,1.0,0.926,1.0
1123,1.0,1.0,1.0,1.0,0.8929,1.0
1124,1.0,0.7,1.0,1.0,0.8929,1.0
1125,1.0,0.7,1.0,1.0,0.8929,1.0
1126,0.6,0.7,0.6,0.6,0.5357,0.6
1127,0.6,0.7,0.6,0.6,0.5357,0.6
1128,0.6,0.7,0.6,0.6,0.5357,0.6
1129,0.6,0.7,0.6,0.6,0.5357,0.6
1130,0.6,0.7,0.6,0.6,0.5357,0.6
1131,0.6,0.7,0.6,0.6,0.5357,0.6
1132,0.6,0.7,0.6,0.6,0.5357,0.6
1133,0.6,0.7,0.6,0.6,0.5357,0.6
1134,1.0,1.0,1.0,1.0,0.8929,1.0
1135,1.0,1.0,1.0,1.0,0.8929,1.0
1136,1.0,1.0,1.0,1.0,0.8929,1.0
1137,1.0,1.0,1.0,1.0,0.8929,1.0
1138,1.0,1.0,1.0,1.0,0.926,1.0
1139,1.0,1.0,1.0,1.0,0.9558,1.0
1140,1.0,1.0,1.0,1.0,0.9795,1.0
1141,1.0,1.0,1.0,1.0,0.9948,1.0
1142,1.0,1.0,1.0,1.0,1.0,1.0
1143,1.0,1.0,1.0,1.0,0.9948,1.0
1144,1.0,1.0,1.0,1.0,0.9795,1.0
1145,1.0,1.0,1.0,1.0,0.9558,1.0
1146,1.0,1.0,1.0,1.0,0.926,1.0
1147,1.0,1.0,1.0,1.0,0.8929,1.0
1148,1.0,0.7,1.0,1.0,0.8929,1.0
1149,1.0,0.7,1.0,1.0,0.8929,1.0
1150,0.6,0.7,0.6,0.6,0.5357,0.6
1151,0.6,0.7,0.6,0.6,0.5357,0.6
1152,0.6,0.7,0.6,0.6,0.5357,0.6
1153,0.6,0.7,0.6,0.6,0.5357,0.6
1154,0.6,0.7,0.6,0.6,0.5357,0.6
1155,0.6,0.7,0.6,0.6,0.5357,0.6
1156,0.6,0.7,0.6,0.6,0.5357,0.6
1157,0.6,0.7,0.6,0.6,0.5357,0.6
1158,1.0,1.0,1.0,1.0,0.8929,1.0
1159,1.0,1.0,1.0,1.0,0.8929,1.0
1160,1.0,1.0,1.0,1.0,0.8929,1.0
1161,1.0,1.0,1.0,1.0,0.8929,1.0
1162,1.0,1.0,1.0,1.0,0.926,1.0
1163,1.0,1.0,1.0,1.0,0.9558,1.0
1164,1.0,1.0,1.0,1.0,0.9795,1.0
1165,1.0,1.0,1.0,1.0,0.9948,1.0
1166,1.0,1.0,1.0,1.0,1.0,1.0
1167,1.0,1.0,1.0,1.0,0.9948,1.0
1168,1.0,1.0,1.0,1.0,0.9795,1.0
1169,1.0,1.0,1.0,1.0,0.9558,1.0
1170,1.0,1.0,1.0,1.0,0.926,1.0
1171,1.0,1.0,1.0,1.0,0.8929,1.0
1172,1.0,0.7,1.0,1.0,0.8929,1.0
1173,1.0,0.7,1.0,1.0,0.8929,1.0
1174,0.6,0.7,0.6,0.6,0.5357,0.6
1175,0.6,0.7,0.6,0.6,0.5357,0.6
1176,0.6,0.7,0.6,0.6,0.5357,0.6
1177,0.6,0.7,0.6,0.6,0.5357,0.6
1178,0.6,0.7,0.6,0.6,0.5357,0.6
1179,0.6,0.7,0.6,0.6,0.5357,0.6
1180,0.6,0.7,0.6,0.6,0.5357,0.6
1181,0.6,0.7,0.6,0.6,0.5357,0.6
1182,1.0,1.0,1.0,1.0,0.8929,1.0
1183,1.0,1.0,1.0,1.0,0.8929,1.0
1184,1.0,1.0,1.0,1.0,0.8929,1.0
1185,1.0,1.0,1.0,1.0,0.8929,1.0
1186,1.0,1.0,1.0,1.0,0.926,1.0
1187,1.0,1.0,1.0,1.0,0.9558,1.0
1188,1.0,1.0,1.0,1.0,0.9795,1.0
1189,1.0,1.0,1.0,1.0,0.9948,1.0
1190,1.0,1.0,1.0,1.0,1.0,1.0
1191,1.0,1.0,1.0,1.0,0.9948,1.0
1192,1.0,1.0,1.0,1.0,0.9795,1.0
1193,1.0,1.0,1.0,1.0,0.9558,1.0
1194,1.0,1.0,1.0,1.0,0.926,1.0
1195,1.0,1.0,1.0,1.0,0.8929,1.0
1196,1.0,0.7,1.0,1.0,0.8929,1.0
1197,1.0,0.7,1.0,1.0,0.8929,1.0
1198,0.6,0.7,0.6,0.6,0.5357,0.6
1199,0.6,0.7,0.6,0.6,0.5357,0.6
1200,0.6,0.7,0.6,0.6,0.5357,0.6
1201,0.6,0.7,0.6,0.6,0.5357,0.6
1202,0.6,0.7,0.6,0.6,0.5357,0.6
1203,0.6,0.7,0.6,0.6,0.5357,0.6
1204,0.6,0.7,0.6,0.6,0.5357,0.6
1205,0.6,0.7,0.6,0.6,0.5357,0.6
1206,1.0,1.0,1.0,1.0,0.8929,1.0
1207,1.0,1.0,1.0,1.0,0.8929,1.0
1208,1.0,1.0,1.0,1.0,0.8929,1.0
1209,1.0,1.0,1.0,1.0,0.8929,1.0
1210,1.0,1.0,1.0,1.0,0.926,1.0
1211,1.0,1.0,1.0,1.0,0.9558,1.0
1212,1.0,1.0,1.0,1.0,0.9795,1.0
1213,1.0,1.0,1.0,1.0,0.9948,1.0
1214,1.0,1.0,1.0,1.0,1.0,1.0
1215,1.0,1.0,1.0,1.0,0.9948,1.0
1216,1.0,1.0,1.0,1.0,0.9795,1.0
1217,1.0,1.0,1.0,1.0,0.9558,1.0
1218,1.0,1.0,1.0,1.0,0.926,1.0
1219,1.0,1.0,1.0,1.0,0.8929,1.0
1220,1.0,0.7,1.0,1.0,0.8929,1.0
1221,1.0,0.7,1.0,1.0,0.8929,1.0
1222,0.6,0.7,0.6,0.6,0.5357,0.6
1223,0.6,0.7,0.6,0.6,0.5357,0.6
1224,0.6,0.7,0.6,0.6,0.5357,0.6
1225,0.6,0.7,0.6,0.6,0.5357,0.6
1226,0.6,0.7,0.6,0.6,0.5357,0.6
1227,0.6,0.7,0.6,0.6,0.5357,0.6
1228,0.6,0.7,0.6,0.6,0.5357,0.6
1229,0.6,0.7,0.6,0.6,0.5357,0.6
1230,1.0,1.0,1.0,1.0,0.8929,1.0
1231,1.0,1.0,1.0,1.0,0.8929,1.0
1232,1.0,1.0,1.0,1.0,0.8929,1.0
1233,1.0,1.0,1.0,1.0,0.8929,1.0
1234,1.0,1.0,1.0,1.0,0.926,1.0
1235,1.0,1.0,1.0,1.0,0.9558,1.0
1236,1.0,1.0,1.0,1.0,0.9795,1.0
1237,1.0,1.0,1.0,1.0,0.9948,1.0
1238,1.0,1.0,1.0,1.0,1.0,1.0
1239,1.0,1.0,1.0,1.0,0.9948,1.0
1240,1.0,1.0,1.0,1.0,0.9795,1.0
1241,1.0,1.0,1.0,1.0,0.9558,1.0
1242,1.0,1.0,1.0,1.0,0.926,1.0
1243,1.0,1.0,1.0,1.0,0.8929,1.0
1244,1.0,0.7,1.0,1.0,0.8929,1.0
1245,1.0,0.7,1.0,1.0,0.8929,1.0
1246,0.6,0.7,0.6,0.6,0.5357,0.6
1247,0.6,0.7,0.6,0.6,0.5357,0.6
1248,0.6,0.7,0.6,0.6,0.5357,0.6
1249,0.6,0.7,0.6,0.6,0.5357,0.6
1250,0.6,0.7,0.6,0.6,0.5357,0.6
1251,0.6,0.7,0.6,0.6,0.5357,0.6
1252,0.6,0.7,0.6,0.6,0.5357,0.6
1253,0.6,0.7,0.6,0.6,0.5357,0.6
1254,1.0,1.0,1.0,1.0,0.8929,1.0
1255,1.0,1.0,1.0,1.0,0.8929,1.0
1256,1.0,1.0,1.0,1.0,0.8929,1.0
1257,1.0,1.0,1.0,1.0,0.8929,1.0
1258,1.0,1.0,1.0,1.0,0.926,1.0
1259,1.0,1.0,1.0,1.0,0.9558,1.0
1260,1.0,1.0,1.0,1.0,0.9795,1.0
1261,1.0,1.0,1.0,1.0,0.9948,1.0
1262,1.0,1.0,1.0,1.0,1.0,1.0
1263,1.0,1.0,1.0,1.0,0.9948,1.0
1264,1.0,1.0,1.0,1.0,0.9795,1.0
1265,1.0,1.0,1.0,1.0,0.9558,1.0
1266,1.0,1.0,1.0,1.0,0.926,1.0
1267,1.0,1.0,1.0,1.0,0.8929,1.0
1268,1.0,0.7,1.0,1.0,0.8929,1.0
1269,1.0,0.7,1.0,1.0,0.8929,1.0
1270,0.6,0.7,0.6,0.6,0.5357,0.6
1271,0.6,0.7,0.6,0.6,0.5357,0.6
1272,0.6,0.7,0.6,0.6,0.5357,0.6
1273,0.6,0.7,0.6,0.6,0.5357,0.6
1274,0.6,0.7,0.6,0.6,0.5357,0.6
1275,0.6,0.7,0.6,0.6,0.5357,0.6
1276,0.6,0.7,0.6,0.6,0.5357,0.6
1277,0.6,0.7,0.6,0.6,0.5357,0.6
1278,1.0,1.0,1.0,1.0,0.8929,1.0
1279,1.0,1.0,1.0,1.0,0.8929,1.0
1280,1.0,1.0,1.0,1.0,0.8929,1.0
1281,1.0,1.0,1.0,1.0,0.8929,1.0
1282,1.0,1.0,1.0,1.0,0.926,1.0
1283,1.0,1.0,1.0,1.0,0.9558,1.0
1284,1.0,1.0,1.0,1.0,0.9795,1.0
1285,1.0,1.0,1.0,1.0,0.9948,1.0
1286,1.0,1.0,1.0,1.0,1.0,1.0
1287,1.0,1.0,1.0,1.0,0.9948,1.0
1288,1.0,1.0,1.0,1.0,0.9795,1.0
1289,1.0,1.0,1.0,1.0,0.9558,1.0
1290,1.0,1.0,1.0,1.0,0.926,1.0
1291,1.0,1.0,1.0,1.0,0.8929,1.0
1292,1.0,0.7,1.0,1.0,0.8929,1.0
1293,1.0,0.7,1.0,1.0,0.8929,1.0
1294,0.6,0.7,0.6,0.6,0.5357,0.6
1295,0.6,0.7,0.6,0.6,0.5357,0.6
1296,0.6,0.7,0.6,0.6,0.5357,0.6
1297,0.6,0.7,0.6,0.6,0.5357,0.6
1298,0.6,0.7,0.6,0.6,0.5357,0.6
1299,0.6,0.7,0.6,0.6,0.5357,0.6
1300,0.6,0.7,0.6,0.6,0.5357,0.6
1301,0.6,0.7,0.6,0.6,0.5357,0.6
1302,1.0,1.0,1.0,1.0,0.8929,1.0
1303,1.0,1.0,1.0,1.0,0.8929,1.0
1304,1.0,1.0,1.0,1.0,0.8929,1.0
1305,1.0,1.0,1.0,1.0,0.8929,1.0
1306,1.0,1.0,1.0,1.0,0.926,1.0
1307,1.0,1.0,1.0,1.0,0.9558,1.0
1308,1.0,1.0,1.0,1.0,0.9795,1.0
1309,1.0,1.0,1.0,1.0,0.9948,1.0
1310,1.0,1.0,1.0,1.0,1.0,1.0
1311,1.0,1.0,1.0,1.0,0.9948,1.0
1312,1.0,1.0,1.0,1.0,0.9795,1.0
1313,1.0,1.0,1.0,1.0,0.9558,1.0
1314,1.0,1.0,1.0,1.0,0.926,1.0
1315,1.0,1.0,1.0,1.0,0.8929,1.0
1316,1.0,0.7,1.0,1.0,0.8929,1.0
1317,1.0,0.7,1.0,1.0,0.8929,1.0
1318,0.6,0.7,0.6,0.6,0.5357,0.6
1319,0.6,0.7,0.6,0.6,0.5357,0.6
1320,0.6,0.7,0.6,0.6,0.5357,0.6
1321,0.6,0.7,0.6,0.6,0.5357,0.6
1322,0.6,0.7,0.6,0.6,0.5357,0.6
1323,0.6,0.7,0.6,0.6,0.5357,0.6
1324,0.6,0.7,0.6,0.6,0.5357,0.6
1325,0.6,0.7,0.6,0.6,0.5357,0.6
1326,1.0,1.0,1.0,1.0,0.8929,1.0
1327,1.0,1.0,1.0,1.0,0.8929,1.0
1328,1.0,1.0,1.0,1.0,0.8929,1.0
1329,1.0,1.0,1.0,1.0,0.8929,1.0
1330,1.0,1.0,1.0,1.0,0.926,1.0
1331,1.0,1.0,1.0,1.0,0.9558,1.0
1332,1.0,1.0,1.0,1.0,0.9795,1.0
1333,1.0,1.0,1.0,1.0,0.9948,1.0
1334,1.0,1.0,1.0,1.0,1.0,1.0
1335,1.0,1.0,1.0,1.0,0.9948,1.0
1336,1.0,1.0,1.0,1.0,0.9795,1.0
1337,1.0,1.0,1.0,1.0,0.9558,1.0
1338,1.0,1.0,1.0,1.0,0.926,1.0
1339,1.0,1.0,1.0,1.0,0.8929,1.0
1340,1.0,0.7,1.0,1.0,0.8929,1.0
1341,1.0,0.7,1.0,1.0,0.8929,1.0
1342,0.6,0.7,0.6,0.6,0.5357,0.6
1343,0.6,0.7,0.6,0.6,0.5357,0.6
1344,0.6,0.7,0.6,0.6,0.5357,0.6
1345,0.6,0.7,0.6,0.6,0.5357,0.6
1346,0.6,0.7,0.6,0.6,0.5357,0.6
1347,0.6,0.7,0.6,0.6,0.5357,0.6
1348,0.6,0.7,0.6,0.6,0.5357,0.6
1349,0.6,0.7,0.6,0.6,0.5357,0.6
1350,1.0,1.0,1.0,1.0,0.8929,1.0
1351,1.0,1.0,1.0,1.0,0.8929,1.0
1352,1.0,1.0,1.0,1.0,0.8929,1.0
1353,1.0,1.0,1.0,1.0,0.8929,1.0
1354,1.0,1.0,1.0,1.0,0.926,1.0
1355,1.0,1.0,1.0,1.0,0.9558,1.0
1356,1.0,1.0,1.0,1.0,0.9795,1.0
1357,1.0,1.0,1.0,1.0,0.9948,1.0
1358,1.0,1.0,1.0,1.0,1.0,1.0
1359,1.0,1.0,1.0,1.0,0.9948,1.0
1360,1.0,1.0,1.0,1.0,0.9795,1.0
1361,1.0,1.0,1.0,1.0,0.9558,1.0
1362,1.0,1.0,1.0,1.0,0.926,1.0
1363,1.0,1.0,1.0,1.0,0.8929,1.0
1364,1.0,0.7,1.0,1.0,0.8929,1.0
1365,1.0,0.7,1.0,1.0,0.8929,1.0
1366,0.6,0.7,0.6,0.6,0.5357,0.6
1367,0.6,0.7,0.6,0.6,0.5357,0.6
1368,0.6,0.7,0.6,0.6,0.5357,0.6
1369,0.6,0.7,0.6,0.6,0.5357,0.6
1370,0.6,0.7,0.6,0.6,0.5357,0.6
1371,0.6,0.7,0.6,0.6,0.5357,0.6
1372,0.6,0.7,0.6,0.6,0.5357,0.6
1373,0.6,0.7,0.6,0.6,0.5357,0.6
1374,1.0,1.0,1.0,1.0,0.8929,1.0
1375,1.0,1.0,1.0,1.0,0.8929,1.0
1376,1.0,1.0,1.0,1.0,0.8929,1.0
1377,1.0,1.0,1.0,1.0,0.8929,1.0
1378,1.0,1.0,1.0,1.0,0.926,1.0
1379,1.0,1.0,1.0,1.0,0.9558,1.0
1380,1.0,1.0,1.0,1.0,0.9795,1.0
1381,1.0,1.0,1.0,1.0,0.9948,1.0
1382,1.0,1.0,1.0,1.0,1.0,1.0
1383,1.0,1.0,1.0,1.0,0.9948,1.0
1384,1.0,1.0,1.0,1.0,0.9795,1.0
1385,1.0,1.0,1.0,1.0,0.9558,1.0
1386,1.0,1.0,1.0,1.0,0.926,1.0
1387,1.0,1.0,1.0,1.0,0.8929,1.0
1388,1.0,0.7,1.0,1.0,0.8929,1.0
1389,1.0,0.7,1.0,1.0,0.8929,1.0
1390,0.6,0.7,0.6,0.6,0.5357,0.6
1391,0.6,0.7,0.6,0.6,0.5357,0.6
1392,0.6,0.7,0.6,0.6,0.5357,0.6
1393,0.6,0.7,0.6,0.6,0.5357,0.6
1394,0.6,0.7,0.6,0.6,0.5357,0.6
1395,0.6,0.7,0.6,0.6,0.5357,0.6
1396,0.6,0.7,0.6,0.6,0.5357,0.6
1397,0.6,0.7,0.6,0.6,0.5357,0.6
1398,1.0,1.0,1.0,1.0,0.8929,1.0
1399,1.0,1.0,1.0,1.0,0.8929,1.0
1400,1.0,1.0,1.0,1.0,0.8929,1.0
1401,1.0,1.0,1.0,1.0,0.8929,1.0
1402,1.0,1.0,1.0,1.0,0.926,1.0
1403,1.0,1.0,1.0,1.0,0.9558,1.0
1404,1.0,1.0,1.0,1.0,0.9795,1.0
1405,1.0,1.0,1.0,1.0,0.9948,1.0
1406,1.0,1.0,1.0,1.0,1.0,1.0
1407,1.0,1.0,1.0,1.0,0.9948,1.0
1408,1.0,1.0,1.0,1.0,0.9795,1.0
1409,1.0,1.0,1.0,1.0,0.9558,1.0
1410,1.0,1.0,1.0,1.0,0.926,1.0
1411,1.0,1.0,1.0,1.0,0.8929,1.0
1412,1.0,0.7,1.0,1.0,0.8929,1.0
1413,1.0,0.7,1.0,1.0,0.8929,1.0
1414,0.6,0.7,0.6,0.6,0.5357,0.6
1415,0.6,0.7,0.6,0.6,0.5357,0.6
1416,0.6,0.7,0.6,0.6,0.5357,0.6
1417,0.6,0.7,0.6,0.6,0.5357,0.6
1418,0.6,0.7,0.6,0.6,0.5357,0.6
1419,0.6,0.7,0.6,0.6,0.5357,0.6
1420,0.6,0.7,0.6,0.6,0.5357,0.6
1421,0.6,0.7,0.6,0.6,0.5357,0.6
1422,1.0,1.0,1.0,1.0,0.8929,1.0
1423,1.0,1.0,1.0,1.0,0.8929,1.0
1424,1.0,1.0,1.0,1.0,0.8929,1.0
1425,1.0,1.0,1.0,1.0,0.8929,1.0
1426,1.0,1.0,1.0,1.0,0.926,1.0
1427,1.0,1.0,1.0,1.0,0.9558,1.0
1428,1.0,1.0,1.0,1.0,0.9795,1.0
1429,1.0,1.0,1.0,1.0,0.9948,1.0
1430,1.0,1.0,1.0,1.0,1.0,1.0
1431,1.0,1.0,1.0,1.0,0.9948,1.0
1432,1.0,1.0,1.0,1.0,0.9795,1.0
1433,1.0,1.0,1.0,1.0,0.9558,1.0
1434,1.0,1.0,1.0,1.0,0.926,1.0
1435,1.0,1.0,1.0,1.0,0.8929,1.0
1436,1.0,0.7,1.0,1.0,0.8929,1.0
1437,1.0,0.7,1.0,1.0,0.8929,1.0
1438,0.6,0.7,0.6,0.6,0.5357,0.6
1439,0.6,0.7,0.6,0.6,0.5357,0.6
1440,0.6,0.7,0.6,0.6,0.5357,0.6
1441,0.6,0.7,0.6,0.6,0.5357,0.6
1442,0.6,0.7,0.6,0.6,0.5357,0.6
1443,0.6,0.7,0.6,0.6,0.5357,0.6
1444,0.6,0.7,0.6,0.6,0.5357,0.6
1445,0.6,0.7,0.6,0.6,0.5357,0.6
1446,1.0,1.0,1.0,1.0,0.8929,1.0
1447,1.0,1.0,1.0,1.0,0.8929,1.0
1448,1.0,1.0,1.0,1.0,0.8929,1.0
1449,1.0,1.0,1.0,1.0,0.8929,1.0
1450,1.0,1.0,1.0,1.0,0.926,1.0
1451,1.0,1.0,1.0,1.0,0.9558,1.0
1452,1.0,1.0,1.0,1.0,0.9795,1.0
1453,1.0,1.0,1.0,1.0,0.9948,1.0
1454,1.0,1.0,1.0,1.0,1.0,1.0
1455,1.0,1.0,1.0,1.0,0.9948,1.0
1456,1.0,1.0,1.0,1.0,0.9795,1.0
1457,1.0,1.0,1.0,1.0,0.9558,1.0
1458,1.0,1.0,1.0,1.0,0.926,1.0
1459,1.0,1.0,1.0,1.0,0.8929,1.0
1460,1.0,0.7,1.0,1.0,0.8929,1.0
1461,1.0,0.7,1.0,1.0,0.8929,1.0
1462,0.6,0.7,0.6,0.6,0.5357,0.6
1463,0.6,0.7,0.6,0.6,0.5357,0.6
1464,0.6,0.7,0.6,0.6,0.5357,0.6
1465,0.6,0.7,0.6,0.6,0.5357,0.6
1466,0.6,0.7,0.6,0.6,0.5357,0.6
1467,0.6,0.7,0.6,0.6,0.5357,0.6
1468,0.6,0.7,0.6,0.6,0.5357,0.6
1469,0.6,0.7,0.6,0.6,0.5357,0.6
1470,1.0,1.0,1.0,1.0,0.8929,1.0
1471,1.0,1.0,1.0,1.0,0.8929,1.0
1472,1.0,1.0,1.0,1.0,0.8929,1.0
1473,1.0,1.0,1.0,1.0,0.8929,1.0
1474,1.0,1.0,1.0,1.0,0.926,1.0
1475,1.0,1.0,1.0,1.0,0.9558,1.0
1476,1.0,1.0,1.0,1.0,0.9795,1.0
1477,1.0,1.0,1.0,1.0,0.9948,1.0
1478,1.0,1.0,1.0,1.0,1.0,1.0
1479,1.0,1.0,1.0,1.0,0.9948,1.0
1480,1.0,1.0,1.0,1.0,0.9795,1.0
1481,1.0,1.0,1.0,1.0,0.9558,1.0
1482,1.0,1.0,1.0,1.0,0.926,1.0
1483,1.0,1.0,1.0,1.0,0.8929,1.0
1484,1.0,0.7,1.0,1.0,0.8929,1.0
1485,1.0,0.7,1.0,1.0,0.8929,1.0
1486,0.6,0.7,0.6,0.6,0.5357,0.6
1487,0.6,0.7,0.6,0.6,0.5357,0.6
1488,0.6,0.7,0.6,0.6,0.5357,0.6
1489,0.6,0.7,0.6,0.6,0.5357,0.6
1490,0.6,0.7,0.6,0.6,0.5357,0.6
1491,0.6,0.7,0.6,0.6,0.5357,0.6
1492,0.6,0.7,0.6,0.6,0.5357,0.6
1493,0.6,0.7,0.6,0.6,0.5357,0.6
1494,1.0,1.0,1.0,1.0,0.8929,1.0
1495,1.0,1.0,1.0,1.0,0.8929,1.0
1496,1.0,1.0,1.0,1.0,0.8929,1.0
1497,1.0,1.0,1.0,1.0,0.8929,1.0
1498,1.0,1.0,1.0,1.0,0.926,1.0
1499,1.0,1.0,1.0,1.0,0.9558,1.0
1500,1.0,1.0,1.0,1.0,0.9795,1.0
1501,1.0,1.0,1.0,1.0,0.9948,1.0
1502,1.0,1.0,1.0,1.0,1.0,1.0
1503,1.0,1.0,1.0,1.0,0.9948,1.0
1504,1.0,1.0,1.0,1.0,0.9795,1.0
1505,1.0,1.0,1.0,1.0,0.9558,1.0
1506,1.0,1.0,1.0,1.0,0.926,1.0
1507,1.0,1.0,1.0,1.0,0.8929,1.0
1508,1.0,0.7,1.0,1.0,0.8929,1.0
1509,1.0,0.7,1.0,1.0,0.8929,1.0
1510,0.6,0.7,0.6,0.6,0.5357,0.6
1511,0.6,0.7,0.6,0.6,0.5357,0.6
1512,0.6,0.7,0.6,0.6,0.5357,0.6
1513,0.6,0.7,0.6,0.6,0.5357,0.6
1514,0.6,0.7,0.6,0.6,0.5357,0.6
1515,0.6,0.7,0.6,0.6,0.5357,0.6
1516,0.6,0.7,0.6,0.6,0.5357,0.6
1517,0.6,0.7,0.6,0.6,0.5357,0.6
1518,1.0,1.0,1.0,1.0,0.8929,1.0
1519,1.0,1.0,1.0,1.0,0.8929,1.0
1520,1.0,1.0,1.0,1.0,0.8929,1.0
1521,1.0,1.0,1.0,1.0,0.8929,1.0
1522,1.0,1.0,1.0,1.0,0.926,1.0
1523,1.0,1.0,1.0,1.0,0.9558,1.0
1524,1.0,1.0,1.0,1.0,0.9795,1.0
1525,1.0,1.0,1.0,1.0,0.9948,1.0
1526,1.0,1.0,1.0,1.0,1.0,1.0
1527,1.0,1.0,1.0,1.0,0.9948,1.0
1528,1.0,1.0,1.0,1.0,0.9795,1.0
1529,1.0,1.0,1.0,1.0,0.9558,1.0
1530,1.0,1.0,1.0,1.0,0.926,1.0
1531,1.0,1.0,1.0,1.0,0.8929,1.0
1532,1.0,0.7,1.0,1.0,0.8929,1.0
1533,1.0,0.7,1.0,1.0,0.8929,1.0
1534,0.6,0.7,0.6,0.6,0.5357,0.6
1535,0.6,0.7,0.6,0.6,0.5357,0.6
1536,0.6,0.7,0.6,0.6,0.5357,0.6
1537,0.6,0.7,0.6,0.6,0.5357,0.6
1538,0.6,0.7,0.6,0.6,0.5357,0.6
1539,0.6,0.7,0.6,0.6,0.5357,0.6
1540,0.6,0.7,0.6,0.6,0.5357,0.6
1541,0.6,0.7,0.6,0.6,0.5357,0.6
1542,1.0,1.0,1.0,1.0,0.8929,1.0
1543,1.0,1.0,1.0,1.0,0.8929,1.0
1544,1.0,1.0,1.0,1.0,0.8929,1.0
1545,1.0,1.0,1.0,1.0,0.8929,1.0
1546,1.0,1.0,1.0,1.0,0.926,1.0
1547,1.0,1.0,1.0,1.0,0.9558,1.0
1548,1.0,1.0,1.0,1.0,0.9795,1.0
1549,1.0,1.0,1.0,1.0,0.9948,1.0
1550,1.0,1.0,1.0,1.0,1.0,1.0
1551,1.0,1.0,1.0,1.0,0.9948,1.0
1552,1.0,1.0,1.0,1.0,0.9795,1.0
1553,1.0,1.0,1.0,1.0,0.9558,1.0
1554,1.0,1.0,1.0,1.0,0.926,1.0
1555,1.0,1.0,1.0,1.0,0.8929,1.0
1556,1.0,0.7,1.0,1.0,0.8929,1.0
1557,1.0,0.7,1.0,1.0,0.8929,1.0
1558,0.6,0.7,0.6,0.6,0.5357,0.6
1559,0.6,0.7,0.6,0.6,0.5357,0.6
1560,0.6,0.7,0.6,0.6,0.5357,0.6
1561,0.6,0.7,0.6,0.6,0.5357,0.6
1562,0.6,0.7,0.6,0.6,0.5357,0.6
1563,0.6,0.7,0.6,0.6,0.5357,0.6
1564,0.6,0.7,0.6,0.6,0.5357,0.6
1565,0.6,0.7,0.6,0.6,0.5357,0.6
1566,1.0,1.0,1.0,1.0,0.8929,1.0
1567,1.0,1.0,1.0,1.0,0.8929,1.0
1568,1.0,1.0,1.0,1.0,0.8929,1.0
1569,1.0,1.0,1.0,1.0,0.8929,1.0
1570,1.0,1.0,1.0,1.0,0.926,1.0
1571,1.0,1.0,1.0,1.0,0.9558,1.0
1572,1.0,1.0,1.0,1.0,0.9795,1.0
1573,1.0,1.0,1.0,1.0,0.9948,1.0
1574,1.0,1.0,1.0,1.0,1.0,1.0
1575,1.0,1.0,1.0,1.0,0.9948,1.0
1576,1.0,1.0,1.0,1.0,0.9795,1.0
1577,1.0,1.0,1.0,1.0,0.9558,1.0
1578,1.0,1.0,1.0,1.0,0.926,1.0
1579,1.0,1.0,1.0,1.0,0.8929,1.0
1580,1.0,0.7,1.0,1.0,0.8929,1.0
1581,1.0,0.7,1.0,1.0,0.8929,1.0
1582,0.6,0.7,0.6,0.6,0.5357,0.6
1583,0.6,0.7,0.6,0.6,0.5357,0.6
1584,0.6,0.7,0.6,0.6,0.5357,0.6
1585,0.6,0.7,0.6,0.6,0.5357,0.6
1586,0.6,0.7,0.6,0.6,0.5357,0.6
1587,0.6,0.7,0.6,0.6,0.5357,0.6
1588,0.6,0.7,0.6,0.6,0.5357,0.6
1589,0.6,0.7,0.6,0.6,0.5357,0.6
1590,1.0,1.0,1.0,1.0,0.8929,1.0
1591,1.0,1.0,1.0,1.0,0.8929,1.0
1592,1.0,1.0,1.0,1.0,0.8929,1.0
1593,1.0,1.0,1.0,1.0,0.8929,1.0
1594,1.0,1.0,1.0,1.0,0.926,1.0
1595,1.0,1.0,1.0,1.0,0.9558,1.0
1596,1.0,1.0,1.0,1.0,0.9795,1.0
1597,1.0,1.0,1.0,1.0,0.9948,1.0
1598,1.0,1.0,1.0,1.0,1.0,1.0
1599,1.0,1.0,1.0,1.0,0.9948,1.0
1600,1.0,1.0,1.0,1.0,0.9795,1.0
1601,1.0,1.0,1.0,1.0,0.9558,1.0
1602,1.0,1.0,1.0,1.0,0.926,1.0
1603,1.0,1.0,1.0,1.0,0.8929,1.0
1604,1.0,0.7,1.0,1.0,0.8929,1.0
1605,1.0,0.7,1.0,1.0,0.8929,1.0
1606,0.6,0.7,0.6,0.6,0.5357,0.6
1607,0.6,0.7,0.6,0.6,0.5357,0.6
1608,0.6,0.7,0.6,0.6,0.5357,0.6
1609,0.6,0.7,0.6,0.6,0.5357,0.6
1610,0.6,0.7,0.6,0.6,0.5357,0.6
1611,0.6,0.7,0.6,0.6,0.5357,0.6
1612,0.6,0.7,0.6,0.6,0.5357,0.6
1613,0.6,0.7,0.6,0.6,0.5357,0.6
1614,1.0,1.0,1.0,1.0,0.8929,1.0
1615,1.0,1.0,1.0,1.0,0.8929,1.0
1616,1.0,1.0,1.0,1.0,0.8929,1.0
1617,1.0,1.0,1.0,1.0,0.8929,1.0
1618,1.0,1.0,1.0,1.0,0.926,1.0
1619,1.0,1.0,1.0,1.0,0.9558,1.0
1620,1.0,1.0,1.0,1.0,0.9795,1.0
1621,1.0,1.0,1.0,1.0,0.9948,1.0
1622,1.0,1.0,1.0,1.0,1.0,1.0
1623,1.0,1.0,1.0,1.0,0.9948,1.0
1624,1.0,1.0,1.0,1.0,0.9795,1.0
1625,1.0,1.0,1.0,1.0,0.9558,1.0
1626,1.0,1.0,1.0,1.0,0.926,1.0
1627,1.0,1.0,1.0,1.0,0.8929,1.0
1628,1.0,0.7,1.0,1.0,0.8929,1.0
1629,1.0,0.7,1.0,1.0,0.8929,1.0
1630,0.6,0.7,0.6,0.6,0.5357,0.6
1631,0.6,0.7,0.6,0.6,0.5357,0.6
1632,0.6,0.7,0.6,0.6,0.5357,0.6
1633,0.6,0.7,0.6,0.6,0.5357,0.6
1634,0.6,0.7,0.6,0.6,0.5357,0.6
1635,0.6,0.7,0.6,0.6,0.5357,0.6
1636,0.6,0.7,0.6,0.6,0.5357,0.6
1637,0.6,0.7,0.6,0.6,0.5357,0.6
1638,1.0,1.0,1.0,1.0,0.8929,1.0
1639,1.0,1.0,1.0,1.0,0.8929,1.0
1640,1.0,1.0,1.0,1.0,0.8929,1.0
1641,1.0,1.0,1.0,1.0,0.8929,1.0
1642,1.0,1.0,1.0,1.0,0.926,1.0
1643,1.0,1.0,1.0,1.0,0.9558,1.0
1644,1.0,1.0,1.0,1.0,0.9795,1.0
1645,1.0,1.0,1.0,1.0,0.9948,1.0
1646,1.0,1.0,1.0,1.0,1.0,1.0
1647,1.0,1.0,1.0,1.0,0.9948,1.0
1648,1.0,1.0,1.0,1.0,0.9795,1.0
1649,1.0,1.0,1.0,1.0,0.9558,1.0
1650,1.0,1.0,1.0,1.0,0.926,1.0
1651,1.0,1.0,1.0,1.0,0.8929,1.0
1652,1.0,0.7,1.0,1.0,0.8929,1.0
1653,1.0,0.7,1.0,1.0,0.8929,1.0
1654,0.6,0.7,0.6,0.6,0.5357,0.6
1655,0.6,0.7,0.6,0.6,0.5357,0.6
1656,0.6,0.7,0.6,0.6,0.5357,0.6
1657,0.6,0.7,0.6,0.6,0.5357,0.6
1658,0.6,0.7,0.6,0.6,0.5357,0.6
1659,0.6,0.7,0.6,0.6,0.5357,0.6
1660,0.6,0.7,0.6,0.6,0.5357,0.6
1661,0.6,0.7,0.6,0.6,0.5357,0.6
1662,1.0,1.0,1.0,1.0,0.8929,1.0
1663,1.0,1.0,1.0,1.0,0.8929,1.0
1664,1.0,1.0,1.0,1.0,0.8929,1.0
1665,1.0,1.0,1.0,1.0,0.8929,1.0
1666,1.0,1.0,1.0,1.0,0.926,1.0
1667,1.0,1.0,1.0,1.0,0.9558,1.0
1668,1.0,1.0,1.0,1.0,0.9795,1.0
1669,1.0,1.0,1.0,1.0,0.9948,1.0
1670,1.0,1.0,1.0,1.0,1.0,1.0
1671,1.0,1.0,1.0,1.0,0.9948,1.0
1672,1.0,1.0,1.0,1.0,0.9795,1.0
1673,1.0,1.0,1.0,1.0,0.9558,1.0
1674,1.0,1.0,1.0,1.0,0.926,1.0
1675,1.0,1.0,1.0,1.0,0.8929,1.0
1676,1.0,0.7,1.0,1.0,0.8929,1.0
1677,1.0,0.7,1.0,1.0,0.8929,1.0
1678,0.6,0.7,0.6,0.6,0.5357,0.6
1679,0.6,0.7,0.6,0.6,0.5357,0.6
1680,0.6,0.7,0.6,0.6,0.5357,0.6
1681,0.6,0.7,0.6,0.6,0.5357,0.6
1682,0.6,0.7,0.6,0.6,0.5357,0.6
1683,0.6,0.7,0.6,0.6,0.5357,0.6
1684,0.6,0.7,0.6,0.6,0.5357,0.6
1685,0.6,0.7,0.6,0.6,0.5357,0.6
1686,1.0,1.0,1.0,1.0,0.8929,1.0
1687,1.0,1.0,1.0,1.0,0.8929,1.0
1688,1.0,1.0,1.0,1.0,0.8929,1.0
1689,1.0,1.0,1.0,1.0,0.8929,1.0
1690,1.0,1.0,1.0,1.0,0.926,1.0
1691,1.0,1.0,1.0,1.0,0.9558,1.0
1692,1.0,1.0,1.0,1.0,0.9795,1.0
1693,1.0,1.0,1.0,1.0,0.9948,1.0
1694,1.0,1.0,1.0,1.0,1.0,1.0
1695,1.0,1.0,1.0,1.0,0.9948,1.0
1696,1.0,1.0,1.0,1.0,0.9795,1.0
1697,1.0,1.0,1.0,1.0,0.9558,1.0
1698,1.0,1.0,1.0,1.0,0.926,1.0
1699,1.0,1.0,1.0,1.0,0.8929,1.0
1700,1.0,0.7,1.0,1.0,0.8929,1.0
1701,1.0,0.7,1.0,1.0,0.8929,1.0
1702,0.6,0.7,0.6,0.6,0.5357,0.6
1703,0.6,0.7,0.6,0.6,0.5357,0.6
1704,0.6,0.7,0.6,0.6,0.5357,0.6
1705,0.6,0.7,0.6,0.6,0.5357,0.6
1706,0.6,0.7,0.6,0.6,0.5357,0.6
1707,0.6,0.7,0.6,0.6,0.5357,0.6
1708,0.6,0.7,0.6,0.6,0.5357,0.6
1709,0.6,0.7,0.6,0.6,0.5357,0.6
1710,1.0,1.0,1.0,1.0,0.8929,1.0
1711,1.0,1.0,1.0,1.0,0.8929,1.0
1712,1.0,1.0,1.0,1.0,0.8929,1.0
1713,1.0,1.0,1.0,1.0,0.8929,1.0
1714,1.0,1.0,1.0,1.0,0.926,1.0
1715,1.0,1.0,1.0,1.0,0.9558,1.0
1716,1.0,1.0,1.0,1.0,0.9795,1.0
1717,1.0,1.0,1.0,1.0,0.9948,1.0
1718,1.0,1.0,1.0,1.0,1.0,1.0
1719,1.0,1.0,1.0,1.0,0.9948,1.0
1720,1.0,1.0,1.0,1.0,0.9795,1.0
1721,1.0,1.0,1.0,1.0,0.9558,1.0
1722,1.0,1.0,1.0,1.0,0.926,1.0
1723,1.0,1.0,1.0,1.0,0.8929,1.0
1724,1.0,0.7,1.0,1.0,0.8929,1.0
1725,1.0,0.7,1.0,1.0,0.8929,1.0
1726,0.6,0.7,0.6,0.6,0.5357,0.6
1727,0.6,0.7,0.6,0.6,0.5357,0.6
1728,0.6,0.7,0.6,0.6,0.5357,0.6
1729,0.6,0.7,0.6,0.6,0.5357,0.6
1730,0.6,0.7,0.6,0.6,0.5357,0.6
1731,0.6,0.7,0.6,0.6,0.5357,0.6
1732,0.6,0.7,0.6,0.6,0.5357,0.6
1733,0.6,0.7,0.6,0.6,0.5357,0.6
1734,1.0,1.0,1.0,1.0,0.8929,1.0
1735,1.0,1.0,1.0,1.0,0.8929,1.0
1736,1.0,1.0,1.0,1.0,0.8929,1.0
1737,1.0,1.0,1.0,1.0,0.8929,1.0
1738,1.0,1.0,1.0,1.0,0.926,1.0
1739,1.0,1.0,1.0,1.0,0.9558,1.0
1740,1.0,1.0,1.0,1.0,0.9795,1.0
1741,1.0,1.0,1.0,1.0,0.9948,1.0
1742,1.0,1.0,1.0,1.0,1.0,1.0
1743,1.0,1.0,1.0,1.0,0.9948,1.0
1744,1.0,1.0,1.0,1.0,0.9795,1.0
1745,1.0,1.0,1.0,1.0,0.9558,1.0
1746,1.0,1.0,1.0,1.0,0.926,1.0
1747,1.0,1.0,1.0,1.0,0.8929,1.0
1748,1.0,0.7,1.0,1.0,0.8929,1.0
1749,1.0,0.7,1.0,1.0,0.8929,1.0
1750,0.6,0.7,0.6,0.6,0.5357,0.6
1751,0.6,0.7,0.6,0.6,0.5357,0.6
1752,0.6,0.7,0.6,0.6,0.5357,0.6
1753,0.6,0.7,0.6,0.6,0.5357,0.6
1754,0.6,0.7,0.6,0.6,0.5357,0.6
1755,0.6,0.7,0.6,0.6,0.5357,0.6
1756,0.6,0.7,0.6,0.6,0.5357,0.6
1757,0.6,0.7,0.6,0.6,0.5357,0.6
1758,1.0,1.0,1.0,1.0,0.8929,1.0
1759,1.0,1.0,1.0,1.0,0.8929,1.0
1760,1.0,1.0,1.0,1.0,0.8929,1.0
1761,1.0,1.0,1.0,1.0,0.8929,1.0
1762,1.0,1.0,1.0,1.0,0.926,1.0
1763,1.0,1.0,1.0,1.0,0.9558,1.0
1764,1.0,1.0,1.0,1.0,0.9795,1.0
1765,1.0,1.0,1.0,1.0,0.9948,1.0
1766,1.0,1.0,1.0,1.0,1.0,1.0
1767,1.0,1.0,1.0,1.0,0.9948,1.0
1768,1.0,1.0,1.0,1.0,0.9795,1.0
1769,1.0,1.0,1.0,1.0,0.9558,1.0
1770,1.0,1.0,1.0,1.0,0.926,1.0
1771,1.0,1.0,1.0,1.0,0.8929,1.0
1772,1.0,0.7,1.0,1.0,0.8929,1.0
1773,1.0,0.7,1.0,1.0,0.8929,1.0
1774,0.6,0.7,0.6,0.6,0.5357,0.6
1775,0.6,0.7,0.6,0.6,0.5357,0.6
1776,0.6,0.7,0.6,0.6,0.5357,0.6
1777,0.6,0.7,0.6,0.6,0.5357,0.6
1778,0.6,0.7,0.6,0.6,0.5357,0.6
1779,0.6,0.7,0.6,0.6,0.5357,0.6
1780,0.6,0.7,0.6,0.6,0.5357,0.6
1781,0.6,0.7,0.6,0.6,0.5357,0.6
1782,1.0,1.0,1.0,1.0,0.8929,1.0
1783,1.0,1.0,1.0,1.0,0.8929,1.0
1784,1.0,1.0,1.0,1.0,0.8929,1.0
1785,1.0,1.0,1.0,1.0,0.8929,1.0
1786,1.0,1.0,1.0,1.0,0.926,1.0
1787,1.0,1.0,1.0,1.0,0.9558,1.0
1788,1.0,1.0,1.0,1.0,0.9795,1.0
1789,1.0,1.0,1.0,1.0,0.9948,1.0
1790,1.0,1.0,1.0,1.0,1.0,1.0
1791,1.0,1.0,1.0,1.0,0.9948,1.0
1792,1.0,1.0,1.0,1.0,0.9795,1.0
1793,1.0,1.0,1.0,1.0,0.9558,1.0
1794,1.0,1.0,1.0,1.0,0.926,1.0
1795,1.0,1.0,1.0,1.0,0.8929,1.0
1796,1.0,0.7,1.0,1.0,0.8929,1.0
1797,1.0,0.7,1.0,1.0,0.8929,1.0
1798,0.6,0.7,0.6,0.6,0.5357,0.6
1799,0.6,0.7,0.6,0.6,0.5357,0.6
1800,0.6,0.7,0.6,0.6,0.5357,0.6
1801,0.6,0.7,0.6,0.6,0.5357,0.6
1802,0.6,0.7,0.6,0.6,0.5357,0.6
1803,0.6,0.7,0.6,0.6,0.5357,0.6
1804,0.6,0.7,0.6,0.6,0.5357,0.6
1805,0.6,0.7,0.6,0.6,0.5357,0.6
1806,1.0,1.0,1.0,1.0,0.8929,1.0
1807,1.0,1.0,1.0,1.0,0.8929,1.0
1808,1.0,1.0,1.0,1.0,0.8929,1.0
1809,1.0,1.0,1.0,1.0,0.8929,1.0
1810,1.0,1.0,1.0,1.0,0.926,1.0
1811,1.0,1.0,1.0,1.0,0.9558,1.0
1812,1.0,1.0,1.0,1.0,0.9795,1.0
1813,1.0,1.0,1.0,1.0,0.9948,1.0
1814,1.0,1.0,1.0,1.0,1.0,1.0
1815,1.0,1.0,1.0,1.0,0.9948,1.0
1816,1.0,1.0,1.0,1.0,0.9795,1.0
1817,1.0,1.0,1.0,1.0,0.9558,1.0
1818,1.0,1.0,1.0,1.0,0.926,1.0
1819,1.0,1.0,1.0,1.0,0.8929,1.0
1820,1.0,0.7,1.0,1.0,0.8929,1.0
1821,1.0,0.7,1.0,1.0,0.8929,1.0
1822,0.6,0.7,0.6,0.6,0.5357,0.6
1823,0.6,0.7,0.6,0.6,0.5357,0.6
1824,0.6,0.7,0.6,0.6,0.5357,0.6
1825,0.6,0.7,0.6,0.6,0.5357,0.6
1826,0.6,0.7,0.6,0.6,0.5357,0.6
1827,0.6,0.7,0.6,0.6,0.5357,0.6
1828,0.6,0.7,0.6,0.6,0.5357,0.6
1829,0.6,0.7,0.6,0.6,0.5357,0.6
1830,1.0,1.0,1.0,1.0,0.8929,1.0
1831,1.0,1.0,1.0,1.0,0.8929,1.0
1832,1.0,1.0,1.0,1.0,0.8929,1.0
1833,1.0,1.0,1.0,1.0,0.8929,1.0
1834,1.0,1.0,1.0,1.0,0.926,1.0
1835,1.0,1.0,1.0,1.0,0.9558,1.0
1836,1.0,1.0,1.0,1.0,0.9795,1.0
1837,1.0,1.0,1.0,1.0,0.9948,1.0
1838,1.0,1.0,1.0,1.0,1.0,1.0
1839,1.0,1.0,1.0,1.0,0.9948,1.0
1840,1.0,1.0,1.0,1.0,0.9795,1.0
1841,1.0,1.0,1.0,1.0,0.9558,1.0
1842,1.0,1.0,1.0,1.0,0.926,1.0
1843,1.0,1.0,1.0,1.0,0.8929,1.0
1844,1.0,0.7,1.0,1.0,0.8929,1.0
1845,1.0,0.7,1.0,1.0,0.8929,1.0
1846,0.6,0.7,0.6,0.6,0.5357,0.6
1847,0.6,0.7,0.6,0.6,0.5357,0.6
1848,0.6,0.7,0.6,0.6,0.5357,0.6
1849,0.6,0.7,0.6,0.6,0.5357,0.6
1850,0.6,0.7,0.6,0.6,0.5357,0.6
1851,0.6,0.7,0.6,0.6,0.5357,0.6
1852,0.6,0.7,0.6,0.6,0.5357,0.6
1853,0.6,0.7,0.6,0.6,0.5357,0.6
1854,1.0,1.0,1.0,1.0,0.8929,1.0
1855,1.0,1.0,1.0,1.0,0.8929,1.0
1856,1.0,1.0,1.0,1.0,0.8929,1.0
1857,1.0,1.0,1.0,1.0,0.8929,1.0
1858,1.0,1.0,1.0,1.0,0.926,1.0
1859,1.0,1.0,1.0,1.0,0.9558,1.0
1860,1.0,1.0,1.0,1.0,0.9795,1.0
1861,1.0,1.0,1.0,1.0,0.9948,1.0
1862,1.0,1.0,1.0,1.0,1.0,1.0
1863,1.0,1.0,1.0,1.0,0.9948,1.0
1864,1.0,1.0,1.0,1.0,0.9795,1.0
1865,1.0,1.0,1.0,1.0,0.9558,1.0
1866,1.0,1.0,1.0,1.0,0.926,1.0
1867,1.0,1.0,1.0,1.0,0.8929,1.0
1868,1.0,0.7,1.0,1.0,0.8929,1.0
1869,1.0,0.7,1.0,1.0,0.8929,1.0
1870,0.6,0.7,0.6,0.6,0.5357,0.6
1871,0.6,0.7,0.6,0.6,0.5357,0.6
1872,0.6,0.7,0.6,0.6,0.5357,0.6
1873,0.6,0.7,0.6,0.6,0.5357,0.6
1874,0.6,0.7,0.6,0.6,0.5357,0.6
1875,0.6,0.7,0.6,0.6,0.5357,0.6
1876,0.6,0.7,0.6,0.6,0.5357,0.6
1877,0.6,0.7,0.6,0.6,0.5357,0.6
1878,1.0,1.0,1.0,1.0,0.8929,1.0
1879,1.0,1.0,1.0,1.0,0.8929,1.0
1880,1.0,1.0,1.0,1.0,0.8929,1.0
1881,1.0,1.0,1.0,1.0,0.8929,1.0
1882,1.0,1.0,1.0,1.0,0.926,1.0
1883,1.0,1.0,1.0,1.0,0.9558,1.0
1884,1.0,1.0,1.0,1.0,0.9795,1.0
1885,1.0,1.0,1.0,1.0,0.9948,1.0
1886,1.0,1.0,1.0,1.0,1.0,1.0
1887,1.0,1.0,1.0,1.0,0.9948,1.0
1888,1.0,1.0,1.0,1.0,0.9795,1.0
1889,1.0,1.0,1.0,1.0,0.9558,1.0
1890,1.0,1.0,1.0,1.0,0.926,1.0
1891,1.0,1.0,1.0,1.0,0.8929,1.0
1892,1.0,0.7,1.0,1.0,0.8929,1.0
1893,1.0,0.7,1.0,1.0,0.8929,1.0
1894,0.6,0.7,0.6,0.6,0.5357,0.6
1895,0.6,0.7,0.6,0.6,0.5357,0.6
1896,0.6,0.7,0.6,0.6,0.5357,0.6
1897,0.6,0.7,0.6,0.6,0.5357,0.6
1898,0.6,0.7,0.6,0.6,0.5357,0.6
1899,0.6,0.7,0.6,0.6,0.5357,0.6
1900,0.6,0.7,0.6,0.6,0.5357,0.6
1901,0.6,0.7,0.6,0.6,0.5357,0.6
1902,1.0,1.0,1.0,1.0,0.8929,1.0
1903,1.0,1.0,1.0,1.0,0.8929,1.0
1904,1.0,1.0,1.0,1.0,0.8929,1.0
1905,1.0,1.0,1.0,1.0,0.8929,1.0
1906,1.0,1.0,1.0,1.0,0.926,1.0
1907,1.0,1.0,1.0,1.0,0.9558,1.0
1908,1.0,1.0,1.0,1.0,0.9795,1.0
1909,1.0,1.0,1.0,1.0,0.9948,1.0
1910,1.0,1.0,1.0,1.0,1.0,1.0
1911,1.0,1.0,1.0,1.0,0.9948,1.0
1912,1.0,1.0,1.0,1.0,0.9795,1.0
1913,1.0,1.0,1.0,1.0,0.9558,1.0
1914,1.0,1.0,1.0,1.0,0.926,1.0
1915,1.0,1.0,1.0,1.0,0.8929,1.0
1916,1.0,0.7,1.0,1.0,0.8929,1.0
1917,1.0,0.7,1.0,1.0,0.8929,1.0
1918,0.6,0.7,0.6,0.6,0.5357,0.6
1919,0.6,0.7,0.6,0.6,0.5357,0.6
1920,0.6,0.7,0.6,0.6,0.5357,0.6
1921,0.6,0.7,0.6,0.6,0.5357,0.6
1922,0.6,0.7,0.6,0.6,0.5357,0.6
1923,0.6,0.7,0.6,0.6,0.5357,0.6
1924,0.6,0.7,0.6,0.6,0.5357,0.6
1925,0.6,0.7,0.6,0.6,0.5357,0.6
1926,1.0,1.0,1.0,1.0,0.8929,1.0
1927,1.0,1.0,1.0,1.0,0.8929,1.0
1928,1.0,1.0,1.0,1.0,0.8929,1.0
1929,1.0,1.0,1.0,1.0,0.8929,1.0
1930,1.0,1.0,1.0,1.0,0.926,1.0
1931,1.0,1.0,1.0,1.0,0.9558,1.0
1932,1.0,1.0,1.0,1.0,0.9795,1.0
1933,1.0,1.0,1.0,1.0,0.9948,1.0
1934,1.0,1.0,1.0,1.0,1.0,1.0
1935,1.0,1.0,1.0,1.0,0.9948,1.0
1936,1.0,1.0,1.0,1.0,0.9795,1.0
1937,1.0,1.0,1.0,1.0,0.9558,1.0
1938,1.0,1.0,1.0,1.0,0.926,1.0
1939,1.0,1.0,1.0,1.0,0.8929,1.0
1940,1.0,0.7,1.0,1.0,0.8929,1.0
1941,1.0,0.7,1.0,1.0,0.8929,1.0
1942,0.6,0.7,0.6,0.6,0.5357,0.6
1943,0.6,0.7,0.6,0.6,0.5357,0.6
1944,0.6,0.7,0.6,0.6,0.5357,0.6
1945,0.6,0.7,0.6,0.6,0.5357,0.6
1946,0.6,0.7,0.6,0.6,0.5357,0.6
1947,0.6,0.7,0.6,0.6,0.5357,0.6
1948,0.6,0.7,0.6,0.6,0.5357,0.6
1949,0.6,0.7,0.6,0.6,0.5357,0.6
1950,1.0,1.0,1.0,1.0,0.8929,1.0
1951,1.0,1.0,1.0,1.0,0.8929,1.0
1952,1.0,1.0,1.0,1.0,0.8929,1.0
1953,1.0,1.0,1.0,1.0,0.8929,1.0
1954,1.0,1.0,1.0,1.0,0.926,1.0
1955,1.0,1.0,1.0,1.0,0.9558,1.0
1956,1.0,1.0,1.0,1.0,0.9795,1.0
1957,1.0,1.0,1.0,1.0,0.9948,1.0
1958,1.0,1.0,1.0,1.0,1.0,1.0
1959,1.0,1.0,1.0,1.0,0.9948,1.0
1960,1.0,1.0,1.0,1.0,0.9795,1.0
1961,1.0,1.0,1.0,1.0,0.9558,1.0
1962,1.0,1.0,1.0,1.0,0.926,1.0
1963,1.0,1.0,1.0,1.0,0.8929,1.0
1964,1.0,0.7,1.0,1.0,0.8929,1.0
1965,1.0,0.7,1.0,1.0,0.8929,1.0
1966,0.6,0.7,0.6,0.6,0.5357,0.6
1967,0.6,0.7,0.6,0.6,0.5357,0.6
1968,0.6,0.7,0.6,0.6,0.5357,0.6
1969,0.6,0.7,0.6,0.6,0.5357,0.6
1970,0.6,0.7,0.6,0.6,0.5357,0.6
1971,0.6,0.7,0.6,0.6,0.5357,0.6
1972,0.6,0.7,0.6,0.6,0.5357,0.6
1973,0.6,0.7,0.6,0.6,0.5357,0.6
1974,1.0,1.0,1.0,1.0,0.8929,1.0
1975,1.0,1.0,1.0,1.0,0.8929,1.0
1976,1.0,1.0,1.0,1.0,0.8929,1.0
1977,1.0,1.0,1.0,1.0,0.8929,1.0
1978,1.0,1.0,1.0,1.0,0.926,1.0
1979,1.0,1.0,1.0,1.0,0.9558,1.0
1980,1.0,1.0,1.0,1.0,0.9795,1.0
1981,1.0,1.0,1.0,1.0,0.9948,1.0
1982,1.0,1.0,1.0,1.0,1.0,1.0
1983,1.0,1.0,1.0,1.0,0.9948,1.0
1984,1.0,1.0,1.0,1.0,0.9795,1.0
1985,1.0,1.0,1.0,1.0,0.9558,1.0
1986,1.0,1.0,1.0,1.0,0.926,1.0
1987,1.0,1.0,1.0,1.0,0.8929,1.0
1988,1.0,0.7,1.0,1.0,0.8929,1.0
1989,1.0,0.7,1.0,1.0,0.8929,1.0
1990,0.6,0.7,0.6,0.6,0.5357,0.6
1991,0.6,0.7,0.6,0.6,0.5357,0.6
1992,0.6,0.7,0.6,0.6,0.5357,0.6
1993,0.6,0.7,0.6,0.6,0.5357,0.6
1994,0.6,0.7,0.6,0.6,0.5357,0.6
1995,0.6,0.7,0.6,0.6,0.5357,0.6
1996,0.6,0.7,0.6,0.6,0.5357,0.6
1997,0.6,0.7,0.6,0.6,0.5357,0.6
1998,1.0,1.0,1.0,1.0,0.8929,1.0
1999,1.0,1.0,1.0,1.0,0.8929,1.0
2000,1.0,1.0,1.0,1.0,0.8929,1.0
2001,1.0,1.0,1.0,1.0,0.8929,1.0
2002,1.0,1.0,1.0,1.0,0.926,1.0
2003,1.0,1.0,1.0,1.0,0.9558,1.0
2004,1.0,1.0,1.0,1.0,0.9795,1.0
2005,1.0,1.0,1.0,1.0,0.9948,1.0
2006,1.0,1.0,1.0,1.0,1.0,1.0
2007,1.0,1.0,1.0,1.0,0.9948,1.0
2008,1.0,1.0,1.0,1.0,0.9795,1.0
2009,1.0,1.0,1.0,1.0,0.9558,1.0
2010,1.0,1.0,1.0,1.0,0.926,1.0
2011,1.0,1.0,1.0,1.0,0.8929,1.0
2012,1.0,0.7,1.0,1.0,0.8929,1.0
2013,1.0,0.7,1.0,1.0,0.8929,1.0
2014,0.6,0.7,0.6,0.6,0.5357,0.6
2015,0.6,0.7,0.6,0.6,0.5357,0.6
2016,0.6,0.7,0.6,0.6,0.5357,0.6
2017,0.6,0.7,0.6,0.6,0.5357,0.6
2018,0.6,0.7,0.6,0.6,0.5357,0.6
2019,0.6,0.7,0.6,0.6,0.5357,0.6
2020,0.6,0.7,0.6,0.6,0.5357,0.6
2021,0.6,0.7,0.6,0.6,0.5357,0.6
2022,1.0,1.0,1.0,1.0,0.8929,1.0
2023,1.0,1.0,1.0,1.0,0.8929,1.0
2024,1.0,1.0,1.0,1.0,0.8929,1.0
2025,1.0,1.0,1.0,1.0,0.8929,1.0
2026,1.0,1.0,1.0,1.0,0.926,1.0
2027,1.0,1.0,1.0,1.0,0.9558,1.0
2028,1.0,1.0,1.0,1.0,0.9795,1.0
2029,1.0,1.0,1.0,1.0,0.9948,1.0
2030,1.0,1.0,1.0,1.0,1.0,1.0
2031,1.0,1.0,1.0,1.0,0.9948,1.0
2032,1.0,1.0,1.0,1.0,0.9795,1.0
2033,1.0,1.0,1.0,1.0,0.9558,1.0
2034,1.0,1.0,1.0,1.0,0.926,1.0
2035,1.0,1.0,1.0,1.0,0.8929,1.0
2036,1.0,0.7,1.0,1.0,0.8929,1.0
2037,1.0,0.7,1.0,1.0,0.8929,1.0
2038,0.6,0.7,0.6,0.6,0.5357,0.6
2039,0.6,0.7,0.6,0.6,0.5357,0.6
2040,0.6,0.7,0.6,0.6,0.5357,0.6
2041,0.6,0.7,0.6,0.6,0.5357,0.6
2042,0.6,0.7,0.6,0.6,0.5357,0.6
2043,0.6,0.7,0.6,0.6,0.5357,0.6
2044,0.6,0.7,0.6,0.6,0.5357,0.6
2045,0.6,0.7,0.6,0.6,0.5357,0.6
2046,1.0,1.0,1.0,1.0,0.8929,1.0
2047,1.0,1.0,1.0,1.0,0.8929,1.0
2048,1.0,1.0,1.0,1.0,0.8929,1.0
2049,1.0,1.0,1.0,1.0,0.8929,1.0
2050,1.0,1.0,1.0,1.0,0.926,1.0
2051,1.0,1.0,1.0,1.0,0.9558,1.0
2052,1.0,1.0,1.0,1.0,0.9795,1.0
2053,1.0,1.0,1.0,1.0,0.9948,1.0
2054,1.0,1.0,1.0,1.0,1.0,1.0
2055,1.0,1.0,1.0,1.0,0.9948,1.0
2056,1.0,1.0,1.0,1.0,0.9795,1.0
2057,1.0,1.0,1.0,1.0,0.9558,1.0
2058,1.0,1.0,1.0,1.0,0.926,1.0
2059,1.0,1.0,1.0,1.0,0.8929,1.0
2060,1.0,0.7,1.0,1.0,0.8929,1.0
2061,1.0,0.7,1.0,1.0,0.8929,1.0
2062,0.6,0.7,0.6,0.6,0.5357,0.6
2063,0.6,0.7,0.6,0.6,0.5357,0.6
2064,0.6,0.7,0.6,0.6,0.5357,0.6
2065,0.6,0.7,0.6,0.6,0.5357,0.6
2066,0.6,0.7,0.6,0.6,0.5357,0.6
2067,0.6,0.7,0.6,0.6,0.5357,0.6
2068,0.6,0.7,0.6,0.6,0.5357,0.6
2069,0.6,0.7,0.6,0.6,0.5357,0.6
2070,1.0,1.0,1.0,1.0,0.8929,1.0
2071,1.0,1.0,1.0,1.0,0.8929,1.0
2072,1.0,1.0,1.0,1.0,0.8929,1.0
2073,1.0,1.0,1.0,1.0,0.8929,1.0
2074,1.0,1.0,1.0,1.0,0.926,1.0
2075,1.0,1.0,1.0,1.0,0.9558,1.0
2076,1.0,1.0,1.0,1.0,0.9795,1.0
2077,1.0,1.0,1.0,1.0,0.9948,1.0
2078,1.0,1.0,1.0,1.0,1.0,1.0
2079,1.0,1.0,1.0,1.0,0.9948,1.0
2080,1.0,1.0,1.0,1.0,0.9795,1.0
2081,1.0,1.0,1.0,1.0,0.9558,1.0
2082,1.0,1.0,1.0,1.0,0.926,1.0
2083,1.0,1.0,1.0,1.0,0.8929,1.0
2084,1.0,0.7,1.0,1.0,0.8929,1.0
2085,1.0,0.7,1.0,1.0,0.8929,1.0
2086,0.6,0.7,0.6,0.6,0.5357,0.6
2087,0.6,0.7,0.6,0.6,0.5357,0.6
2088,0.6,0.7,0.6,0.6,0.5357,0.6
2089,0.6,0.7,0.6,0.6,0.5357,0.6
2090,0.6,0.7,0.6,0.6,0.5357,0.6
2091,0.6,0.7,0.6,0.6,0.5357,0.6
2092,0.6,0.7,0.6,0.6,0.5357,0.6
2093,0.6,0.7,0.6,0.6,0.5357,0.6
2094,1.0,1.0,1.0,1.0,0.8929,1.0
2095,1.0,1.0,1.0,1.0,0.8929,1.0
2096,1.0,1.0,1.0,1.0,0.8929,1.0
2097,1.0,1.0,1.0,1.0,0.8929,1.0
2098,1.0,1.0,1.0,1.0,0.926,1.0
2099,1.0,1.0,1.0,1.0,0.9558,1.0
2100,1.0,1.0,1.0,1.0,0.9795,1.0
2101,1.0,1.0,1.0,1.0,0.9948,1.0
2102,1.0,1.0,1.0,1.0,1.0,1.0
2103,1.0,1.0,1.0,1.0,0.9948,1.0
2104,1.0,1.0,1.0,1.0,0.9795,1.0
2105,1.0,1.0,1.0,1.0,0.9558,1.0
2106,1.0,1.0,1.0,1.0,0.926,1.0
2107,1.0,1.0,1.0,1.0,0.8929,1.0
2108,1.0,0.7,1.0,1.0,0.8929,1.0
2109,1.0,0.7,1.0,1.0,0.8929,1.0
2110,0.6,0.7,0.6,0.6,0.5357,0.6
2111,0.6,0.7,0.6,0.6,0.5357,0.6
2112,0.6,0.7,0.6,0.6,0.5357,0.6
2113,0.6,0.7,0.6,0.6,0.5357,0.6
2114,0.6,0.7,0.6,0.6,0.5357,0.6
2115,0.6,0.7,0.6,0.6,0.5357,0.6
2116,0.6,0.7,0.6,0.6,0.5357,0.6
2117,0.6,0.7,0.6,0.6,0.5357,0.6
2118,1.0,1.0,1.0,1.0,0.8929,1.0
2119,1.0,1.0,1.0,1.0,0.8929,1.0
2120,1.0,1.0,1.0,1.0,0.8929,1.0
2121,1.0,1.0,1.0,1.0,0.8929,1.0
2122,1.0,1.0,1.0,1.0,0.926,1.0
2123,1.0,1.0,1.0,1.0,0.9558,1.0
2124,1.0,1.0,1.0,1.0,0.9795,1.0
2125,1.0,1.0,1.0,1.0,0.9948,1.0
2126,1.0,1.0,1.0,1.0,1.0,1.0
2127,1.0,1.0,1.0,1.0,0.9948,1.0
2128,1.0,1.0,1.0,1.0,0.9795,1.0
2129,1.0,1.0,1.0,1.0,0.9558,1.0
2130,1.0,1.0,1.0,1.0,0.926,1.0
2131,1.0,1.0,1.0,1.0,0.8929,1.0
2132,1.0,0.7,1.0,1.0,0.8929,1.0
2133,1.0,0.7,1.0,1.0,0.8929,1.0
2134,0.6,0.7,0.6,0.6,0.5357,0.6
2135,0.6,0.7,0.6,0.6,0.5357,0.6
2136,0.6,0.7,0.6,0.6,0.5357,0.6
2137,0.6,0.7,0.6,0.6,0.5357,0.6
2138,0.6,0.7,0.6,0.6,0.5357,0.6
2139,0.6,0.7,0.6,0.6,0.5357,0.6
2140,0.6,0.7,0.6,0.6,0.5357,0.6
2141,0.6,0.7,0.6,0.6,0.5357,0.6
2142,1.0,1.0,1.0,1.0,0.8929,1.0
2143,1.0,1.0,1.0,1.0,0.8929,1.0
2144,1.0,1.0,1.0,1.0,0.8929,1.0
2145,1.0,1.0,1.0,1.0,0.8929,1.0
2146,1.0,1.0,1.0,1.0,0.926,1.0
2147,1.0,1.0,1.0,1.0,0.9558,1.0
2148,1.0,1.0,1.0,1.0,0.9795,1.0
2149,1.0,1.0,1.0,1.0,0.9948,1.0
2150,1.0,1.0,1.0,1.0,1.0,1.0
2151,1.0,1.0,1.0,1.0,0.9948,1.0
2152,1.0,1.0,1.0,1.0,0.9795,1.0
2153,1.0,1.0,1.0,1.0,0.9558,1.0
2154,1.0,1.0,1.0,1.0,0.926,1.0
2155,1.0,1.0,1.0,1.0,0.8929,1.0
2156,1.0,0.7,1.0,1.0,0.8929,1.0
2157,1.0,0.7,1.0,1.0,0.8929,1.0
2158,0.6,0.7,0.6,0.6,0.5357,0.6
2159,0.6,0.7,0.6,0.6,0.5357,0.6
2160,0.6,0.7,0.6,0.6,0.5357,0.6
2161,0.6,0.7,0.6,0.6,0.5357,0.6
2162,0.6,0.7,0.6,0.6,0.5357,0.6
2163,0.6,0.7,0.6,0.6,0.5357,0.6
2164,0.6,0.7,0.6,0.6,0.5357,0.6
2165,0.6,0.7,0.6,0.6,0.5357,0.6
2166,1.0,1.0,1.0,1.0,0.8929,1.0
2167,1.0,1.0,1.0,1.0,0.8929,1.0
2168,1.0,1.0,1.0,1.0,0.8929,1.0
2169,1.0,1.0,1.0,1.0,0.8929,1.0
2170,1.0,1.0,1.0,1.0,0.926,1.0
2171,1.0,1.0,1.0,1.0,0.9558,1.0
2172,1.0,1.0,1.0,1.0,0.9795,1.0
2173,1.0,1.0,1.0,1.0,0.9948,1.0
2174,1.0,1.0,1.0,1.0,1.0,1.0
2175,1.0,1.0,1.0,1.0,0.9948,1.0
2176,1.0,1.0,1.0,1.0,0.9795,1.0
2177,1.0,1.0,1.0,1.0,0.9558,1.0
2178,1.0,1.0,1.0,1.0,0.926,1.0
2179,1.0,1.0,1.0,1.0,0.8929,1.0
2180,1.0,0.7,1.0,1.0,0.8929,1.0
2181,1.0,0.7,1.0,1.0,0.8929,1.0
2182,0.6,0.7,0.6,0.6,0.5357,0.6
2183,0.6,0.7,0.6,0.6,0.5357,0.6
2184,0.6,0.7,0.6,0.6,0.5357,0.6
2185,0.6,0.7,0.6,0.6,0.5357,0.6
2186,0.6,0.7,0.6,0.6,0.5357,0.6
2187,0.6,0.7,0.6,0.6,0.5357,0.6
2188,0.6,0.7,0.6,0.6,0.5357,0.6
2189,0.6,0.7,0.6,0.6,0.5357,0.6
2190,1.0,1.0,1.0,1.0,0.8929,1.0
2191,1.0,1.0,1.0,1.0,0.8929,1.0
2192,1.0,1.0,1.0,1.0,0.8929,1.0
2193,1.0,1.0,1.0,1.0,0.8929,1.0
2194,1.0,1.0,1.0,1.0,0.926,1.0
2195,1.0,1.0,1.0,1.0,0.9558,1.0
2196,1.0,1.0,1.0,1.0,0.9795,1.0
2197,1.0,1.0,1.0,1.0,0.9948,1.0
2198,1.0,1.0,1.0,1.0,1.0,1.0
2199,1.0,1.0,1.0,1.0,0.9948,1.0
2200,1.0,1.0,1.0,1.0,0.9795,1.0
2201,1.0,1.0,1.0,1.0,0.9558,1.0
2202,1.0,1.0,1.0,1.0,0.926,1.0
2203,1.0,1.0,1.0,1.0,0.8929,1.0
2204,1.0,0.7,1.0,1.0,0.8929,1.0
2205,1.0,0.7,1.0,1.0,0.8929,1.0
2206,0.6,0.7,0.6,0.6,0.5357,0.6
2207,0.6,0.7,0.6,0.6,0.5357,0.6
2208,0.6,0.7,0.6,0.6,0.5357,0.6
2209,0.6,0.7,0.6,0.6,0.5357,0.6
2210,0.6,0.7,0.6,0.6,0.5357,0.6
2211,0.6,0.7,0.6,0.6,0.5357,0.6
2212,0.6,0.7,0.6,0.6,0.5357,0.6
2213,0.6,0.7,0.6,0.6,0.5357,0.6
2214,1.0,1.0,1.0,1.0,0.8929,1.0
2215,1.0,1.0,1.0,1.0,0.8929,1.0
2216,1.0,1.0,1.0,1.0,0.8929,1.0
2217,1.0,1.0,1.0,1.0,0.8929,1.0
2218,1.0,1.0,1.0,1.0,0.926,1.0
2219,1.0,1.0,1.0,1.0,0.9558,1.0
2220,1.0,1.0,1.0,1.0,0.9795,1.0
2221,1.0,1.0,1.0,1.0,0.9948,1.0
2222,1.0,1.0,1.0,1.0,1.0,1.0
2223,1.0,1.0,1.0,1.0,0.9948,1.0
2224,1.0,1.0,1.0,1.0,0.9795,1.0
2225,1.0,1.0,1.0,1.0,0.9558,1.0
2226,1.0,1.0,1.0,1.0,0.926,1.0
2227,1.0,1.0,1.0,1.0,0.8929,1.0
2228,1.0,0.7,1.0,1.0,0.8929,1.0
2229,1.0,0.7,1.0,1.0,0.8929,1.0
2230,0.6,0.7,0.6,0.6,0.5357,0.6
2231,0.6,0.7,0.6,0.6,0.5357,0.6
2232,0.6,0.7,0.6,0.6,0.5357,0.6
2233,0.6,0.7,0.6,0.6,0.5357,0.6
2234,0.6,0.7,0.6,0.6,0.5357,0.6
2235,0.6,0.7,0.6,0.6,0.5357,0.6
2236,0.6,0.7,0.6,0.6,0.5357,0.6
2237,0.6,0.7,0.6,0.6,0.5357,0.6
2238,1.0,1.0,1.0,1.0,0.8929,1.0
2239,1.0,1.0,1.0,1.0,0.8929,1.0
2240,1.0,1.0,1.0,1.0,0.8929,1.0
2241,1.0,1.0,1.0,1.0,0.8929,1.0
2242,1.0,1.0,1.0,1.0,0.926,1.0
2243,1.0,1.0,1.0,1.0,0.9558,1.0
2244,1.0,1.0,1.0,1.0,0.9795,1.0
2245,1.0,1.0,1.0,1.0,0.9948,1.0
2246,1.0,1.0,1.0,1.0,1.0,1.0
2247,1.0,1.0,1.0,1.0,0.9948,1.0
2248,1.0,1.0,1.0,1.0,0.9795,1.0
2249,1.0,1.0,1.0,1.0,0.9558,1.0
2250,1.0,1.0,1.0,1.0,0.926,1.0
2251,1.0,1.0,1.0,1.0,0.8929,1.0
2252,1.0,0.7,1.0,1.0,0.8929,1.0
2253,1.0,0.7,1.0,1.0,0.8929,1.0
2254,0.6,0.7,0.6,0.6,0.5357,0.6
2255,0.6,0.7,0.6,0.6,0.5357,0.6
2256,0.6,0.7,0.6,0.6,0.5357,0.6
2257,0.6,0.7,0.6,0.6,0.5357,0.6
2258,0.6,0.7,0.6,0.6,0.5357,0.6
2259,0.6,0.7,0.6,0.6,0.5357,0.6
2260,0.6,0.7,0.6,0.6,0.5357,0.6
2261,0.6,0.7,0.6,0.6,0.5357,0.6
2262,1.0,1.0,1.0,1.0,0.8929,1.0
2263,1.0,1.0,1.0,1.0,0.8929,1.0
2264,1.0,1.0,1.0,1.0,0.8929,1.0
2265,1.0,1.0,1.0,1.0,0.8929,1.0
2266,1.0,1.0,1.0,1.0,0.926,1.0
2267,1.0,1.0,1.0,1.0,0.9558,1.0
2268,1.0,1.0,1.0,1.0,0.9795,1.0
2269,1.0,1.0,1.0,1.0,0.9948,1.0
2270,1.0,1.0,1.0,1.0,1.0,1.0
2271,1.0,1.0,1.0,1.0,0.9948,1.0
2272,1.0,1.0,1.0,1.0,0.9795,1.0
2273,1.0,1.0,1.0,1.0,0.9558,1.0
2274,1.0,1.0,1.0,1.0,0.926,1.0
2275,1.0,1.0,1.0,1.0,0.8929,1.0
2276,1.0,0.7,1.0,1.0,0.8929,1.0
2277,1.0,0.7,1.0,1.0,0.8929,1.0
2278,0.6,0.7,0.6,0.6,0.5357,0.6
2279,0.6,0.7,0.6,0.6,0.5357,0.6
2280,0.6,0.7,0.6,0.6,0.5357,0.6
2281,0.6,0.7,0.6,0.6,0.5357,0.6
2282,0.6,0.7,0.6,0.6,0.5357,0.6
2283,0.6,0.7,0.6,0.6,0.5357,0.6
2284,0.6,0.7,0.6,0.6,0.5357,0.6
2285,0.6,0.7,0.6,0.6,0.5357,0.6
2286,1.0,1.0,1.0,1.0,0.8929,1.0
2287,1.0,1.0,1.0,1.0,0.8929,1.0
2288,1.0,1.0,1.0,1.0,0.8929,1.0
2289,1.0,1.0,1.0,1.0,0.8929,1.0
2290,1.0,1.0,1.0,1.0,0.926,1.0
2291,1.0,1.0,1.0,1.0,0.9558,1.0
2292,1.0,1.0,1.0,1.0,0.9795,1.0
2293,1.0,1.0,1.0,1.0,0.9948,1.0
2294,1.0,1.0,1.0,1.0,1.0,1.0
2295,1.0,1.0,1.0,1.0,0.9948,1.0
2296,1.0,1.0,1.0,1.0,0.9795,1.0
2297,1.0,1.0,1.0,1.0,0.9558,1.0
2298,1.0,1.0,1.0,1.0,0.926,1.0
2299,1.0,1.0,1.0,1.0,0.8929,1.0
2300,1.0,0.7,1.0,1.0,0.8929,1.0
2301,1.0,0.7,1.0,1.0,0.8929,1.0
2302,0.6,0.7,0.6,0.6,0.5357,0.6
2303,0.6,0.7,0.6,0.6,0.5357,0.6
2304,0.6,0.7,0.6,0.6,0.5357,0.6
2305,0.6,0.7,0.6,0.6,0.5357,0.6
2306,0.6,0.7,0.6,0.6,0.5357,0.6
2307,0.6,0.7,0.6,0.6,0.5357,0.6
2308,0.6,0.7,0.6,0.6,0.5357,0.6
2309,0.6,0.7,0.6,0.6,0.5357,0.6
2310,1.0,1.0,1.0,1.0,0.8929,1.0
2311,1.0,1.0,1.0,1.0,0.8929,1.0
2312,1.0,1.0,1.0,1.0,0.8929,1.0
2313,1.0,1.0,1.0,1.0,0.8929,1.0
2314,1.0,1.0,1.0,1.0,0.926,1.0
2315,1.0,1.0,1.0,1.0,0.9558,1.0
2316,1.0,1.0,1.0,1.0,0.9795,1.0
2317,1.0,1.0,1.0,1.0,0.9948,1.0
2318,1.0,1.0,1.0,1.0,1.0,1.0
2319,1.0,1.0,1.0,1.0,0.9948,1.0
2320,1.0,1.0,1.0,1.0,0.9795,1.0
2321,1.0,1.0,1.0,1.0,0.9558,1.0
2322,1.0,1.0,1.0,1.0,0.926,1.0
2323,1.0,1.0,1.0,1.0,0.8929,1.0
2324,1.0,0.7,1.0,1.0,0.8929,1.0
2325,1.0,0.7,1.0,1.0,0.8929,1.0
2326,0.6,0.7,0.6,0.6,0.5357,0.6
2327,0.6,0.7,0.6,0.6,0.5357,0.6
2328,0.6,0.7,0.6,0.6,0.5357,0.6
2329,0.6,0.7,0.6,0.6,0.5357,0.6
2330,0.6,0.7,0.6,0.6,0.5357,0.6
2331,0.6,0.7,0.6,0.6,0.5357,0.6
2332,0.6,0.7,0.6,0.6,0.5357,0.6
2333,0.6,0.7,0.6,0.6,0.5357,0.6
2334,1.0,1.0,1.0,1.0,0.8929,1.0
2335,1.0,1.0,1.0,1.0,0.8929,1.0
2336,1.0,1.0,1.0,1.0,0.8929,1.0
2337,1.0,1.0,1.0,1.0,0.8929,1.0
2338,1.0,1.0,1.0,1.0,0.926,1.0
2339,1.0,1.0,1.0,1.0,0.9558,1.0
2340,1.0,1.0,1.0,1.0,0.9795,1.0
2341,1.0,1.0,1.0,1.0,0.9948,1.0
2342,1.0,1.0,1.0,1.0,1.0,1.0
2343,1.0,1.0,1.0,1.0,0.9948,1.0
2344,1.0,1.0,1.0,1.0,0.9795,1.0
2345,1.0,1.0,1.0,1.0,0.9558,1.0
2346,1.0,1.0,1.0,1.0,0.926,1.0
2347,1.0,1.0,1.0,1.0,0.8929,1.0
2348,1.0,0.7,1.0,1.0,0.8929,1.0
2349,1.0,0.7,1.0,1.0,0.8929,1.0
2350,0.6,0.7,0.6,0.6,0.5357,0.6
2351,0.6,0.7,0.6,0.6,0.5357,0.6
2352,0.6,0.7,0.6,0.6,0.5357,0.6
2353,0.6,0.7,0.6,0.6,0.5357,0.6
2354,0.6,0.7,0.6,0.6,0.5357,0.6
2355,0.6,0.7,0.6,0.6,0.5357,0.6
2356,0.6,0.7,0.6,0.6,0.5357,0.6
2357,0.6,0.7,0.6,0.6,0.5357,0.6
2358,1.0,1.0,1.0,1.0,0.8929,1.0
2359,1.0,1.0,1.0,1.0,0.8929,1.0
2360,1.0,1.0,1.0,1.0,0.8929,1.0
2361,1.0,1.0,1.0,1.0,0.8929,1.0
2362,1.0,1.0,1.0,1.0,0.926,1.0
2363,1.0,1.0,1.0,1.0,0.9558,1.0
2364,1.0,1.0,1.0,1.0,0.9795,1.0
2365,1.0,1.0,1.0,1.0,0.9948,1.0
2366,1.0,1.0,1.0,1.0,1.0,1.0
2367,1.0,1.0,1.0,1.0,0.9948,1.0
2368,1.0,1.0,1.0,1.0,0.9795,1.0
2369,1.0,1.0,1.0,1.0,0.9558,1.0
2370,1.0,1.0,1.0,1.0,0.926,1.0
2371,1.0,1.0,1.0,1.0,0.8929,1.0
2372,1.0,0.7,1.0,1.0,0.8929,1.0
2373,1.0,0.7,1.0,1.0,0.8929,1.0
2374,0.6,0.7,0.6,0.6,0.5357,0.6
2375,0.6,0.7,0.6,0.6,0.5357,0.6
2376,0.6,0.7,0.6,0.6,0.5357,0.6
2377,0.6,0.7,0.6,0.6,0.5357,0.6
2378,0.6,0.7,0.6,0.6,0.5357,0.6
2379,0.6,0.7,0.6,0.6,0.5357,0.6
2380,0.6,0.7,0.6,0.6,0.5357,0.6
2381,0.6,0.7,0.6,0.6,0.5357,0.6
2382,1.0,1.0,1.0,1.0,0.8929,1.0
2383,1.0,1.0,1.0,1.0,0.8929,1.0
2384,1.0,1.0,1.0,1.0,0.8929,1.0
2385,1.0,1.0,1.0,1.0,0.8929,1.0
2386,1.0,1.0,1.0,1.0,0.926,1.0
2387,1.0,1.0,1.0,1.0,0.9558,1.0
2388,1.0,1.0,1.0,1.0,0.9795,1.0
2389,1.0,1.0,1.0,1.0,0.9948,1.0
2390,1.0,1.0,1.0,1.0,1.0,1.0
2391,1.0,1.0,1.0,1.0,0.9948,1.0
2392,1.0,1.0,1.0,1.0,0.9795,1.0
2393,1.0,1.0,1.0,1.0,0.9558,1.0
2394,1.0,1.0,1.0,1.0,0.926,1.0
2395,1.0,1.0,1.0,1.0,0.8929,1.0
2396,1.0,0.7,1.0,1.0,0.8929,1.0
2397,1.0,0.7,1.0,1.0,0.8929,1.0
2398,0.6,0.7,0.6,0.6,0.5357,0.6
2399,0.6,0.7,0.6,0.6,0.5357,0.6
2400,0.6,0.7,0.6,0.6,0.5357,0.6
2401,0.6,0.7,0.6,0.6,0.5357,0.6
2402,0.6,0.7,0.6,0.6,0.5357,0.6
2403,0.6,0.7,0.6,0.6,0.5357,0.6
2404,0.6,0.7,0.6,0.6,0.5357,0.6
2405,0.6,0.7,0.6,0.6,0.5357,0.6
2406,1.0,1.0,1.0,1.0,0.8929,1.0
2407,1.0,1.0,1.0,1.0,0.8929,1.0
2408,1.0,1.0,1.0,1.0,0.8929,1.0
2409,1.0,1.0,1.0,1.0,0.8929,1.0
2410,1.0,1.0,1.0,1.0,0.926,1.0
2411,1.0,1.0,1.0,1.0,0.9558,1.0
2412,1.0,1.0,1.0,1.0,0.9795,1.0
2413,1.0,1.0,1.0,1.0,0.9948,1.0
2414,1.0,1.0,1.0,1.0,1.0,1.0
2415,1.0,1.0,1.0,1.0,0.9948,1.0
2416,1.0,1.0,1.0,1.0,0.9795,1.0
2417,1.0,1.0,1.0,1.0,0.9558,1.0
2418,1.0,1.0,1.0,1.0,0.926,1.0
2419,1.0,1.0,1.0,1.0,0.8929,1.0
2420,1.0,0.7,1.0,1.0,0.8929,1.0
2421,1.0,0.7,1.0,1.0,0.8929,1.0
2422,0.6,0.7,0.6,0.6,0.5357,0.6
2423,0.6,0.7,0.6,0.6,0.5357,0.6
2424,0.6,0.7,0.6,0.6,0.5357,0.6
2425,0.6,0.7,0.6,0.6,0.5357,0.6
2426,0.6,0.7,0.6,0.6,0.5357,0.6
2427,0.6,0.7,0.6,0.6,0.5357,0.6
2428,0.6,0.7,0.6,0.6,0.5357,0.6
2429,0.6,0.7,0.6,0.6,0.5357,0.6
2430,1.0,1.0,1.0,1.0,0.8929,1.0
2431,1.0,1.0,1.0,1.0,0.8929,1.0
2432,1.0,1.0,1.0,1.0,0.8929,1.0
2433,1.0,1.0,1.0,1.0,0.8929,1.0
2434,1.0,1.0,1.0,1.0,0.926,1.0
2435,1.0,1.0,1.0,1.0,0.9558,1.0
2436,1.0,1.0,1.0,1.0,0.9795,1.0
2437,1.0,1.0,1.0,1.0,0.9948,1.0
2438,1.0,1.0,1.0,1.0,1.0,1.0
2439,1.0,1.0,1.0,1.0,0.9948,1.0
2440,1.0,1.0,1.0,1.0,0.9795,1.0
2441,1.0,1.0,1.0,1.0,0.9558,1.0
2442,1.0,1.0,1.0,1.0,0.926,1.0
2443,1.0,1.0,1.0,1.0,0.8929,1.0
2444,1.0,0.7,1.0,1.0,0.8929,1.0
2445,1.0,0.7,1.0,1.0,0.8929,1.0
2446,0.6,0.7,0.6,0.6,0.5357,0.6
2447,0.6,0.7,0.6,0.6,0.5357,0.6
2448,0.6,0.7,0.6,0.6,0.5357,0.6
2449,0.6,0.7,0.6,0.6,0.5357,0.6
2450,0.6,0.7,0.6,0.6,0.5357,0.6
2451,0.6,0.7,0.6,0.6,0.5357,0.6
2452,0.6,0.7,0.6,0.6,0.5357,0.6
2453,0.6,0.7,0.6,0.6,0.5357,0.6
2454,1.0,1.0,1.0,1.0,0.8929,1.0
2455,1.0,1.0,1.0,1.0,0.8929,1.0
2456,1.0,1.0,1.0,1.0,0.8929,1.0
2457,1.0,1.0,1.0,1.0,0.8929,1.0
2458,1.0,1.0,1.0,1.0,0.926,1.0
2459,1.0,1.0,1.0,1.0,0.9558,1.0
2460,1.0,1.0,1.0,1.0,0.9795,1.0
2461,1.0,1.0,1.0,1.0,0.9948,1.0
2462,1.0,1.0,1.0,1.0,1.0,1.0
2463,1.0,1.0,1.0,1.0,0.9948,1.0
2464,1.0,1.0,1.0,1.0,0.9795,1.0
2465,1.0,1.0,1.0,1.0,0.9558,1.0
2466,1.0,1.0,1.0,1.0,0.926,1.0
2467,1.0,1.0,1.0,1.0,0.8929,1.0
2468,1.0,0.7,1.0,1.0,0.8929,1.0
2469,1.0,0.7,1.0,1.0,0.8929,1.0
2470,0.6,0.7,0.6,0.6,0.5357,0.6
2471,0.6,0.7,0.6,0.6,0.5357,0.6
2472,0.6,0.7,0.6,0.6,0.5357,0.6
2473,0.6,0.7,0.6,0.6,0.5357,0.6
2474,0.6,0.7,0.6,0.6,0.5357,0.6
2475,0.6,0.7,0.6,0.6,0.5357,0.6
2476,0.6,0.7,0.6,0.6,0.5357,0.6
2477,0.6,0.7,0.6,0.6,0.5357,0.6
2478,1.0,1.0,1.0,1.0,0.8929,1.0
2479,1.0,1.0,1.0,1.0,0.8929,1.0
2480,1.0,1.0,1.0,1.0,0.8929,1.0
2481,1.0,1.0,1.0,1.0,0.8929,1.0
2482,1.0,1.0,1.0,1.0,0.926,1.0
2483,1.0,1.0,1.0,1.0,0.9558,1.0
2484,1.0,1.0,1.0,1.0,0.9795,1.0
2485,1.0,1.0,1.0,1.0,0.9948,1.0
2486,1.0,1.0,1.0,1.0,1.0,1.0
2487,1.0,1.0,1.0,1.0,0.9948,1.0
2488,1.0,1.0,1.0,1.0,0.9795,1.0
2489,1.0,1.0,1.0,1.0,0.9558,1.0
2490,1.0,1.0,1.0,1.0,0.926,1.0
2491,1.0,1.0,1.0,1.0,0.8929,1.0
2492,1.0,0.7,1.0,1.0,0.8929,1.0
2493,1.0,0.7,1.0,1.0,0.8929,1.0
2494,0.6,0.7,0.6,0.6,0.5357,0.6
2495,0.6,0.7,0.6,0.6,0.5357,0.6
2496,0.6,0.7,0.6,0.6,0.5357,0.6
2497,0.6,0.7,0.6,0.6,0.5357,0.6
2498,0.6,0.7,0.6,0.6,0.5357,0.6
2499,0.6,0.7,0.6,0.6,0.5357,0.6
2500,0.6,0.7,0.6,0.6,0.5357,0.6
2501,0.6,0.7,0.6,0.6,0.5357,0.6
2502,1.0,1.0,1.0,1.0,0.8929,1.0
2503,1.0,1.0,1.0,1.0,0.8929,1.0
2504,1.0,1.0,1.0,1.0,0.8929,1.0
2505,1.0,1.0,1.0,1.0,0.8929,1.0
2506,1.0,1.0,1.0,1.0,0.926,1.0
2507,1.0,1.0,1.0,1.0,0.9558,1.0
2508,1.0,1.0,1.0,1.0,0.9795,1.0
2509,1.0,1.0,1.0,1.0,0.9948,1.0
2510,1.0,1.0,1.0,1.0,1.0,1.0
2511,1.0,1.0,1.0,1.0,0.9948,1.0
2512,1.0,1.0,1.0,1.0,0.9795,1.0
2513,1.0,1.0,1.0,1.0,0.9558,1.0
2514,1.0,1.0,1.0,1.0,0.926,1.0
2515,1.0,1.0,1.0,1.0,0.8929,1.0
2516,1.0,0.7,1.0,1.0,0.8929,1.0
2517,1.0,0.7,1.0,1.0,0.8929,1.0
2518,0.6,0.7,0.6,0.6,0.5357,0.6
2519,0.6,0.7,0.6,0.6,0.5357,0.6
2520,0.6,0.7,0.6,0.6,0.5357,0.6
2521,0.6,0.7,0.6,0.6,0.5357,0.6
2522,0.6,0.7,0.6,0.6,0.5357,0.6
2523,0.6,0.7,0.6,0.6,0.5357,0.6
2524,0.6,0.7,0.6,0.6,0.5357,0.6
2525,0.6,0.7,0.6,0.6,0.5357,0.6
2526,1.0,1.0,1.0,1.0,0.8929,1.0
2527,1.0,1.0,1.0,1.0,0.8929,1.0
2528,1.0,1.0,1.0,1.0,0.8929,1.0
2529,1.0,1.0,1.0,1.0,0.8929,1.0
2530,1.0,1.0,1.0,1.0,0.926,1.0
2531,1.0,1.0,1.0,1.0,0.9558,1.0
2532,1.0,1.0,1.0,1.0,0.9795,1.0
2533,1.0,1.0,1.0,1.0,0.9948,1.0
2534,1.0,1.0,1.0,1.0,1.0,1.0
2535,1.0,1.0,1.0,1.0,0.9948,1.0
2536,1.0,1.0,1.0,1.0,0.9795,1.0
2537,1.0,1.0,1.0,1.0,0.9558,1.0
2538,1.0,1.0,1.0,1.0,0.926,1.0
2539,1.0,1.0,1.0,1.0,0.8929,1.0
2540,1.0,0.7,1.0,1.0,0.8929,1.0
2541,1.0,0.7,1.0,1.0,0.8929,1.0
2542,0.6,0.7,0.6,0.6,0.5357,0.6
2543,0.6,0.7,0.6,0.6,0.5357,0.6
2544,0.6,0.7,0.6,0.6,0.5357,0.6
2545,0.6,0.7,0.6,0.6,0.5357,0.6
2546,0.6,0.7,0.6,0.6,0.5357,0.6
2547,0.6,0.7,0.6,0.6,0.5357,0.6
2548,0.6,0.7,0.6,0.6,0.5357,0.6
2549,0.6,0.7,0.6,0.6,0.5357,0.6
2550,1.0,1.0,1.0,1.0,0.8929,1.0
2551,1.0,1.0,1.0,1.0,0.8929,1.0
2552,1.0,1.0,1.0,1.0,0.8929,1.0
2553,1.0,1.0,1.0,1.0,0.8929,1.0
2554,1.0,1.0,1.0,1.0,0.926,1.0
2555,1.0,1.0,1.0,1.0,0.9558,1.0
2556,1.0,1.0,1.0,1.0,0.9795,1.0
2557,1.0,1.0,1.0,1.0,0.9948,1.0
2558,1.0,1.0,1.0,1.0,1.0,1.0
2559,1.0,1.0,1.0,1.0,0.9948,1.0
2560,1.0,1.0,1.0,1.0,0.9795,1.0
2561,1.0,1.0,1.0,1.0,0.9558,1.0
2562,1.0,1.0,1.0,1.0,0.926,1.0
2563,1.0,1.0,1.0,1.0,0.8929,1.0
2564,1.0,0.7,1.0,1.0,0.8929,1.0
2565,1.0,0.7,1.0,1.0,0.8929,1.0
2566,0.6,0.7,0.6,0.6,0.5357,0.6
2567,0.6,0.7,0.6,0.6,0.5357,0.6
2568,0.6,0.7,0.6,0.6,0.5357,0.6
2569,0.6,0.7,0.6,0.6,0.5357,0.6
2570,0.6,0.7,0.6,0.6,0.5357,0.6
2571,0.6,0.7,0.6,0.6,0.5357,0.6
2572,0.6,0.7,0.6,0.6,0.5357,0.6
2573,0.6,0.7,0.6,0.6,0.5357,0.6
2574,1.0,1.0,1.0,1.0,0.8929,1.0
2575,1.0,1.0,1.0,1.0,0.8929,1.0
2576,1.0,1.0,1.0,1.0,0.8929,1.0
2577,1.0,1.0,1.0,1.0,0.8929,1.0
2578,1.0,1.0,1.0,1.0,0.926,1.0
2579,1.0,1.0,1.0,1.0,0.9558,1.0
2580,1.0,1.0,1.0,1.0,0.9795,1.0
2581,1.0,1.0,1.0,1.0,0.9948,1.0
2582,1.0,1.0,1.0,1.0,1.0,1.0
2583,1.0,1.0,1.0,1.0,0.9948,1.0
2584,1.0,1.0,1.0,1.0,0.9795,1.0
2585,1.0,1.0,1.0,1.0,0.9558,1.0
2586,1.0,1.0,1.0,1.0,0.926,1.0
2587,1.0,1.0,1.0,1.0,0.8929,1.0
2588,1.0,0.7,1.0,1.0,0.8929,1.0
2589,1.0,0.7,1.0,1.0,0.8929,1.0
2590,0.6,0.7,0.6,0.6,0.5357,0.6
2591,0.6,0.7,0.6,0.6,0.5357,0.6
2592,0.6,0.7,0.6,0.6,0.5357,0.6
2593,0.6,0.7,0.6,0.6,0.5357,0.6
2594,0.6,0.7,0.6,0.6,0.5357,0.6
2595,0.6,0.7,0.6,0.6,0.5357,0.6
2596,0.6,0.7,0.6,0.6,0.5357,0.6
2597,0.6,0.7,0.6,0.6,0.5357,0.6
2598,1.0,1.0,1.0,1.0,0.8929,1.0
2599,1.0,1.0,1.0,1.0,0.8929,1.0
2600,1.0,1.0,1.0,1.0,0.8929,1.0
2601,1.0,1.0,1.0,1.0,0.8929,1.0
2602,1.0,1.0,1.0,1.0,0.926,1.0
2603,1.0,1.0,1.0,1.0,0.9558,1.0
2604,1.0,1.0,1.0,1.0,0.9795,1.0
2605,1.0,1.0,1.0,1.0,0.9948,1.0
2606,1.0,1.0,1.0,1.0,1.0,1.0
2607,1.0,1.0,1.0,1.0,0.9948,1.0
2608,1.0,1.0,1.0,1.0,0.9795,1.0
2609,1.0,1.0,1.0,1.0,0.9558,1.0
2610,1.0,1.0,1.0,1.0,0.926,1.0
2611,1.0,1.0,1.0,1.0,0.8929,1.0
2612,1.0,0.7,1.0,1.0,0.8929,1.0
2613,1.0,0.7,1.0,1.0,0.8929,1.0
2614,0.6,0.7,0.6,0.6,0.5357,0.6
2615,0.6,0.7,0.6,0.6,0.5357,0.6
2616,0.6,0.7,0.6,0.6,0.5357,0.6
2617,0.6,0.7,0.6,0.6,0.5357,0.6
2618,0.6,0.7,0.6,0.6,0.5357,0.6
2619,0.6,0.7,0.6,0.6,0.5357,0.6
2620,0.6,0.7,0.6,0.6,0.5357,0.6
2621,0.6,0.7,0.6,0.6,0.5357,0.6
2622,1.0,1.0,1.0,1.0,0.8929,1.0
2623,1.0,1.0,1.0,1.0,0.8929,1.0
2624,1.0,1.0,1.0,1.0,0.8929,1.0
2625,1.0,1.0,1.0,1.0,0.8929,1.0
2626,1.0,1.0,1.0,1.0,0.926,1.0
2627,1.0,1.0,1.0,1.0,0.9558,1.0
2628,1.0,1.0,1.0,1.0,0.9795,1.0
2629,1.0,1.0,1.0,1.0,0.9948,1.0
2630,1.0,1.0,1.0,1.0,1.0,1.0
2631,1.0,1.0,1.0,1.0,0.9948,1.0
2632,1.0,1.0,1.0,1.0,0.9795,1.0
2633,1.0,1.0,1.0,1.0,0.9558,1.0
2634,1.0,1.0,1.0,1.0,0.926,1.0
2635,1.0,1.0,1.0,1.0,0.8929,1.0
2636,1.0,0.7,1.0,1.0,0.8929,1.0
2637,1.0,0.7,1.0,1.0,0.8929,1.0
2638,0.6,0.7,0.6,0.6,0.5357,0.6
2639,0.6,0.7,0.6,0.6,0.5357,0.6
2640,0.6,0.7,0.6,0.6,0.5357,0.6
2641,0.6,0.7,0.6,0.6,0.5357,0.6
2642,0.6,0.7,0.6,0.6,0.5357,0.6
2643,0.6,0.7,0.6,0.6,0.5357,0.6
2644,0.6,0.7,0.6,0.6,0.5357,0.6
2645,0.6,0.7,0.6,0.6,0.5357,0.6
2646,1.0,1.0,1.0,1.0,0.8929,1.0
2647,1.0,1.0,1.0,1.0,0.8929,1.0
2648,1.0,1.0,1.0,1.0,0.8929,1.0
2649,1.0,1.0,1.0,1.0,0.8929,1.0
2650,1.0,1.0,1.0,1.0,0.926,1.0
2651,1.0,1.0,1.0,1.0,0.9558,1.0
2652,1.0,1.0,1.0,1.0,0.9795,1.0
2653,1.0,1.0,1.0,1.0,0.9948,1.0
2654,1.0,1.0,1.0,1.0,1.0,1.0
2655,1.0,1.0,1.0,1.0,0.9948,1.0
2656,1.0,1.0,1.0,1.0,0.9795,1.0
2657,1.0,1.0,1.0,1.0,0.9558,1.0
2658,1.0,1.0,1.0,1.0,0.926,1.0
2659,1.0,1.0,1.0,1.0,0.8929,1.0
2660,1.0,0.7,1.0,1.0,0.8929,1.0
2661,1.0,0.7,1.0,1.0,0.8929,1.0
2662,0.6,0.7,0.6,0.6,0.5357,0.6
2663,0.6,0.7,0.6,0.6,0.5357,0.6
2664,0.6,0.7,0.6,0.6,0.5357,0.6
2665,0.6,0.7,0.6,0.6,0.5357,0.6
2666,0.6,0.7,0.6,0.6,0.5357,0.6
2667,0.6,0.7,0.6,0.6,0.5357,0.6
2668,0.6,0.7,0.6,0.6,0.5357,0.6
2669,0.6,0.7,0.6,0.6,0.5357,0.6
2670,1.0,1.0,1.0,1.0,0.8929,1.0
2671,1.0,1.0,1.0,1.0,0.8929,1.0
2672,1.0,1.0,1.0,1.0,0.8929,1.0
2673,1.0,1.0,1.0,1.0,0.8929,1.0
2674,1.0,1.0,1.0,1.0,0.926,1.0
2675,1.0,1.0,1.0,1.0,0.9558,1.0
2676,1.0,1.0,1.0,1.0,0.9795,1.0
2677,1.0,1.0,1.0,1.0,0.9948,1.0
2678,1.0,1.0,1.0,1.0,1.0,1.0
2679,1.0,1.0,1.0,1.0,0.9948,1.0
2680,1.0,1.0,1.0,1.0,0.9795,1.0
2681,1.0,1.0,1.0,1.0,0.9558,1.0
2682,1.0,1.0,1.0,1.0,0.926,1.0
2683,1.0,1.0,1.0,1.0,0.8929,1.0
2684,1.0,0.7,1.0,1.0,0.8929,1.0
2685,1.0,0.7,1.0,1.0,0.8929,1.0
2686,0.6,0.7,0.6,0.6,0.5357,0.6
2687,0.6,0.7,0.6,0.6,0.5357,0.6
2688,0.6,0.7,0.6,0.6,0.5357,0.6
2689,0.6,0.7,0.6,0.6,0.5357,0.6
2690,0.6,0.7,0.6,0.6,0.5357,0.6
2691,0.6,0.7,0.6,0.6,0.5357,0.6
2692,0.6,0.7,0.6,0.6,0.5357,0.6
2693,0.6,0.7,0.6,0.6,0.5357,0.6
2694,1.0,1.0,1.0,1.0,0.8929,1.0
2695,1.0,1.0,1.0,1.0,0.8929,1.0
2696,1.0,1.0,1.0,1.0,0.8929,1.0
2697,1.0,1.0,1.0,1.0,0.8929,1.0
2698,1.0,1.0,1.0,1.0,0.926,1.0
2699,1.0,1.0,1.0,1.0,0.9558,1.0
2700,1.0,1.0,1.0,1.0,0.9795,1.0
2701,1.0,1.0,1.0,1.0,0.9948,1.0
2702,1.0,1.0,1.0,1.0,1.0,1.0
2703,1.0,1.0,1.0,1.0,0.9948,1.0
2704,1.0,1.0,1.0,1.0,0.9795,1.0
2705,1.0,1.0,1.0,1.0,0.9558,1.0
2706,1.0,1.0,1.0,1.0,0.926,1.0
2707,1.0,1.0,1.0,1.0,0.8929,1.0
2708,1.0,0.7,1.0,1.0,0.8929,1.0
2709,1.0,0.7,1.0,1.0,0.8929,1.0
2710,0.6,0.7,0.6,0.6,0.5357,0.6
2711,0.6,0.7,0.6,0.6,0.5357,0.6
2712,0.6,0.7,0.6,0.6,0.5357,0.6
2713,0.6,0.7,0.6,0.6,0.5357,0.6
2714,0.6,0.7,0.6,0.6,0.5357,0.6
2715,0.6,0.7,0.6,0.6,0.5357,0.6
2716,0.6,0.7,0.6,0.6,0.5357,0.6
2717,0.6,0.7,0.6,0.6,0.5357,0.6
2718,1.0,1.0,1.0,1.0,0.8929,1.0
2719,1.0,1.0,1.0,1.0,0.8929,1.0
2720,1.0,1.0,1.0,1.0,0.8929,1.0
2721,1.0,1.0,1.0,1.0,0.8929,1.0
2722,1.0,1.0,1.0,1.0,0.926,1.0
2723,1.0,1.0,1.0,1.0,0.9558,1.0
2724,1.0,1.0,1.0,1.0,0.9795,1.0
2725,1.0,1.0,1.0,1.0,0.9948,1.0
2726,1.0,1.0,1.0,1.0,1.0,1.0
2727,1.0,1.0,1.0,1.0,0.9948,1.0
2728,1.0,1.0,1.0,1.0,0.9795,1.0
2729,1.0,1.0,1.0,1.0,0.9558,1.0
2730,1.0,1.0,1.0,1.0,0.926,1.0
2731,1.0,1.0,1.0,1.0,0.8929,1.0
2732,1.0,0.7,1.0,1.0,0.8929,1.0
2733,1.0,0.7,1.0,1.0,0.8929,1.0
2734,0.6,0.7,0.6,0.6,0.5357,0.6
2735,0.6,0.7,0.6,0.6,0.5357,0.6
2736,0.6,0.7,0.6,0.6,0.5357,0.6
2737,0.6,0.7,0.6,0.6,0.5357,0.6
2738,0.6,0.7,0.6,0.6,0.5357,0.6
2739,0.6,0.7,0.6,0.6,0.5357,0.6
2740,0.6,0.7,0.6,0.6,0.5357,0.6
2741,0.6,0.7,0.6,0.6,0.5357,0.6
2742,1.0,1.0,1.0,1.0,0.8929,1.0
2743,1.0,1.0,1.0,1.0,0.8929,1.0
2744,1.0,1.0,1.0,1.0,0.8929,1.0
2745,1.0,1.0,1.0,1.0,0.8929,1.0
2746,1.0,1.0,1.0,1.0,0.926,1.0
2747,1.0,1.0,1.0,1.0,0.9558,1.0
2748,1.0,1.0,1.0,1.0,0.9795,1.0
2749,1.0,1.0,1.0,1.0,0.9948,1.0
2750,1.0,1.0,1.0,1.0,1.0,1.0
2751,1.0,1.0,1.0,1.0,0.9948,1.0
2752,1.0,1.0,1.0,1.0,0.9795,1.0
2753,1.0,1.0,1.0,1.0,0.9558,1.0
2754,1.0,1.0,1.0,1.0,0.926,1.0
2755,1.0,1.0,1.0,1.0,0.8929,1.0
2756,1.0,0.7,1.0,1.0,0.8929,1.0
2757,1.0,0.7,1.0,1.0,0.8929,1.0
2758,0.6,0.7,0.6,0.6,0.5357,0.6
2759,0.6,0.7,0.6,0.6,0.5357,0.6
2760,0.6,0.7,0.6,0.6,0.5357,0.6
2761,0.6,0.7,0.6,0.6,0.5357,0.6
2762,0.6,0.7,0.6,0.6,0.5357,0.6
2763,0.6,0.7,0.6,0.6,0.5357,0.6
2764,0.6,0.7,0.6,0.6,0.5357,0.6
2765,0.6,0.7,0.6,0.6,0.5357,0.6
2766,1.0,1.0,1.0,1.0,0.8929,1.0
2767,1.0,1.0,1.0,1.0,0.8929,1.0
2768,1.0,1.0,1.0,1.0,0.8929,1.0
2769,1.0,1.0,1.0,1.0,0.8929,1.0
2770,1.0,1.0,1.0,1.0,0.926,1.0
2771,1.0,1.0,1.0,1.0,0.9558,1.0
2772,1.0,1.0,1.0,1.0,0.9795,1.0
2773,1.0,1.0,1.0,1.0,0.9948,1.0
2774,1.0,1.0,1.0,1.0,1.0,1.0
2775,1.0,1.0,1.0,1.0,0.9948,1.0
2776,1.0,1.0,1.0,1.0,0.9795,1.0
2777,1.0,1.0,1.0,1.0,0.9558,1.0
2778,1.0,1.0,1.0,1.0,0.926,1.0
2779,1.0,1.0,1.0,1.0,0.8929,1.0
2780,1.0,0.7,1.0,1.0,0.8929,1.0
2781,1.0,0.7,1.0,1.0,0.8929,1.0
2782,0.6,0.7,0.6,0.6,0.5357,0.6
2783,0.6,0.7,0.6,0.6,0.5357,0.6
2784,0.6,0.7,0.6,0.6,0.5357,0.6
2785,0.6,0.7,0.6,0.6,0.5357,0.6
2786,0.6,0.7,0.6,0.6,0.5357,0.6
2787,0.6,0.7,0.6,0.6,0.5357,0.6
2788,0.6,0.7,0.6,0.6,0.5357,0.6
2789,0.6,0.7,0.6,0.6,0.5357,0.6
2790,1.0,1.0,1.0,1.0,0.8929,1.0
2791,1.0,1.0,1.0,1.0,0.8929,1.0
2792,1.0,1.0,1.0,1.0,0.8929,1.0
2793,1.0,1.0,1.0,1.0,0.8929,1.0
2794,1.0,1.0,1.0,1.0,0.926,1.0
2795,1.0,1.0,1.0,1.0,0.9558,1.0
2796,1.0,1.0,1.0,1.0,0.9795,1.0
2797,1.0,1.0,1.0,1.0,0.9948,1.0
2798,1.0,1.0,1.0,1.0,1.0,1.0
2799,1.0,1.0,1.0,1.0,0.9948,1.0
2800,1.0,1.0,1.0,1.0,0.9795,1.0
2801,1.0,1.0,1.0,1.0,0.9558,1.0
2802,1.0,1.0,1.0,1.0,0.926,1.0
2803,1.0,1.0,1.0,1.0,0.8929,1.0
2804,1.0,0.7,1.0,1.0,0.8929,1.0
2805,1.0,0.7,1.0,1.0,0.8929,1.0
2806,0.6,0.7,0.6,0.6,0.5357,0.6
2807,0.6,0.7,0.6,0.6,0.5357,0.6
2808,0.6,0.7,0.6,0.6,0.5357,0.6
2809,0.6,0.7,0.6,0.6,0.5357,0.6
2810,0.6,0.7,0.6,0.6,0.5357,0.6
2811,0.6,0.7,0.6,0.6,0.5357,0.6
2812,0.6,0.7,0.6,0.6,0.5357,0.6
2813,0.6,0.7,0.6,0.6,0.5357,0.6
2814,1.0,1.0,1.0,1.0,0.8929,1.0
2815,1.0,1.0,1.0,1.0,0.8929,1.0
2816,1.0,1.0,1.0,1.0,0.8929,1.0
2817,1.0,1.0,1.0,1.0,0.8929,1.0
2818,1.0,1.0,1.0,1.0,0.926,1.0
2819,1.0,1.0,1.0,1.0,0.9558,1.0
2820,1.0,1.0,1.0,1.0,0.9795,1.0
2821,1.0,1.0,1.0,1.0,0.9948,1.0
2822,1.0,1.0,1.0,1.0,1.0,1.0
2823,1.0,1.0,1.0,1.0,0.9948,1.0
2824,1.0,1.0,1.0,1.0,0.9795,1.0
2825,1.0,1.0,1.0,1.0,0.9558,1.0
2826,1.0,1.0,1.0,1.0,0.926,1.0
2827,1.0,1.0,1.0,1.0,0.8929,1.0
2828,1.0,0.7,1.0,1.0,0.8929,1.0
2829,1.0,0.7,1.0,1.0,0.8929,1.0
2830,0.6,0.7,0.6,0.6,0.5357,0.6
2831,0.6,0.7,0.6,0.6,0.5357,0.6
2832,0.6,0.7,0.6,0.6,0.5357,0.6
2833,0.6,0.7,0.6,0.6,0.5357,0.6
2834,0.6,0.7,0.6,0.6,0.5357,0.6
2835,0.6,0.7,0.6,0.6,0.5357,0.6
2836,0.6,0.7,0.6,0.6,0.5357,0.6
2837,0.6,0.7,0.6,0.6,0.5357,0.6
2838,1.0,1.0,1.0,1.0,0.8929,1.0
2839,1.0,1.0,1.0,1.0,0.8929,1.0
2840,1.0,1.0,1.0,1.0,0.8929,1.0
2841,1.0,1.0,1.0,1.0,0.8929,1.0
2842,1.0,1.0,1.0,1.0,0.926,1.0
2843,1.0,1.0,1.0,1.0,0.9558,1.0
2844,1.0,1.0,1.0,1.0,0.9795,1.0
2845,1.0,1.0,1.0,1.0,0.9948,1.0
2846,1.0,1.0,1.0,1.0,1.0,1.0
2847,1.0,1.0,1.0,1.0,0.9948,1.0
2848,1.0,1.0,1.0,1.0,0.9795,1.0
2849,1.0,1.0,1.0,1.0,0.9558,1.0
2850,1.0,1.0,1.0,1.0,0.926,1.0
2851,1.0,1.0,1.0,1.0,0.8929,1.0
2852,1.0,0.7,1.0,1.0,0.8929,1.0
2853,1.0,0.7,1.0,1.0,0.8929,1.0
2854,0.6,0.7,0.6,0.6,0.5357,0.6
2855,0.6,0.7,0.6,0.6,0.5357,0.6
2856,0.6,0.7,0.6,0.6,0.5357,0.6
2857,0.6,0.7,0.6,0.6,0.5357,0.6
2858,0.6,0.7,0.6,0.6,0.5357,0.6
2859,0.6,0.7,0.6,0.6,0.5357,0.6
2860,0.6,0.7,0.6,0.6,0.5357,0.6
2861,0.6,0.7,0.6,0.6,0.5357,0.6
2862,1.0,1.0,1.0,1.0,0.8929,1.0
2863,1.0,1.0,1.0,1.0,0.8929,1.0
2864,1.0,1.0,1.0,1.0,0.8929,1.0
2865,1.0,1.0,1.0,1.0,0.8929,1.0
2866,1.0,1.0,1.0,1.0,0.926,1.0
2867,1.0,1.0,1.0,1.0,0.9558,1.0
2868,1.0,1.0,1.0,1.0,0.9795,1.0
2869,1.0,1.0,1.0,1.0,0.9948,1.0
2870,1.0,1.0,1.0,1.0,1.0,1.0
2871,1.0,1.0,1.0,1.0,0.9948,1.0
2872,1.0,1.0,1.0,1.0,0.9795,1.0
2873,1.0,1.0,1.0,1.0,0.9558,1.0
2874,1.0,1.0,1.0,1.0,0.926,1.0
2875,1.0,1.0,1.0,1.0,0.8929,1.0
2876,1.0,0.7,1.0,1.0,0.8929,1.0
2877,1.0,0.7,1.0,1.0,0.8929,1.0
2878,0.6,0.7,0.6,0.6,0.5357,0.6
2879,0.6,0.7,0.6,0.6,0.5357,0.6
2880,0.6,0.7,0.6,0.6,0.5357,0.6
2881,0.6,0.7,0.6,0.6,0.5357,0.6
2882,0.6,0.7,0.6,0.6,0.5357,0.6
2883,0.6,0.7,0.6,0.6,0.5357,0.6
2884,0.6,0.7,0.6,0.6,0.5357,0.6
2885,0.6,0.7,0.6,0.6,0.5357,0.6
2886,1.0,1.0,1.0,1.0,0.8929,1.0
2887,1.0,1.0,1.0,1.0,0.8929,1.0
2888,1.0,1.0,1.0,1.0,0.8929,1.0
2889,1.0,1.0,1.0,1.0,0.8929,1.0
2890,1.0,1.0,1.0,1.0,0.926,1.0
2891,1.0,1.0,1.0,1.0,0.9558,1.0
2892,1.0,1.0,1.0,1.0,0.9795,1.0
2893,1.0,1.0,1.0,1.0,0.9948,1.0
2894,1.0,1.0,1.0,1.0,1.0,1.0
2895,1.0,1.0,1.0,1.0,0.9948,1.0
2896,1.0,1.0,1.0,1.0,0.9795,1.0
2897,1.0,1.0,1.0,1.0,0.9558,1.0
2898,1.0,1.0,1.0,1.0,0.926,1.0
2899,1.0,1.0,1.0,1.0,0.8929,1.0
2900,1.0,0.7,1.0,1.0,0.8929,1.0
2901,1.0,0.7,1.0,1.0,0.8929,1.0
2902,0.6,0.7,0.6,0.6,0.5357,0.6
2903,0.6,0.7,0.6,0.6,0.5357,0.6
2904,0.6,0.7,0.6,0.6,0.5357,0.6
2905,0.6,0.7,0.6,0.6,0.5357,0.6
2906,0.6,0.7,0.6,0.6,0.5357,0.6
2907,0.6,0.7,0.6,0.6,0.5357,0.6
2908,0.6,0.7,0.6,0.6,0.5357,0.6
2909,0.6,0.7,0.6,0.6,0.5357,0.6
2910,1.0,1.0,1.0,1.0,0.8929,1.0
2911,1.0,1.0,1.0,1.0,0.8929,1.0
2912,1.0,1.0,1.0,1.0,0.8929,1.0
2913,1.0,1.0,1.0,1.0,0.8929,1.0
2914,1.0,1.0,1.0,1.0,0.926,1.0
2915,1.0,1.0,1.0,1.0,0.9558,1.0
2916,1.0,1.0,1.0,1.0,0.9795,1.0
2917,1.0,1.0,1.0,1.0,0.9948,1.0
2918,1.0,1.0,1.0,1.0,1.0,1.0
2919,1.0,1.0,1.0,1.0,0.9948,1.0
2920,1.0,1.0,1.0,1.0,0.9795,1.0
2921,1.0,1.0,1.0,1.0,0.9558,1.0
2922,1.0,1.0,1.0,1.0,0.926,1.0
2923,1.0,1.0,1.0,1.0,0.8929,1.0
2924,1.0,0.7,1.0,1.0,0.8929,1.0
2925,1.0,0.7,1.0,1.0,0.8929,1.0
2926,0.6,0.7,0.6,0.6,0.5357,0.6
2927,0.6,0.7,0.6,0.6,0.5357,0.6
2928,0.6,0.7,0.6,0.6,0.5357,0.6
2929,0.6,0.7,0.6,0.6,0.5357,0.6
2930,0.6,0.7,0.6,0.6,0.5357,0.6
2931,0.6,0.7,0.6,0.6,0.5357,0.6
2932,0.6,0.7,0.6,0.6,0.5357,0.6
2933,0.6,0.7,0.6,0.6,0.5357,0.6
2934,1.0,1.0,1.0,1.0,0.8929,1.0
2935,1.0,1.0,1.0,1.0,0.8929,1.0
2936,1.0,1.0,1.0,1.0,0.8929,1.0
2937,1.0,1.0,1.0,1.0,0.8929,1.0
2938,1.0,1.0,1.0,1.0,0.926,1.0
2939,1.0,1.0,1.0,1.0,0.9558,1.0
2940,1.0,1.0,1.0,1.0,0.9795,1.0
2941,1.0,1.0,1.0,1.0,0.9948,1.0
2942,1.0,1.0,1.0,1.0,1.0,1.0
2943,1.0,1.0,1.0,1.0,0.9948,1.0
2944,1.0,1.0,1.0,1.0,0.9795,1.0
2945,1.0,1.0,1.0,1.0,0.9558,1.0
2946,1.0,1.0,1.0,1.0,0.926,1.0
2947,1.0,1.0,1.0,1.0,0.8929,1.0
2948,1.0,0.7,1.0,1.0,0.8929,1.0
2949,1.0,0.7,1.0,1.0,0.8929,1.0
2950,0.6,0.7,0.6,0.6,0.5357,0.6
2951,0.6,0.7,0.6,0.6,0.5357,0.6
2952,0.6,0.7,0.6,0.6,0.5357,0.6
2953,0.6,0.7,0.6,0.6,0.5357,0.6
2954,0.6,0.7,0.6,0.6,0.5357,0.6
2955,0.6,0.7,0.6,0.6,0.5357,0.6
2956,0.6,0.7,0.6,0.6,0.5357,0.6
2957,0.6,0.7,0.6,0.6,0.5357,0.6
2958,1.0,1.0,1.0,1.0,0.8929,1.0
2959,1.0,1.0,1.0,1.0,0.8929,1.0
2960,1.0,1.0,1.0,1.0,0.8929,1.0
2961,1.0,1.0,1.0,1.0,0.8929,1.0
2962,1.0,1.0,1.0,1.0,0.926,1.0
2963,1.0,1.0,1.0,1.0,0.9558,1.0
2964,1.0,1.0,1.0,1.0,0.9795,1.0
2965,1.0,1.0,1.0,1.0,0.9948,1.0
2966,1.0,1.0,1.0,1.0,1.0,1.0
2967,1.0,1.0,1.0,1.0,0.9948,1.0
2968,1.0,1.0,1.0,1.0,0.9795,1.0
2969,1.0,1.0,1.0,1.0,0.9558,1.0
2970,1.0,1.0,1.0,1.0,0.926,1.0
2971,1.0,1.0,1.0,1.0,0.8929,1.0
2972,1.0,0.7,1.0,1.0,0.8929,1.0
2973,1.0,0.7,1.0,1.0,0.8929,1.0
2974,0.6,0.7,0.6,0.6,0.5357,0.6
2975,0.6,0.7,0.6,0.6,0.5357,0.6
2976,0.6,0.7,0.6,0.6,0.5357,0.6
2977,0.6,0.7,0.6,0.6,0.5357,0.6
2978,0.6,0.7,0.6,0.6,0.5357,0.6
2979,0.6,0.7,0.6,0.6,0.5357,0.6
2980,0.6,0.7,0.6,0.6,0.5357,0.6
2981,0.6,0.7,0.6,0.6,0.5357,0.6
2982,1.0,1.0,1.0,1.0,0.8929,1.0
2983,1.0,1.0,1.0,1.0,0.8929,1.0
2984,1.0,1.0,1.0,1.0,0.8929,1.0
2985,1.0,1.0,1.0,1.0,0.8929,1.0
2986,1.0,1.0,1.0,1.0,0.926,1.0
2987,1.0,1.0,1.0,1.0,0.9558,1.0
2988,1.0,1.0,1.0,1.0,0.9795,1.0
2989,1.0,1.0,1.0,1.0,0.9948,1.0
2990,1.0,1.0,1.0,1.0,1.0,1.0
2991,1.0,1.0,1.0,1.0,0.9948,1.0
2992,1.0,1.0,1.0,1.0,0.9795,1.0
2993,1.0,1.0,1.0,1.0,0.9558,1.0
2994,1.0,1.0,1.0,1.0,0.926,1.0
2995,1.0,1.0,1.0,1.0,0.8929,1.0
2996,1.0,0.7,1.0,1.0,0.8929,1.0
2997,1.0,0.7,1.0,1.0,0.8929,1.0
2998,0.6,0.7,0.6,0.6,0.5357,0.6
2999,0.6,0.7,0.6,0.6,0.5357,0.6
3000,0.6,0.7,0.6,0.6,0.5357,0.6
3001,0.6,0.7,0.6,0.6,0.5357,0.6
3002,0.6,0.7,0.6,0.6,0.5357,0.6
3003,0.6,0.7,0.6,0.6,0.5357,0.6
3004,0.6,0.7,0.6,0.6,0.5357,0.6
3005,0.6,0.7,0.6,0.6,0.5357,0.6
3006,1.0,1.0,1.0,1.0,0.8929,1.0
3007,1.0,1.0,1.0,1.0,0.8929,1.0
3008,1.0,1.0,1.0,1.0,0.8929,1.0
3009,1.0,1.0,1.0,1.0,0.8929,1.0
3010,1.0,1.0,1.0,1.0,0.926,1.0
3011,1.0,1.0,1.0,1.0,0.9558,1.0
3012,1.0,1.0,1.0,1.0,0.9795,1.0
3013,1.0,1.0,1.0,1.0,0.9948,1.0
3014,1.0,1.0,1.0,1.0,1.0,1.0
3015,1.0,1.0,1.0,1.0,0.9948,1.0
3016,1.0,1.0,1.0,1.0,0.9795,1.0
3017,1.0,1.0,1.0,1.0,0.9558,1.0
3018,1.0,1.0,1.0,1.0,0.926,1.0
3019,1.0,1.0,1.0,1.0,0.8929,1.0
3020,1.0,0.7,1.0,1.0,0.8929,1.0
3021,1.0,0.7,1.0,1.0,0.8929,1.0
3022,0.6,0.7,0.6,0.6,0.5357,0.6
3023,0.6,0.7,0.6,0.6,0.5357,0.6
3024,0.6,0.7,0.6,0.6,0.5357,0.6
3025,0.6,0.7,0.6,0.6,0.5357,0.6
3026,0.6,0.7,0.6,0.6,0.5357,0.6
3027,0.6,0.7,0.6,0.6,0.5357,0.6
3028,0.6,0.7,0.6,0.6,0.5357,0.6
3029,0.6,0.7,0.6,0.6,0.5357,0.6
3030,1.0,1.0,1.0,1.0,0.8929,1.0
3031,1.0,1.0,1.0,1.0,0.8929,1.0
3032,1.0,1.0,1.0,1.0,0.8929,1.0
3033,1.0,1.0,1.0,1.0,0.8929,1.0
3034,1.0,1.0,1.0,1.0,0.926,1.0
3035,1.0,1.0,1.0,1.0,0.9558,1.0
3036,1.0,1.0,1.0,1.0,0.9795,1.0
3037,1.0,1.0,1.0,1.0,0.9948,1.0
3038,1.0,1.0,1.0,1.0,1.0,1.0
3039,1.0,1.0,1.0,1.0,0.9948,1.0
3040,1.0,1.0,1.0,1.0,0.9795,1.0
3041,1.0,1.0,1.0,1.0,0.9558,1.0
3042,1.0,1.0,1.0,1.0,0.926,1.0
3043,1.0,1.0,1.0,1.0,0.8929,1.0
3044,1.0,0.7,1.0,1.0,0.8929,1.0
3045,1.0,0.7,1.0,1.0,0.8929,1.0
3046,0.6,0.7,0.6,0.6,0.5357,0.6
3047,0.6,0.7,0.6,0.6,0.5357,0.6
3048,0.6,0.7,0.6,0.6,0.5357,0.6
3049,0.6,0.7,0.6,0.6,0.5357,0.6
3050,0.6,0.7,0.6,0.6,0.5357,0.6
3051,0.6,0.7,0.6,0.6,0.5357,0.6
3052,0.6,0.7,0.6,0.6,0.5357,0.6
3053,0.6,0.7,0.6,0.6,0.5357,0.6
3054,1.0,1.0,1.0,1.0,0.8929,1.0
3055,1.0,1.0,1.0,1.0,0.8929,1.0
3056,1.0,1.0,1.0,1.0,0.8929,1.0
3057,1.0,1.0,1.0,1.0,0.8929,1.0
3058,1.0,1.0,1.0,1.0,0.926,1.0
3059,1.0,1.0,1.0,1.0,0.9558,1.0
3060,1.0,1.0,1.0,1.0,0.9795,1.0
3061,1.0,1.0,1.0,1.0,0.9948,1.0
3062,1.0,1.0,1.0,1.0,1.0,1.0
3063,1.0,1.0,1.0,1.0,0.9948,1.0
3064,1.0,1.0,1.0,1.0,0.9795,1.0
3065,1.0,1.0,1.0,1.0,0.9558,1.0
3066,1.0,1.0,1.0,1.0,0.926,1.0
3067,1.0,1.0,1.0,1.0,0.8929,1.0
3068,1.0,0.7,1.0,1.0,0.8929,1.0
3069,1.0,0.7,1.0,1.0,0.8929,1.0
3070,0.6,0.7,0.6,0.6,0.5357,0.6
3071,0.6,0.7,0.6,0.6,0.5357,0.6
3072,0.6,0.7,0.6,0.6,0.5357,0.6
3073,0.6,0.7,0.6,0.6,0.5357,0.6
3074,0.6,0.7,0.6,0.6,0.5357,0.6
3075,0.6,0.7,0.6,0.6,0.5357,0.6
3076,0.6,0.7,0.6,0.6,0.5357,0.6
3077,0.6,0.7,0.6,0.6,0.5357,0.6
3078,1.0,1.0,1.0,1.0,0.8929,1.0
3079,1.0,1.0,1.0,1.0,0.8929,1.0
3080,1.0,1.0,1.0,1.0,0.8929,1.0
3081,1.0,1.0,1.0,1.0,0.8929,1.0
3082,1.0,1.0,1.0,1.0,0.926,1.0
3083,1.0,1.0,1.0,1.0,0.9558,1.0
3084,1.0,1.0,1.0,1.0,0.9795,1.0
3085,1.0,1.0,1.0,1.0,0.9948,1.0
3086,1.0,1.0,1.0,1.0,1.0,1.0
3087,1.0,1.0,1.0,1.0,0.9948,1.0
3088,1.0,1.0,1.0,1.0,0.9795,1.0
3089,1.0,1.0,1.0,1.0,0.9558,1.0
3090,1.0,1.0,1.0,1.0,0.926,1.0
3091,1.0,1.0,1.0,1.0,0.8929,1.0
3092,1.0,0.7,1.0,1.0,0.8929,1.0
3093,1.0,0.7,1.0,1.0,0.8929,1.0
3094,0.6,0.7,0.6,0.6,0.5357,0.6
3095,0.6,0.7,0.6,0.6,0.5357,0.6
3096,0.6,0.7,0.6,0.6,0.5357,0.6
3097,0.6,0.7,0.6,0.6,0.5357,0.6
3098,0.6,0.7,0.6,0.6,0.5357,0.6
3099,0.6,0.7,0.6,0.6,0.5357,0.6
3100,0.6,0.7,0.6,0.6,0.5357,0.6
3101,0.6,0.7,0.6,0.6,0.5357,0.6
3102,1.0,1.0,1.0,1.0,0.8929,1.0
3103,1.0,1.0,1.0,1.0,0.8929,1.0
3104,1.0,1.0,1.0,1.0,0.8929,1.0
3105,1.0,1.0,1.0,1.0,0.8929,1.0
3106,1.0,1.0,1.0,1.0,0.926,1.0
3107,1.0,1.0,1.0,1.0,0.9558,1.0
3108,1.0,1.0,1.0,1.0,0.9795,1.0
3109,1.0,1.0,1.0,1.0,0.9948,1.0
3110,1.0,1.0,1.0,1.0,1.0,1.0
3111,1.0,1.0,1.0,1.0,0.9948,1.0
3112,1.0,1.0,1.0,1.0,0.9795,1.0
3113,1.0,1.0,1.0,1.0,0.9558,1.0
3114,1.0,1.0,1.0,1.0,0.926,1.0
3115,1.0,1.0,1.0,1.0,0.8929,1.0
3116,1.0,0.7,1.0,1.0,0.8929,1.0
3117,1.0,0.7,1.0,1.0,0.8929,1.0
3118,0.6,0.7,0.6,0.6,0.5357,0.6
3119,0.6,0.7,0.6,0.6,0.5357,0.6
3120,0.6,0.7,0.6,0.6,0.5357,0.6
3121,0.6,0.7,0.6,0.6,0.5357,0.6
3122,0.6,0.7,0.6,0.6,0.5357,0.6
3123,0.6,0.7,0.6,0.6,0.5357,0.6
3124,0.6,0.7,0.6,0.6,0.5357,0.6
3125,0.6,0.7,0.6,0.6,0.5357,0.6
3126,1.0,1.0,1.0,1.0,0.8929,1.0
3127,1.0,1.0,1.0,1.0,0.8929,1.0
3128,1.0,1.0,1.0,1.0,0.8929,1.0
3129,1.0,1.0,1.0,1.0,0.8929,1.0
3130,1.0,1.0,1.0,1.0,0.926,1.0
3131,1.0,1.0,1.0,1.0,0.9558,1.0
3132,1.0,1.0,1.0,1.0,0.9795,1.0
3133,1.0,1.0,1.0,1.0,0.9948,1.0
3134,1.0,1.0,1.0,1.0,1.0,1.0
3135,1.0,1.0,1.0,1.0,0.9948,1.0
3136,1.0,1.0,1.0,1.0,0.9795,1.0
3137,1.0,1.0,1.0,1.0,0.9558,1.0
3138,1.0,1.0,1.0,1.0,0.926,1.0
3139,1.0,1.0,1.0,1.0,0.8929,1.0
3140,1.0,0.7,1.0,1.0,0.8929,1.0
3141,1.0,0.7,1.0,1.0,0.8929,1.0
3142,0.6,0.7,0.6,0.6,0.5357,0.6
3143,0.6,0.7,0.6,0.6,0.5357,0.6
3144,0.6,0.7,0.6,0.6,0.5357,0.6
3145,0.6,0.7,0.6,0.6,0.5357,0.6
3146,0.6,0.7,0.6,0.6,0.5357,0.6
3147,0.6,0.7,0.6,0.6,0.5357,0.6
3148,0.6,0.7,0.6,0.6,0.5357,0.6
3149,0.6,0.7,0.6,0.6,0.5357,0.6
3150,1.0,1.0,1.0,1.0,0.8929,1.0
3151,1.0,1.0,1.0,1.0,0.8929,1.0
3152,1.0,1.0,1.0,1.0,0.8929,1.0
3153,1.0,1.0,1.0,1.0,0.8929,1.0
3154,1.0,1.0,1.0,1.0,0.926,1.0
3155,1.0,1.0,1.0,1.0,0.9558,1.0
3156,1.0,1.0,1.0,1.0,0.9795,1.0
3157,1.0,1.0,1.0,1.0,0.9948,1.0
3158,1.0,1.0,1.0,1.0,1.0,1.0
3159,1.0,1.0,1.0,1.0,0.9948,1.0
3160,1.0,1.0,1.0,1.0,0.9795,1.0
3161,1.0,1.0,1.0,1.0,0.9558,1.0
3162,1.0,1.0,1.0,1.0,0.926,1.0
3163,1.0,1.0,1.0,1.0,0.8929,1.0
3164,1.0,0.7,1.0,1.0,0.8929,1.0
3165,1.0,0.7,1.0,1.0,0.8929,1.0
3166,0.6,0.7,0.6,0.6,0.5357,0.6
3167,0.6,0.7,0.6,0.6,0.5357,0.6
3168,0.6,0.7,0.6,0.6,0.5357,0.6
3169,0.6,0.7,0.6,0.6,0.5357,0.6
3170,0.6,0.7,0.6,0.6,0.5357,0.6
3171,0.6,0.7,0.6,0.6,0.5357,0.6
3172,0.6,0.7,0.6,0.6,0.5357,0.6
3173,0.6,0.7,0.6,0.6,0.5357,0.6
3174,1.0,1.0,1.0,1.0,0.8929,1.0
3175,1.0,1.0,1.0,1.0,0.8929,1.0
3176,1.0,1.0,1.0,1.0,0.8929,1.0
3177,1.0,1.0,1.0,1.0,0.8929,1.0
3178,1.0,1.0,1.0,1.0,0.926,1.0
3179,1.0,1.0,1.0,1.0,0.9558,1.0
3180,1.0,1.0,1.0,1.0,0.9795,1.0
3181,1.0,1.0,1.0,1.0,0.9948,1.0
3182,1.0,1.0,1.0,1.0,1.0,1.0
3183,1.0,1.0,1.0,1.0,0.9948,1.0
3184,1.0,1.0,1.0,1.0,0.9795,1.0
3185,1.0,1.0,1.0,1.0,0.9558,1.0
3186,1.0,1.0,1.0,1.0,0.926,1.0
3187,1.0,1.0,1.0,1.0,0.8929,1.0
3188,1.0,0.7,1.0,1.0,0.8929,1.0
3189,1.0,0.7,1.0,1.0,0.8929,1.0
3190,0.6,0.7,0.6,0.6,0.5357,0.6
3191,0.6,0.7,0.6,0.6,0.5357,0.6
3192,0.6,0.7,0.6,0.6,0.5357,0.6
3193,0.6,0.7,0.6,0.6,0.5357,0.6
3194,0.6,0.7,0.6,0.6,0.5357,0.6
3195,0.6,0.7,0.6,0.6,0.5357,0.6
3196,0.6,0.7,0.6,0.6,0.5357,0.6
3197,0.6,0.7,0.6,0.6,0.5357,0.6
3198,1.0,1.0,1.0,1.0,0.8929,1.0
3199,1.0,1.0,1.0,1.0,0.8929,1.0
3200,1.0,1.0,1.0,1.0,0.8929,1.0
3201,1.0,1.0,1.0,1.0,0.8929,1.0
3202,1.0,1.0,1.0,1.0,0.926,1.0
3203,1.0,1.0,1.0,1.0,0.9558,1.0
3204,1.0,1.0,1.0,1.0,0.9795,1.0
3205,1.0,1.0,1.0,1.0,0.9948,1.0
3206,1.0,1.0,1.0,1.0,1.0,1.0
3207,1.0,1.0,1.0,1.0,0.9948,1.0
3208,1.0,1.0,1.0,1.0,0.9795,1.0
3209,1.0,1.0,1.0,1.0,0.9558,1.0
3210,1.0,1.0,1.0,1.0,0.926,1.0
3211,1.0,1.0,1.0,1.0,0.8929,1.0
3212,1.0,0.7,1.0,1.0,0.8929,1.0
3213,1.0,0.7,1.0,1.0,0.8929,1.0
3214,0.6,0.7,0.6,0.6,0.5357,0.6
3215,0.6,0.7,0.6,0.6,0.5357,0.6
3216,0.6,0.7,0.6,0.6,0.5357,0.6
3217,0.6,0.7,0.6,0.6,0.5357,0.6
3218,0.6,0.7,0.6,0.6,0.5357,0.6
3219,0.6,0.7,0.6,0.6,0.5357,0.6
3220,0.6,0.7,0.6,0.6,0.5357,0.6
3221,0.6,0.7,0.6,0.6,0.5357,0.6
3222,1.0,1.0,1.0,1.0,0.8929,1.0
3223,1.0,1.0,1.0,1.0,0.8929,1.0
3224,1.0,1.0,1.0,1.0,0.8929,1.0
3225,1.0,1.0,1.0,1.0,0.8929,1.0
3226,1.0,1.0,1.0,1.0,0.926,1.0
3227,1.0,1.0,1.0,1.0,0.9558,1.0
3228,1.0,1.0,1.0,1.0,0.9795,1.0
3229,1.0,1.0,1.0,1.0,0.9948,1.0
3230,1.0,1.0,1.0,1.0,1.0,1.0
3231,1.0,1.0,1.0,1.0,0.9948,1.0
3232,1.0,1.0,1.0,1.0,0.9795,1.0
3233,1.0,1.0,1.0,1.0,0.9558,1.0
3234,1.0,1.0,1.0,1.0,0.926,1.0
3235,1.0,1.0,1.0,1.0,0.8929,1.0
3236,1.0,0.7,1.0,1.0,0.8929,1.0
3237,1.0,0.7,1.0,1.0,0.8929,1.0
3238,0.6,0.7,0.6,0.6,0.5357,0.6
3239,0.6,0.7,0.6,0.6,0.5357,0.6
3240,0.6,0.7,0.6,0.6,0.5357,0.6
3241,0.6,0.7,0.6,0.6,0.5357,0.6
3242,0.6,0.7,0.6,0.6,0.5357,0.6
3243,0.6,0.7,0.6,0.6,0.5357,0.6
3244,0.6,0.7,0.6,0.6,0.5357,0.6
3245,0.6,0.7,0.6,0.6,0.5357,0.6
3246,1.0,1.0,1.0,1.0,0.8929,1.0
3247,1.0,1.0,1.0,1.0,0.8929,1.0
3248,1.0,1.0,1.0,1.0,0.8929,1.0
3249,1.0,1.0,1.0,1.0,0.8929,1.0
3250,1.0,1.0,1.0,1.0,0.926,1.0
3251,1.0,1.0,1.0,1.0,0.9558,1.0
3252,1.0,1.0,1.0,1.0,0.9795,1.0
3253,1.0,1.0,1.0,1.0,0.9948,1.0
3254,1.0,1.0,1.0,1.0,1.0,1.0
3255,1.0,1.0,1.0,1.0,0.9948,1.0
3256,1.0,1.0,1.0,1.0,0.9795,1.0
3257,1.0,1.0,1.0,1.0,0.9558,1.0
3258,1.0,1.0,1.0,1.0,0.926,1.0
3259,1.0,1.0,1.0,1.0,0.8929,1.0
3260,1.0,0.7,1.0,1.0,0.8929,1.0
3261,1.0,0.7,1.0,1.0,0.8929,1.0
3262,0.6,0.7,0.6,0.6,0.5357,0.6
3263,0.6,0.7,0.6,0.6,0.5357,0.6
3264,0.6,0.7,0.6,0.6,0.5357,0.6
3265,0.6,0.7,0.6,0.6,0.5357,0.6
3266,0.6,0.7,0.6,0.6,0.5357,0.6
3267,0.6,0.7,0.6,0.6,0.5357,0.6
3268,0.6,0.7,0.6,0.6,0.5357,0.6
3269,0.6,0.7,0.6,0.6,0.5357,0.6
3270,1.0,1.0,1.0,1.0,0.8929,1.0
3271,1.0,1.0,1.0,1.0,0.8929,1.0
3272,1.0,1.0,1.0,1.0,0.8929,1.0
3273,1.0,1.0,1.0,1.0,0.8929,1.0
3274,1.0,1.0,1.0,1.0,0.926,1.0
3275,1.0,1.0,1.0,1.0,0.9558,1.0
3276,1.0,1.0,1.0,1.0,0.9795,1.0
3277,1.0,1.0,1.0,1.0,0.9948,1.0
3278,1.0,1.0,1.0,1.0,1.0,1.0
3279,1.0,1.0,1.0,1.0,0.9948,1.0
3280,1.0,1.0,1.0,1.0,0.9795,1.0
3281,1.0,1.0,1.0,1.0,0.9558,1.0
3282,1.0,1.0,1.0,1.0,0.926,1.0
3283,1.0,1.0,1.0,1.0,0.8929,1.0
3284,1.0,0.7,1.0,1.0,0.8929,1.0
3285,1.0,0.7,1.0,1.0,0.8929,1.0
3286,0.6,0.7,0.6,0.6,0.5357,0.6
3287,0.6,0.7,0.6,0.6,0.5357,0.6
3288,0.6,0.7,0.6,0.6,0.5357,0.6
3289,0.6,0.7,0.6,0.6,0.5357,0.6
3290,0.6,0.7,0.6,0.6,0.5357,0.6
3291,0.6,0.7,0.6,0.6,0.5357,0.6
3292,0.6,0.7,0.6,0.6,0.5357,0.6
3293,0.6,0.7,0.6,0.6,0.5357,0.6
3294,1.0,1.0,1.0,1.0,0.8929,1.0
3295,1.0,1.0,1.0,1.0,0.8929,1.0
3296,1.0,1.0,1.0,1.0,0.8929,1.0
3297,1.0,1.0,1.0,1.0,0.8929,1.0
3298,1.0,1.0,1.0,1.0,0.926,1.0
3299,1.0,1.0,1.0,1.0,0.9558,1.0
3300,1.0,1.0,1.0,1.0,0.9795,1.0
3301,1.0,1.0,1.0,1.0,0.9948,1.0
3302,1.0,1.0,1.0,1.0,1.0,1.0
3303,1.0,1.0,1.0,1.0,0.9948,1.0
3304,1.0,1.0,1.0,1.0,0.9795,1.0
3305,1.0,1.0,1.0,1.0,0.9558,1.0
3306,1.0,1.0,1.0,1.0,0.926,1.0
3307,1.0,1.0,1.0,1.0,0.8929,1.0
3308,1.0,0.7,1.0,1.0,0.8929,1.0
3309,1.0,0.7,1.0,1.0,0.8929,1.0
3310,0.6,0.7,0.6,0.6,0.5357,0.6
3311,0.6,0.7,0.6,0.6,0.5357,0.6
3312,0.6,0.7,0.6,0.6,0.5357,0.6
3313,0.6,0.7,0.6,0.6,0.5357,0.6
3314,0.6,0.7,0.6,0.6,0.5357,0.6
3315,0.6,0.7,0.6,0.6,0.5357,0.6
3316,0.6,0.7,0.6,0.6,0.5357,0.6
3317,0.6,0.7,0.6,0.6,0.5357,0.6
3318,1.0,1.0,1.0,1.0,0.8929,1.0
3319,1.0,1.0,1.0,1.0,0.8929,1.0
3320,1.0,1.0,1.0,1.0,0.8929,1.0
3321,1.0,1.0,1.0,1.0,0.8929,1.0
3322,1.0,1.0,1.0,1.0,0.926,1.0
3323,1.0,1.0,1.0,1.0,0.9558,1.0
3324,1.0,1.0,1.0,1.0,0.9795,1.0
3325,1.0,1.0,1.0,1.0,0.9948,1.0
3326,1.0,1.0,1.0,1.0,1.0,1.0
3327,1.0,1.0,1.0,1.0,0.9948,1.0
3328,1.0,1.0,1.0,1.0,0.9795,1.0
3329,1.0,1.0,1.0,1.0,0.9558,1.0
3330,1.0,1.0,1.0,1.0,0.926,1.0
3331,1.0,1.0,1.0,1.0,0.8929,1.0
3332,1.0,0.7,1.0,1.0,0.8929,1.0
3333,1.0,0.7,1.0,1.0,0.8929,1.0
3334,0.6,0.7,0.6,0.6,0.5357,0.6
3335,0.6,0.7,0.6,0.6,0.5357,0.6
3336,0.6,0.7,0.6,0.6,0.5357,0.6
3337,0.6,0.7,0.6,0.6,0.5357,0.6
3338,0.6,0.7,0.6,0.6,0.5357,0.6
3339,0.6,0.7,0.6,0.6,0.5357,0.6
3340,0.6,0.7,0.6,0.6,0.5357,0.6
3341,0.6,0.7,0.6,0.6,0.5357,0.6
3342,1.0,1.0,1.0,1.0,0.8929,1.0
3343,1.0,1.0,1.0,1.0,0.8929,1.0
3344,1.0,1.0,1.0,1.0,0.8929,1.0
3345,1.0,1.0,1.0,1.0,0.8929,1.0
3346,1.0,1.0,1.0,1.0,0.926,1.0
3347,1.0,1.0,1.0,1.0,0.9558,1.0
3348,1.0,1.0,1.0,1.0,0.9795,1.0
3349,1.0,1.0,1.0,1.0,0.9948,1.0
3350,1.0,1.0,1.0,1.0,1.0,1.0
3351,1.0,1.0,1.0,1.0,0.9948,1.0
3352,1.0,1.0,1.0,1.0,0.9795,1.0
3353,1.0,1.0,1.0,1.0,0.9558,1.0
3354,1.0,1.0,1.0,1.0,0.926,1.0
3355,1.0,1.0,1.0,1.0,0.8929,1.0
3356,1.0,0.7,1.0,1.0,0.8929,1.0
3357,1.0,0.7,1.0,1.0,0.8929,1.0
3358,0.6,0.7,0.6,0.6,0.5357,0.6
3359,0.6,0.7,0.6,0.6,0.5357,0.6
3360,0.6,0.7,0.6,0.6,0.5357,0.6
3361,0.6,0.7,0.6,0.6,0.5357,0.6
3362,0.6,0.7,0.6,0.6,0.5357,0.6
3363,0.6,0.7,0.6,0.6,0.5357,0.6
3364,0.6,0.7,0.6,0.6,0.5357,0.6
3365,0.6,0.7,0.6,0.6,0.5357,0.6
3366,1.0,1.0,1.0,1.0,0.8929,1.0
3367,1.0,1.0,1.0,1.0,0.8929,1.0
3368,1.0,1.0,1.0,1.0,0.8929,1.0
3369,1.0,1.0,1.0,1.0,0.8929,1.0
3370,1.0,1.0,1.0,1.0,0.926,1.0
3371,1.0,1.0,1.0,1.0,0.9558,1.0
3372,1.0,1.0,1.0,1.0,0.9795,1.0
3373,1.0,1.0,1.0,1.0,0.9948,1.0
3374,1.0,1.0,1.0,1.0,1.0,1.0
3375,1.0,1.0,1.0,1.0,0.9948,1.0
3376,1.0,1.0,1.0,1.0,0.9795,1.0
3377,1.0,1.0,1.0,1.0,0.9558,1.0
3378,1.0,1.0,1.0,1.0,0.926,1.0
3379,1.0,1.0,1.0,1.0,0.8929,1.0
3380,1.0,0.7,1.0,1.0,0.8929,1.0
3381,1.0,0.7,1.0,1.0,0.8929,1.0
3382,0.6,0.7,0.6,0.6,0.5357,0.6
3383,0.6,0.7,0.6,0.6,0.5357,0.6
3384,0.6,0.7,0.6,0.6,0.5357,0.6
3385,0.6,0.7,0.6,0.6,0.5357,0.6
3386,0.6,0.7,0.6,0.6,0.5357,0.6
3387,0.6,0.7,0.6,0.6,0.5357,0.6
3388,0.6,0.7,0.6,0.6,0.5357,0.6
3389,0.6,0.7,0.6,0.6,0.5357,0.6
3390,1.0,1.0,1.0,1.0,0.8929,1.0
3391,1.0,1.0,1.0,1.0,0.8929,1.0
3392,1.0,1.0,1.0,1.0,0.8929,1.0
3393,1.0,1.0,1.0,1.0,0.8929,1.0
3394,1.0,1.0,1.0,1.0,0.926,1.0
3395,1.0,1.0,1.0,1.0,0.9558,1.0
3396,1.0,1.0,1.0,1.0,0.9795,1.0
3397,1.0,1.0,1.0,1.0,0.9948,1.0
3398,1.0,1.0,1.0,1.0,1.0,1.0
3399,1.0,1.0,1.0,1.0,0.9948,1.0
3400,1.0,1.0,1.0,1.0,0.9795,1.0
3401,1.0,1.0,1.0,1.0,0.9558,1.0
3402,1.0,1.0,1.0,1.0,0.926,1.0
3403,1.0,1.0,1.0,1.0,0.8929,1.0
3404,1.0,0.7,1.0,1.0,0.8929,1.0
3405,1.0,0.7,1.0,1.0,0.8929,1.0
3406,0.6,0.7,0.6,0.6,0.5357,0.6
3407,0.6,0.7,0.6,0.6,0.5357,0.6
3408,0.6,0.7,0.6,0.6,0.5357,0.6
3409,0.6,0.7,0.6,0.6,0.5357,0.6
3410,0.6,0.7,0.6,0.6,0.5357,0.6
3411,0.6,0.7,0.6,0.6,0.5357,0.6
3412,0.6,0.7,0.6,0.6,0.5357,0.6
3413,0.6,0.7,0.6,0.6,0.5357,0.6
3414,1.0,1.0,1.0,1.0,0.8929,1.0
3415,1.0,1.0,1.0,1.0,0.8929,1.0
3416,1.0,1.0,1.0,1.0,0.8929,1.0
3417,1.0,1.0,1.0,1.0,0.8929,1.0
3418,1.0,1.0,1.0,1.0,0.926,1.0
3419,1.0,1.0,1.0,1.0,0.9558,1.0
3420,1.0,1.0,1.0,1.0,0.9795,1.0
3421,1.0,1.0,1.0,1.0,0.9948,1.0
3422,1.0,1.0,1.0,1.0,1.0,1.0
3423,1.0,1.0,1.0,1.0,0.9948,1.0
3424,1.0,1.0,1.0,1.0,0.9795,1.0
3425,1.0,1.0,1.0,1.0,0.9558,1.0
3426,1.0,1.0,1.0,1.0,0.926,1.0
3427,1.0,1.0,1.0,1.0,0.8929,1.0
3428,1.0,0.7,1.0,1.0,0.8929,1.0
3429,1.0,0.7,1.0,1.0,0.8929,1.0
3430,0.6,0.7,0.6,0.6,0.5357,0.6
3431,0.6,0.7,0.6,0.6,0.5357,0.6
3432,0.6,0.7,0.6,0.6,0.5357,0.6
3433,0.6,0.7,0.6,0.6,0.5357,0.6
3434,0.6,0.7,0.6,0.6,0.5357,0.6
3435,0.6,0.7,0.6,0.6,0.5357,0.6
3436,0.6,0.7,0.6,0.6,0.5357,0.6
3437,0.6,0.7,0.6,0.6,0.5357,0.6
3438,1.0,1.0,1.0,1.0,0.8929,1.0
3439,1.0,1.0,1.0,1.0,0.8929,1.0
3440,1.0,1.0,1.0,1.0,0.8929,1.0
3441,1.0,1.0,1.0,1.0,0.8929,1.0
3442,1.0,1.0,1.0,1.0,0.926,1.0
3443,1.0,1.0,1.0,1.0,0.9558,1.0
3444,1.0,1.0,1.0,1.0,0.9795,1.0
3445,1.0,1.0,1.0,1.0,0.9948,1.0
3446,1.0,1.0,1.0,1.0,1.0,1.0
3447,1.0,1.0,1.0,1.0,0.9948,1.0
3448,1.0,1.0,1.0,1.0,0.9795,1.0
3449,1.0,1.0,1.0,1.0,0.9558,1.0
3450,1.0,1.0,1.0,1.0,0.926,1.0
3451,1.0,1.0,1.0,1.0,0.8929,1.0
3452,1.0,0.7,1.0,1.0,0.8929,1.0
3453,1.0,0.7,1.0,1.0,0.8929,1.0
3454,0.6,0.7,0.6,0.6,0.5357,0.6
3455,0.6,0.7,0.6,0.6,0.5357,0.6
3456,0.6,0.7,0.6,0.6,0.5357,0.6
3457,0.6,0.7,0.6,0.6,0.5357,0.6
3458,0.6,0.7,0.6,0.6,0.5357,0.6
3459,0.6,0.7,0.6,0.6,0.5357,0.6
3460,0.6,0.7,0.6,0.6,0.5357,0.6
3461,0.6,0.7,0.6,0.6,0.5357,0.6
3462,1.0,1.0,1.0,1.0,0.8929,1.0
3463,1.0,1.0,1.0,1.0,0.8929,1.0
3464,1.0,1.0,1.0,1.0,0.8929,1.0
3465,1.0,1.0,1.0,1.0,0.8929,1.0
3466,1.0,1.0,1.0,1.0,0.926,1.0
3467,1.0,1.0,1.0,1.0,0.9558,1.0
3468,1.0,1.0,1.0,1.0,0.9795,1.0
3469,1.0,1.0,1.0,1.0,0.9948,1.0
3470,1.0,1.0,1.0,1.0,1.0,1.0
3471,1.0,1.0,1.0,1.0,0.9948,1.0
3472,1.0,1.0,1.0,1.0,0.9795,1.0
3473,1.0,1.0,1.0,1.0,0.9558,1.0
3474,1.0,1.0,1.0,1.0,0.926,1.0
3475,1.0,1.0,1.0,1.0,0.8929,1.0
3476,1.0,0.7,1.0,1.0,0.8929,1.0
3477,1.0,0.7,1.0,1.0,0.8929,1.0
3478,0.6,0.7,0.6,0.6,0.5357,0.6
3479,0.6,0.7,0.6,0.6,0.5357,0.6
3480,0.6,0.7,0.6,0.6,0.5357,0.6
3481,0.6,0.7,0.6,0.6,0.5357,0.6
3482,0.6,0.7,0.6,0.6,0.5357,0.6
3483,0.6,0.7,0.6,0.6,0.5357,0.6
3484,0.6,0.7,0.6,0.6,0.5357,0.6
3485,0.6,0.7,0.6,0.6,0.5357,0.6
3486,1.0,1.0,1.0,1.0,0.8929,1.0
3487,1.0,1.0,1.0,1.0,0.8929,1.0
3488,1.0,1.0,1.0,1.0,0.8929,1.0
3489,1.0,1.0,1.0,1.0,0.8929,1.0
3490,1.0,1.0,1.0,1.0,0.926,1.0
3491,1.0,1.0,1.0,1.0,0.9558,1.0
3492,1.0,1.0,1.0,1.0,0.9795,1.0
3493,1.0,1.0,1.0,1.0,0.9948,1.0
3494,1.0,1.0,1.0,1.0,1.0,1.0
3495,1.0,1.0,1.0,1.0,0.9948,1.0
3496,1.0,1.0,1.0,1.0,0.9795,1.0
3497,1.0,1.0,1.0,1.0,0.9558,1.0
3498,1.0,1.0,1.0,1.0,0.926,1.0
3499,1.0,1.0,1.0,1.0,0.8929,1.0
3500,1.0,0.7,1.0,1.0,0.8929,1.0
3501,1.0,0.7,1.0,1.0,0.8929,1.0
3502,0.6,0.7,0.6,0.6,0.5357,0.6
3503,0.6,0.7,0.6,0.6,0.5357,0.6
3504,0.6,0.7,0.6,0.6,0.5357,0.6
3505,0.6,0.7,0.6,0.6,0.5357,0.6
3506,0.6,0.7,0.6,0.6,0.5357,0.6
3507,0.6,0.7,0.6,0.6,0.5357,0.6
3508,0.6,0.7,0.6,0.6,0.5357,0.6
3509,0.6,0.7,0.6,0.6,0.5357,0.6
3510,1.0,1.0,1.0,1.0,0.8929,1.0
3511,1.0,1.0,1.0,1.0,0.8929,1.0
3512,1.0,1.0,1.0,1.0,0.8929,1.0
3513,1.0,1.0,1.0,1.0,0.8929,1.0
3514,1.0,1.0,1.0,1.0,0.926,1.0
3515,1.0,1.0,1.0,1.0,0.9558,1.0
3516,1.0,1.0,1.0,1.0,0.9795,1.0
3517,1.0,1.0,1.0,1.0,0.9948,1.0
3518,1.0,1.0,1.0,1.0,1.0,1.0
3519,1.0,1.0,1.0,1.0,0.9948,1.0
3520,1.0,1.0,1.0,1.0,0.9795,1.0
3521,1.0,1.0,1.0,1.0,0.9558,1.0
3522,1.0,1.0,1.0,1.0,0.926,1.0
3523,1.0,1.0,1.0,1.0,0.8929,1.0
3524,1.0,0.7,1.0,1.0,0.8929,1.0
3525,1.0,0.7,1.0,1.0,0.8929,1.0
3526,0.6,0.7,0.6,0.6,0.5357,0.6
3527,0.6,0.7,0.6,0.6,0.5357,0.6
3528,0.6,0.7,0.6,0.6,0.5357,0.6
3529,0.6,0.7,0.6,0.6,0.5357,0.6
3530,0.6,0.7,0.6,0.6,0.5357,0.6
3531,0.6,0.7,0.6,0.6,0.5357,0.6
3532,0.6,0.7,0.6,0.6,0.5357,0.6
3533,0.6,0.7,0.6,0.6,0.5357,0.6
3534,1.0,1.0,1.0,1.0,0.8929,1.0
3535,1.0,1.0,1.0,1.0,0.8929,1.0
3536,1.0,1.0,1.0,1.0,0.8929,1.0
3537,1.0,1.0,1.0,1.0,0.8929,1.0
3538,1.0,1.0,1.0,1.0,0.926,1.0
3539,1.0,1.0,1.0,1.0,0.9558,1.0
3540,1.0,1.0,1.0,1.0,0.9795,1.0
3541,1.0,1.0,1.0,1.0,0.9948,1.0
3542,1.0,1.0,1.0,1.0,1.0,1.0
3543,1.0,1.0,1.0,1.0,0.9948,1.0
3544,1.0,1.0,1.0,1.0,0.9795,1.0
3545,1.0,1.0,1.0,1.0,0.9558,1.0
3546,1.0,1.0,1.0,1.0,0.926,1.0
3547,1.0,1.0,1.0,1.0,0.8929,1.0
3548,1.0,0.7,1.0,1.0,0.8929,1.0
3549,1.0,0.7,1.0,1.0,0.8929,1.0
3550,0.6,0.7,0.6,0.6,0.5357,0.6
3551,0.6,0.7,0.6,0.6,0.5357,0.6
3552,0.6,0.7,0.6,0.6,0.5357,0.6
3553,0.6,0.7,0.6,0.6,0.5357,0.6
3554,0.6,0.7,0.6,0.6,0.5357,0.6
3555,0.6,0.7,0.6,0.6,0.5357,0.6
3556,0.6,0.7,0.6,0.6,0.5357,0.6
3557,0.6,0.7,0.6,0.6,0.5357,0.6
3558,1.0,1.0,1.0,1.0,0.8929,1.0
3559,1.0,1.0,1.0,1.0,0.8929,1.0
3560,1.0,1.0,1.0,1.0,0.8929,1.0
3561,1.0,1.0,1.0,1.0,0.8929,1.0
3562,1.0,1.0,1.0,1.0,0.926,1.0
3563,1.0,1.0,1.0,1.0,0.9558,1.0
3564,1.0,1.0,1.0,1.0,0.9795,1.0
3565,1.0,1.0,1.0,1.0,0.9948,1.0
3566,1.0,1.0,1.0,1.0,1.0,1.0
3567,1.0,1.0,1.0,1.0,0.9948,1.0
3568,1.0,1.0,1.0,1.0,0.9795,1.0
3569,1.0,1.0,1.0,1.0,0.9558,1.0
3570,1.0,1.0,1.0,1.0,0.926,1.0
3571,1.0,1.0,1.0,1.0,0.8929,1.0
3572,1.0,0.7,1.0,1.0,0.8929,1.0
3573,1.0,0.7,1.0,1.0,0.8929,1.0
3574,0.6,0.7,0.6,0.6,0.5357,0.6
3575,0.6,0.7,0.6,0.6,0.5357,0.6
3576,0.6,0.7,0.6,0.6,0.5357,0.6
3577,0.6,0.7,0.6,0.6,0.5357,0.6
3578,0.6,0.7,0.6,0.6,0.5357,0.6
3579,0.6,0.7,0.6,0.6,0.5357,0.6
3580,0.6,0.7,0.6,0.6,0.5357,0.6
3581,0.6,0.7,0.6,0.6,0.5357,0.6
3582,1.0,1.0,1.0,1.0,0.8929,1.0
3583,1.0,1.0,1.0,1.0,0.8929,1.0
3584,1.0,1.0,1.0,1.0,0.8929,1.0
3585,1.0,1.0,1.0,1.0,0.8929,1.0
3586,1.0,1.0,1.0,1.0,0.926,1.0
3587,1.0,1.0,1.0,1.0,0.9558,1.0
3588,1.0,1.0,1.0,1.0,0.9795,1.0
3589,1.0,1.0,1.0,1.0,0.9948,1.0
3590,1.0,1.0,1.0,1.0,1.0,1.0
3591,1.0,1.0,1.0,1.0,0.9948,1.0
3592,1.0,1.0,1.0,1.0,0.9795,1.0
3593,1.0,1.0,1.0,1.0,0.9558,1.0
3594,1.0,1.0,1.0,1.0,0.926,1.0
3595,1.0,1.0,1.0,1.0,0.8929,1.0
3596,1.0,0.7,1.0,1.0,0.8929,1.0
3597,1.0,0.7,1.0,1.0,0.8929,1.0
3598,0.6,0.7,0.6,0.6,0.5357,0.6
3599,0.6,0.7,0.6,0.6,0.5357,0.6
3600,0.6,0.7,0.6,0.6,0.5357,0.6
3601,0.6,0.7,0.6,0.6,0.5357,0.6
3602,0.6,0.7,0.6,0.6,0.5357,0.6
3603,0.6,0.7,0.6,0.6,0.5357,0.6
3604,0.6,0.7,0.6,0.6,0.5357,0.6
3605,0.6,0.7,0.6,0.6,0.5357,0.6
3606,1.0,1.0,1.0,1.0,0.8929,1.0
3607,1.0,1.0,1.0,1.0,0.8929,1.0
3608,1.0,1.0,1.0,1.0,0.8929,1.0
3609,1.0,1.0,1.0,1.0,0.8929,1.0
3610,1.0,1.0,1.0,1.0,0.926,1.0
3611,1.0,1.0,1.0,1.0,0.9558,1.0
3612,1.0,1.0,1.0,1.0,0.9795,1.0
3613,1.0,1.0,1.0,1.0,0.9948,1.0
3614,1.0,1.0,1.0,1.0,1.0,1.0
3615,1.0,1.0,1.0,1.0,0.9948,1.0
3616,1.0,1.0,1.0,1.0,0.9795,1.0
3617,1.0,1.0,1.0,1.0,0.9558,1.0
3618,1.0,1.0,1.0,1.0,0.926,1.0
3619,1.0,1.0,1.0,1.0,0.8929,1.0
3620,1.0,0.7,1.0,1.0,0.8929,1.0
3621,1.0,0.7,1.0,1.0,0.8929,1.0
3622,0.6,0.7,0.6,0.6,0.5357,0.6
3623,0.6,0.7,0.6,0.6,0.5357,0.6
3624,0.6,0.7,0.6,0.6,0.5357,0.6
3625,0.6,0.7,0.6,0.6,0.5357,0.6
3626,0.6,0.7,0.6,0.6,0.5357,0.6
3627,0.6,0.7,0.6,0.6,0.5357,0.6
3628,0.6,0.7,0.6,0.6,0.5357,0.6
3629,0.6,0.7,0.6,0.6,0.5357,0.6
3630,1.0,1.0,1.0,1.0,0.8929,1.0
3631,1.0,1.0,1.0,1.0,0.8929,1.0
3632,1.0,1.0,1.0,1.0,0.8929,1.0
3633,1.0,1.0,1.0,1.0,0.8929,1.0
3634,1.0,1.0,1.0,1.0,0.926,1.0
3635,1.0,1.0,1.0,1.0,0.9558,1.0
3636,1.0,1.0,1.0,1.0,0.9795,1.0
3637,1.0,1.0,1.0,1.0,0.9948,1.0
3638,1.0,1.0,1.0,1.0,1.0,1.0
3639,1.0,1.0,1.0,1.0,0.9948,1.0
3640,1.0,1.0,1.0,1.0,0.9795,1.0
3641,1.0,1.0,1.0,1.0,0.9558,1.0
3642,1.0,1.0,1.0,1.0,0.926,1.0
3643,1.0,1.0,1.0,1.0,0.8929,1.0
3644,1.0,0.7,1.0,1.0,0.8929,1.0
3645,1.0,0.7,1.0,1.0,0.8929,1.0
3646,0.6,0.7,0.6,0.6,0.5357,0.6
3647,0.6,0.7,0.6,0.6,0.5357,0.6
3648,0.6,0.7,0.6,0.6,0.5357,0.6
3649,0.6,0.7,0.6,0.6,0.5357,0.6
3650,0.6,0.7,0.6,0.6,0.5357,0.6
3651,0.6,0.7,0.6,0.6,0.5357,0.6
3652,0.6,0.7,0.6,0.6,0.5357,0.6
3653,0.6,0.7,0.6,0.6,0.5357,0.6
3654,1.0,1.0,1.0,1.0,0.8929,1.0
3655,1.0,1.0,1.0,1.0,0.8929,1.0
3656,1.0,1.0,1.0,1.0,0.8929,1.0
3657,1.0,1.0,1.0,1.0,0.8929,1.0
3658,1.0,1.0,1.0,1.0,0.926,1.0
3659,1.0,1.0,1.0,1.0,0.9558,1.0
3660,1.0,1.0,1.0,1.0,0.9795,1.0
3661,1.0,1.0,1.0,1.0,0.9948,1.0
3662,1.0,1.0,1.0,1.0,1.0,1.0
3663,1.0,1.0,1.0,1.0,0.9948,1.0
3664,1.0,1.0,1.0,1.0,0.9795,1.0
3665,1.0,1.0,1.0,1.0,0.9558,1.0
3666,1.0,1.0,1.0,1.0,0.926,1.0
3667,1.0,1.0,1.0,1.0,0.8929,1.0
3668,1.0,0.7,1.0,1.0,0.8929,1.0
3669,1.0,0.7,1.0,1.0,0.8929,1.0
3670,0.6,0.7,0.6,0.6,0.5357,0.6
3671,0.6,0.7,0.6,0.6,0.5357,0.6
3672,0.6,0.7,0.6,0.6,0.5357,0.6
3673,0.6,0.7,0.6,0.6,0.5357,0.6
3674,0.6,0.7,0.6,0.6,0.5357,0.6
3675,0.6,0.7,0.6,0.6,0.5357,0.6
3676,0.6,0.7,0.6,0.6,0.5357,0.6
3677,0.6,0.7,0.6,0.6,0.5357,0.6
3678,1.0,1.0,1.0,1.0,0.8929,1.0
3679,1.0,1.0,1.0,1.0,0.8929,1.0
3680,1.0,1.0,1.0,1.0,0.8929,1.0
3681,1.0,1.0,1.0,1.0,0.8929,1.0
3682,1.0,1.0,1.0,1.0,0.926,1.0
3683,1.0,1.0,1.0,1.0,0.9558,1.0
3684,1.0,1.0,1.0,1.0,0.9795,1.0
3685,1.0,1.0,1.0,1.0,0.9948,1.0
3686,1.0,1.0,1.0,1.0,1.0,1.0
3687,1.0,1.0,1.0,1.0,0.9948,1.0
3688,1.0,1.0,1.0,1.0,0.9795,1.0
3689,1.0,1.0,1.0,1.0,0.9558,1.0
3690,1.0,1.0,1.0,1.0,0.926,1.0
3691,1.0,1.0,1.0,1.0,0.8929,1.0
3692,1.0,0.7,1.0,1.0,0.8929,1.0
3693,1.0,0.7,1.0,1.0,0.8929,1.0
3694,0.6,0.7,0.6,0.6,0.5357,0.6
3695,0.6,0.7,0.6,0.6,0.5357,0.6
3696,0.6,0.7,0.6,0.6,0.5357,0.6
3697,0.6,0.7,0.6,0.6,0.5357,0.6
3698,0.6,0.7,0.6,0.6,0.5357,0.6
3699,0.6,0.7,0.6,0.6,0.5357,0.6
3700,0.6,0.7,0.6,0.6,0.5357,0.6
3701,0.6,0.7,0.6,0.6,0.5357,0.6
3702,1.0,1.0,1.0,1.0,0.8929,1.0
3703,1.0,1.0,1.0,1.0,0.8929,1.0
3704,1.0,1.0,1.0,1.0,0.8929,1.0
3705,1.0,1.0,1.0,1.0,0.8929,1.0
3706,1.0,1.0,1.0,1.0,0.926,1.0
3707,1.0,1.0,1.0,1.0,0.9558,1.0
3708,1.0,1.0,1.0,1.0,0.9795,1.0
3709,1.0,1.0,1.0,1.0,0.9948,1.0
3710,1.0,1.0,1.0,1.0,1.0,1.0
3711,1.0,1.0,1.0,1.0,0.9948,1.0
3712,1.0,1.0,1.0,1.0,0.9795,1.0
3713,1.0,1.0,1.0,1.0,0.9558,1.0
3714,1.0,1.0,1.0,1.0,0.926,1.0
3715,1.0,1.0,1.0,1.0,0.8929,1.0
3716,1.0,0.7,1.0,1.0,0.8929,1.0
3717,1.0,0.7,1.0,1.0,0.8929,1.0
3718,0.6,0.7,0.6,0.6,0.5357,0.6
3719,0.6,0.7,0.6,0.6,0.5357,0.6
3720,0.6,0.7,0.6,0.6,0.5357,0.6
3721,0.6,0.7,0.6,0.6,0.5357,0.6
3722,0.6,0.7,0.6,0.6,0.5357,0.6
3723,0.6,0.7,0.6,0.6,0.5357,0.6
3724,0.6,0.7,0.6,0.6,0.5357,0.6
3725,0.6,0.7,0.6,0.6,0.5357,0.6
3726,1.0,1.0,1.0,1.0,0.8929,1.0
3727,1.0,1.0,1.0,1.0,0.8929,1.0
3728,1.0,1.0,1.0,1.0,0.8929,1.0
3729,1.0,1.0,1.0,1.0,0.8929,1.0
3730,1.0,1.0,1.0,1.0,0.926,1.0
3731,1.0,1.0,1.0,1.0,0.9558,1.0
3732,1.0,1.0,1.0,1.0,0.9795,1.0
3733,1.0,1.0,1.0,1.0,0.9948,1.0
3734,1.0,1.0,1.0,1.0,1.0,1.0
3735,1.0,1.0,1.0,1.0,0.9948,1.0
3736,1.0,1.0,1.0,1.0,0.9795,1.0
3737,1.0,1.0,1.0,1.0,0.9558,1.0
3738,1.0,1.0,1.0,1.0,0.926,1.0
3739,1.0,1.0,1.0,1.0,0.8929,1.0
3740,1.0,0.7,1.0,1.0,0.8929,1.0
3741,1.0,0.7,1.0,1.0,0.8929,1.0
3742,0.6,0.7,0.6,0.6,0.5357,0.6
3743,0.6,0.7,0.6,0.6,0.5357,0.6
3744,0.6,0.7,0.6,0.6,0.5357,0.6
3745,0.6,0.7,0.6,0.6,0.5357,0.6
3746,0.6,0.7,0.6,0.6,0.5357,0.6
3747,0.6,0.7,0.6,0.6,0.5357,0.6
3748,0.6,0.7,0.6,0.6,0.5357,0.6
3749,0.6,0.7,0.6,0.6,0.5357,0.6
3750,1.0,1.0,1.0,1.0,0.8929,1.0
3751,1.0,1.0,1.0,1.0,0.8929,1.0
3752,1.0,1.0,1.0,1.0,0.8929,1.0
3753,1.0,1.0,1.0,1.0,0.8929,1.0
3754,1.0,1.0,1.0,1.0,0.926,1.0
3755,1.0,1.0,1.0,1.0,0.9558,1.0
3756,1.0,1.0,1.0,1.0,0.9795,1.0
3757,1.0,1.0,1.0,1.0,0.9948,1.0
3758,1.0,1.0,1.0,1.0,1.0,1.0
3759,1.0,1.0,1.0,1.0,0.9948,1.0
3760,1.0,1.0,1.0,1.0,0.9795,1.0
3761,1.0,1.0,1.0,1.0,0.9558,1.0
3762,1.0,1.0,1.0,1.0,0.926,1.0
3763,1.0,1.0,1.0,1.0,0.8929,1.0
3764,1.0,0.7,1.0,1.0,0.8929,1.0
3765,1.0,0.7,1.0,1.0,0.8929,1.0
3766,0.6,0.7,0.6,0.6,0.5357,0.6
3767,0.6,0.7,0.6,0.6,0.5357,0.6
3768,0.6,0.7,0.6,0.6,0.5357,0.6
3769,0.6,0.7,0.6,0.6,0.5357,0.6
3770,0.6,0.7,0.6,0.6,0.5357,0.6
3771,0.6,0.7,0.6,0.6,0.5357,0.6
3772,0.6,0.7,0.6,0.6,0.5357,0.6
3773,0.6,0.7,0.6,0.6,0.5357,0.6
3774,1.0,1.0,1.0,1.0,0.8929,1.0
3775,1.0,1.0,1.0,1.0,0.8929,1.0
3776,1.0,1.0,1.0,1.0,0.8929,1.0
3777,1.0,1.0,1.0,1.0,0.8929,1.0
3778,1.0,1.0,1.0,1.0,0.926,1.0
3779,1.0,1.0,1.0,1.0,0.9558,1.0
3780,1.0,1.0,1.0,1.0,0.9795,1.0
3781,1.0,1.0,1.0,1.0,0.9948,1.0
3782,1.0,1.0,1.0,1.0,1.0,1.0
3783,1.0,1.0,1.0,1.0,0.9948,1.0
3784,1.0,1.0,1.0,1.0,0.9795,1.0
3785,1.0,1.0,1.0,1.0,0.9558,1.0
3786,1.0,1.0,1.0,1.0,0.926,1.0
3787,1.0,1.0,1.0,1.0,0.8929,1.0
3788,1.0,0.7,1.0,1.0,0.8929,1.0
3789,1.0,0.7,1.0,1.0,0.8929,1.0
3790,0.6,0.7,0.6,0.6,0.5357,0.6
3791,0.6,0.7,0.6,0.6,0.5357,0.6
3792,0.6,0.7,0.6,0.6,0.5357,0.6
3793,0.6,0.7,0.6,0.6,0.5357,0.6
3794,0.6,0.7,0.6,0.6,0.5357,0.6
3795,0.6,0.7,0.6,0.6,0.5357,0.6
3796,0.6,0.7,0.6,0.6,0.5357,0.6
3797,0.6,0.7,0.6,0.6,0.5357,0.6
3798,1.0,1.0,1.0,1.0,0.8929,1.0
3799,1.0,1.0,1.0,1.0,0.8929,1.0
3800,1.0,1.0,1.0,1.0,0.8929,1.0
3801,1.0,1.0,1.0,1.0,0.8929,1.0
3802,1.0,1.0,1.0,1.0,0.926,1.0
3803,1.0,1.0,1.0,1.0,0.9558,1.0
3804,1.0,1.0,1.0,1.0,0.9795,1.0
3805,1.0,1.0,1.0,1.0,0.9948,1.0
3806,1.0,1.0,1.0,1.0,1.0,1.0
3807,1.0,1.0,1.0,1.0,0.9948,1.0
3808,1.0,1.0,1.0,1.0,0.9795,1.0
3809,1.0,1.0,1.0,1.0,0.9558,1.0
3810,1.0,1.0,1.0,1.0,0.926,1.0
3811,1.0,1.0,1.0,1.0,0.8929,1.0
3812,1.0,0.7,1.0,1.0,0.8929,1.0
3813,1.0,0.7,1.0,1.0,0.8929,1.0
3814,0.6,0.7,0.6,0.6,0.5357,0.6
3815,0.6,0.7,0.6,0.6,0.5357,0.6
3816,0.6,0.7,0.6,0.6,0.5357,0.6
3817,0.6,0.7,0.6,0.6,0.5357,0.6
3818,0.6,0.7,0.6,0.6,0.5357,0.6
3819,0.6,0.7,0.6,0.6,0.5357,0.6
3820,0.6,0.7,0.6,0.6,0.5357,0.6
3821,0.6,0.7,0.6,0.6,0.5357,0.6
3822,1.0,1.0,1.0,1.0,0.8929,1.0
3823,1.0,1.0,1.0,1.0,0.8929,1.0
3824,1.0,1.0,1.0,1.0,0.8929,1.0
3825,1.0,1.0,1.0,1.0,0.8929,1.0
3826,1.0,1.0,1.0,1.0,0.926,1.0
3827,1.0,1.0,1.0,1.0,0.9558,1.0
3828,1.0,1.0,1.0,1.0,0.9795,1.0
3829,1.0,1.0,1.0,1.0,0.9948,1.0
3830,1.0,1.0,1.0,1.0,1.0,1.0
3831,1.0,1.0,1.0,1.0,0.9948,1.0
3832,1.0,1.0,1.0,1.0,0.9795,1.0
3833,1.0,1.0,1.0,1.0,0.9558,1.0
3834,1.0,1.0,1.0,1.0,0.926,1.0
3835,1.0,1.0,1.0,1.0,0.8929,1.0
3836,1.0,0.7,1.0,1.0,0.8929,1.0
3837,1.0,0.7,1.0,1.0,0.8929,1.0
3838,0.6,0.7,0.6,0.6,0.5357,0.6
3839,0.6,0.7,0.6,0.6,0.5357,0.6
3840,0.6,0.7,0.6,0.6,0.5357,0.6
3841,0.6,0.7,0.6,0.6,0.5357,0.6
3842,0.6,0.7,0.6,0.6,0.5357,0.6
3843,0.6,0.7,0.6,0.6,0.5357,0.6
3844,0.6,0.7,0.6,0.6,0.5357,0.6
3845,0.6,0.7,0.6,0.6,0.5357,0.6
3846,1.0,1.0,1.0,1.0,0.8929,1.0
3847,1.0,1.0,1.0,1.0,0.8929,1.0
3848,1.0,1.0,1.0,1.0,0.8929,1.0
3849,1.0,1.0,1.0,1.0,0.8929,1.0
3850,1.0,1.0,1.0,1.0,0.926,1.0
3851,1.0,1.0,1.0,1.0,0.9558,1.0
3852,1.0,1.0,1.0,1.0,0.9795,1.0
3853,1.0,1.0,1.0,1.0,0.9948,1.0
3854,1.0,1.0,1.0,1.0,1.0,1.0
3855,1.0,1.0,1.0,1.0,0.9948,1.0
3856,1.0,1.0,1.0,1.0,0.9795,1.0
3857,1.0,1.0,1.0,1.0,0.9558,1.0
3858,1.0,1.0,1.0,1.0,0.926,1.0
3859,1.0,1.0,1.0,1.0,0.8929,1.0
3860,1.0,0.7,1.0,1.0,0.8929,1.0
3861,1.0,0.7,1.0,1.0,0.8929,1.0
3862,0.6,0.7,0.6,0.6,0.5357,0.6
3863,0.6,0.7,0.6,0.6,0.5357,0.6
3864,0.6,0.7,0.6,0.6,0.5357,0.6
3865,0.6,0.7,0.6,0.6,0.5357,0.6
3866,0.6,0.7,0.6,0.6,0.5357,0.6
3867,0.6,0.7,0.6,0.6,0.5357,0.6
3868,0.6,0.7,0.6,0.6,0.5357,0.6
3869,0.6,0.7,0.6,0.6,0.5357,0.6
3870,1.0,1.0,1.0,1.0,0.8929,1.0
3871,1.0,1.0,1.0,1.0,0.8929,1.0
3872,1.0,1.0,1.0,1.0,0.8929,1.0
3873,1.0,1.0,1.0,1.0,0.8929,1.0
3874,1.0,1.0,1.0,1.0,0.926,1.0
3875,1.0,1.0,1.0,1.0,0.9558,1.0
3876,1.0,1.0,1.0,1.0,0.9795,1.0
3877,1.0,1.0,1.0,1.0,0.9948,1.0
3878,1.0,1.0,1.0,1.0,1.0,1.0
3879,1.0,1.0,1.0,1.0,0.9948,1.0
3880,1.0,1.0,1.0,1.0,0.9795,1.0
3881,1.0,1.0,1.0,1.0,0.9558,1.0
3882,1.0,1.0,1.0,1.0,0.926,1.0
3883,1.0,1.0,1.0,1.0,0.8929,1.0
3884,1.0,0.7,1.0,1.0,0.8929,1.0
3885,1.0,0.7,1.0,1.0,0.8929,1.0
3886,0.6,0.7,0.6,0.6,0.5357,0.6
3887,0.6,0.7,0.6,0.6,0.5357,0.6
3888,0.6,0.7,0.6,0.6,0.5357,0.6
3889,0.6,0.7,0.6,0.6,0.5357,0.6
3890,0.6,0.7,0.6,0.6,0.5357,0.6
3891,0.6,0.7,0.6,0.6,0.5357,0.6
3892,0.6,0.7,0.6,0.6,0.5357,0.6
3893,0.6,0.7,0.6,0.6,0.5357,0.6
3894,1.0,1.0,1.0,1.0,0.8929,1.0
3895,1.0,1.0,1.0,1.0,0.8929,1.0
3896,1.0,1.0,1.0,1.0,0.8929,1.0
3897,1.0,1.0,1.0,1.0,0.8929,1.0
3898,1.0,1.0,1.0,1.0,0.926,1.0
3899,1.0,1.0,1.0,1.0,0.9558,1.0
3900,1.0,1.0,1.0,1.0,0.9795,1.0
3901,1.0,1.0,1.0,1.0,0.9948,1.0
3902,1.0,1.0,1.0,1.0,1.0,1.0
3903,1.0,1.0,1.0,1.0,0.9948,1.0
3904,1.0,1.0,1.0,1.0,0.9795,1.0
3905,1.0,1.0,1.0,1.0,0.9558,1.0
3906,1.0,1.0,1.0,1.0,0.926,1.0
3907,1.0,1.0,1.0,1.0,0.8929,1.0
3908,1.0,0.7,1.0,1.0,0.8929,1.0
3909,1.0,0.7,1.0,1.0,0.8929,1.0
3910,0.6,0.7,0.6,0.6,0.5357,0.6
3911,0.6,0.7,0.6,0.6,0.5357,0.6
3912,0.6,0.7,0.6,0.6,0.5357,0.6
3913,0.6,0.7,0.6,0.6,0.5357,0.6
3914,0.6,0.7,0.6,0.6,0.5357,0.6
3915,0.6,0.7,0.6,0.6,0.5357,0.6
3916,0.6,0.7,0.6,0.6,0.5357,0.6
3917,0.6,0.7,0.6,0.6,0.5357,0.6
3918,1.0,1.0,1.0,1.0,0.8929,1.0
3919,1.0,1.0,1.0,1.0,0.8929,1.0
3920,1.0,1.0,1.0,1.0,0.8929,1.0
3921,1.0,1.0,1.0,1.0,0.8929,1.0
3922,1.0,1.0,1.0,1.0,0.926,1.0
3923,1.0,1.0,1.0,1.0,0.9558,1.0
3924,1.0,1.0,1.0,1.0,0.9795,1.0
3925,1.0,1.0,1.0,1.0,0.9948,1.0
3926,1.0,1.0,1.0,1.0,1.0,1.0
3927,1.0,1.0,1.0,1.0,0.9948,1.0
3928,1.0,1.0,1.0,1.0,0.9795,1.0
3929,1.0,1.0,1.0,1.0,0.9558,1.0
3930,1.0,1.0,1.0,1.0,0.926,1.0
3931,1.0,1.0,1.0,1.0,0.8929,1.0
3932,1.0,0.7,1.0,1.0,0.8929,1.0
3933,1.0,0.7,1.0,1.0,0.8929,1.0
3934,0.6,0.7,0.6,0.6,0.5357,0.6
3935,0.6,0.7,0.6,0.6,0.5357,0.6
3936,0.6,0.7,0.6,0.6,0.5357,0.6
3937,0.6,0.7,0.6,0.6,0.5357,0.6
3938,0.6,0.7,0.6,0.6,0.5357,0.6
3939,0.6,0.7,0.6,0.6,0.5357,0.6
3940,0.6,0.7,0.6,0.6,0.5357,0.6
3941,0.6,0.7,0.6,0.6,0.5357,0.6
3942,1.0,1.0,1.0,1.0,0.8929,1.0
3943,1.0,1.0,1.0,1.0,0.8929,1.0
3944,1.0,1.0,1.0,1.0,0.8929,1.0
3945,1.0,1.0,1.0,1.0,0.8929,1.0
3946,1.0,1.0,1.0,1.0,0.926,1.0
3947,1.0,1.0,1.0,1.0,0.9558,1.0
3948,1.0,1.0,1.0,1.0,0.9795,1.0
3949,1.0,1.0,1.0,1.0,0.9948,1.0
3950,1.0,1.0,1.0,1.0,1.0,1.0
3951,1.0,1.0,1.0,1.0,0.9948,1.0
3952,1.0,1.0,1.0,1.0,0.9795,1.0
3953,1.0,1.0,1.0,1.0,0.9558,1.0
3954,1.0,1.0,1.0,1.0,0.926,1.0
3955,1.0,1.0,1.0,1.0,0.8929,1.0
3956,1.0,0.7,1.0,1.0,0.8929,1.0
3957,1.0,0.7,1.0,1.0,0.8929,1.0
3958,0.6,0.7,0.6,0.6,0.5357,0.6
3959,0.6,0.7,0.6,0.6,0.5357,0.6
3960,0.6,0.7,0.6,0.6,0.5357,0.6
3961,0.6,0.7,0.6,0.6,0.5357,0.6
3962,0.6,0.7,0.6,0.6,0.5357,0.6
3963,0.6,0.7,0.6,0.6,0.5357,0.6
3964,0.6,0.7,0.6,0.6,0.5357,0.6
3965,0.6,0.7,0.6,0.6,0.5357,0.6
3966,1.0,1.0,1.0,1.0,0.8929,1.0
3967,1.0,1.0,1.0,1.0,0.8929,1.0
3968,1.0,1.0,1.0,1.0,0.8929,1.0
3969,1.0,1.0,1.0,1.0,0.8929,1.0
3970,1.0,1.0,1.0,1.0,0.926,1.0
3971,1.0,1.0,1.0,1.0,0.9558,1.0
3972,1.0,1.0,1.0,1.0,0.9795,1.0
3973,1.0,1.0,1.0,1.0,0.9948,1.0
3974,1.0,1.0,1.0,1.0,1.0,1.0
3975,1.0,1.0,1.0,1.0,0.9948,1.0
3976,1.0,1.0,1.0,1.0,0.9795,1.0
3977,1.0,1.0,1.0,1.0,0.9558,1.0
3978,1.0,1.0,1.0,1.0,0.926,1.0
3979,1.0,1.0,1.0,1.0,0.8929,1.0
3980,1.0,0.7,1.0,1.0,0.8929,1.0
3981,1.0,0.7,1.0,1.0,0.8929,1.0
3982,0.6,0.7,0.6,0.6,0.5357,0.6
3983,0.6,0.7,0.6,0.6,0.5357,0.6
3984,0.6,0.7,0.6,0.6,0.5357,0.6
3985,0.6,0.7,0.6,0.6,0.5357,0.6
3986,0.6,0.7,0.6,0.6,0.5357,0.6
3987,0.6,0.7,0.6,0.6,0.5357,0.6
3988,0.6,0.7,0.6,0.6,0.5357,0.6
3989,0.6,0.7,0.6,0.6,0.5357,0.6
3990,1.0,1.0,1.0,1.0,0.8929,1.0
3991,1.0,1.0,1.0,1.0,0.8929,1.0
3992,1.0,1.0,1.0,1.0,0.8929,1.0
3993,1.0,1.0,1.0,1.0,0.8929,1.0
3994,1.0,1.0,1.0,1.0,0.926,1.0
3995,1.0,1.0,1.0,1.0,0.9558,1.0
3996,1.0,1.0,1.0,1.0,0.9795,1.0
3997,1.0,1.0,1.0,1.0,0.9948,1.0
3998,1.0,1.0,1.0,1.0,1.0,1.0
3999,1.0,1.0,1.0,1.0,0.9948,1.0
4000,1.0,1.0,1.0,1.0,0.9795,1.0
4001,1.0,1.0,1.0,1.0,0.9558,1.0
4002,1.0,1.0,1.0,1.0,0.926,1.0
4003,1.0,1.0,1.0,1.0,0.8929,1.0
4004,1.0,0.7,1.0,1.0,0.8929,1.0
4005,1.0,0.7,1.0,1.0,0.8929,1.0
4006,0.6,0.7,0.6,0.6,0.5357,0.6
4007,0.6,0.7,0.6,0.6,0.5357,0.6
4008,0.6,0.7,0.6,0.6,0.5357,0.6
4009,0.6,0.7,0.6,0.6,0.5357,0.6
4010,0.6,0.7,0.6,0.6,0.5357,0.6
4011,0.6,0.7,0.6,0.6,0.5357,0.6
4012,0.6,0.7,0.6,0.6,0.5357,0.6
4013,0.6,0.7,0.6,0.6,0.5357,0.6
4014,1.0,1.0,1.0,1.0,0.8929,1.0
4015,1.0,1.0,1.0,1.0,0.8929,1.0
4016,1.0,1.0,1.0,1.0,0.8929,1.0
4017,1.0,1.0,1.0,1.0,0.8929,1.0
4018,1.0,1.0,1.0,1.0,0.926,1.0
4019,1.0,1.0,1.0,1.0,0.9558,1.0
4020,1.0,1.0,1.0,1.0,0.9795,1.0
4021,1.0,1.0,1.0,1.0,0.9948,1.0
4022,1.0,1.0,1.0,1.0,1.0,1.0
4023,1.0,1.0,1.0,1.0,0.9948,1.0
4024,1.0,1.0,1.0,1.0,0.9795,1.0
4025,1.0,1.0,1.0,1.0,0.9558,1.0
4026,1.0,1.0,1.0,1.0,0.926,1.0
4027,1.0,1.0,1.0,1.0,0.8929,1.0
4028,1.0,0.7,1.0,1.0,0.8929,1.0
4029,1.0,0.7,1.0,1.0,0.8929,1.0
4030,0.6,0.7,0.6,0.6,0.5357,0.6
4031,0.6,0.7,0.6,0.6,0.5357,0.6
4032,0.6,0.7,0.6,0.6,0.5357,0.6
4033,0.6,0.7,0.6,0.6,0.5357,0.6
4034,0.6,0.7,0.6,0.6,0.5357,0.6
4035,0.6,0.7,0.6,0.6,0.5357,0.6
4036,0.6,0.7,0.6,0.6,0.5357,0.6
4037,0.6,0.7,0.6,0.6,0.5357,0.6
4038,1.0,1.0,1.0,1.0,0.8929,1.0
4039,1.0,1.0,1.0,1.0,0.8929,1.0
4040,1.0,1.0,1.0,1.0,0.8929,1.0
4041,1.0,1.0,1.0,1.0,0.8929,1.0
4042,1.0,1.0,1.0,1.0,0.926,1.0
4043,1.0,1.0,1.0,1.0,0.9558,1.0
4044,1.0,1.0,1.0,1.0,0.9795,1.0
4045,1.0,1.0,1.0,1.0,0.9948,1.0
4046,1.0,1.0,1.0,1.0,1.0,1.0
4047,1.0,1.0,1.0,1.0,0.9948,1.0
4048,1.0,1.0,1.0,1.0,0.9795,1.0
4049,1.0,1.0,1.0,1.0,0.9558,1.0
4050,1.0,1.0,1.0,1.0,0.926,1.0
4051,1.0,1.0,1.0,1.0,0.8929,1.0
4052,1.0,0.7,1.0,1.0,0.8929,1.0
4053,1.0,0.7,1.0,1.0,0.8929,1.0
4054,0.6,0.7,0.6,0.6,0.5357,0.6
4055,0.6,0.7,0.6,0.6,0.5357,0.6
4056,0.6,0.7,0.6,0.6,0.5357,0.6
4057,0.6,0.7,0.6,0.6,0.5357,0.6
4058,0.6,0.7,0.6,0.6,0.5357,0.6
4059,0.6,0.7,0.6,0.6,0.5357,0.6
4060,0.6,0.7,0.6,0.6,0.5357,0.6
4061,0.6,0.7,0.6,0.6,0.5357,0.6
4062,1.0,1.0,1.0,1.0,0.8929,1.0
4063,1.0,1.0,1.0,1.0,0.8929,1.0
4064,1.0,1.0,1.0,1.0,0.8929,1.0
4065,1.0,1.0,1.0,1.0,0.8929,1.0
4066,1.0,1.0,1.0,1.0,0.926,1.0
4067,1.0,1.0,1.0,1.0,0.9558,1.0
4068,1.0,1.0,1.0,1.0,0.9795,1.0
4069,1.0,1.0,1.0,1.0,0.9948,1.0
4070,1.0,1.0,1.0,1.0,1.0,1.0
4071,1.0,1.0,1.0,1.0,0.9948,1.0
4072,1.0,1.0,1.0,1.0,0.9795,1.0
4073,1.0,1.0,1.0,1.0,0.9558,1.0
4074,1.0,1.0,1.0,1.0,0.926,1.0
4075,1.0,1.0,1.0,1.0,0.8929,1.0
4076,1.0,0.7,1.0,1.0,0.8929,1.0
4077,1.0,0.7,1.0,1.0,0.8929,1.0
4078,0.6,0.7,0.6,0.6,0.5357,0.6
4079,0.6,0.7,0.6,0.6,0.5357,0.6
4080,0.6,0.7,0.6,0.6,0.5357,0.6
4081,0.6,0.7,0.6,0.6,0.5357,0.6
4082,0.6,0.7,0.6,0.6,0.5357,0.6
4083,0.6,0.7,0.6,0.6,0.5357,0.6
4084,0.6,0.7,0.6,0.6,0.5357,0.6
4085,0.6,0.7,0.6,0.6,0.5357,0.6
4086,1.0,1.0,1.0,1.0,0.8929,1.0
4087,1.0,1.0,1.0,1.0,0.8929,1.0
4088,1.0,1.0,1.0,1.0,0.8929,1.0
4089,1.0,1.0,1.0,1.0,0.8929,1.0
4090,1.0,1.0,1.0,1.0,0.926,1.0
4091,1.0,1.0,1.0,1.0,0.9558,1.0
4092,1.0,1.0,1.0,1.0,0.9795,1.0
4093,1.0,1.0,1.0,1.0,0.9948,1.0
4094,1.0,1.0,1.0,1.0,1.0,1.0
4095,1.0,1.0,1.0,1.0,0.9948,1.0
4096,1.0,1.0,1.0,1.0,0.9795,1.0
4097,1.0,1.0,1.0,1.0,0.9558,1.0
4098,1.0,1.0,1.0,1.0,0.926,1.0
4099,1.0,1.0,1.0,1.0,0.8929,1.0
4100,1.0,0.7,1.0,1.0,0.8929,1.0
4101,1.0,0.7,1.0,1.0,0.8929,1.0
4102,0.6,0.7,0.6,0.6,0.5357,0.6
4103,0.6,0.7,0.6,0.6,0.5357,0.6
4104,0.6,0.7,0.6,0.6,0.5357,0.6
4105,0.6,0.7,0.6,0.6,0.5357,0.6
4106,0.6,0.7,0.6,0.6,0.5357,0.6
4107,0.6,0.7,0.6,0.6,0.5357,0.6
4108,0.6,0.7,0.6,0.6,0.5357,0.6
4109,0.6,0.7,0.6,0.6,0.5357,0.6
4110,1.0,1.0,1.0,1.0,0.8929,1.0
4111,1.0,1.0,1.0,1.0,0.8929,1.0
4112,1.0,1.0,1.0,1.0,0.8929,1.0
4113,1.0,1.0,1.0,1.0,0.8929,1.0
4114,1.0,1.0,1.0,1.0,0.926,1.0
4115,1.0,1.0,1.0,1.0,0.9558,1.0
4116,1.0,1.0,1.0,1.0,0.9795,1.0
4117,1.0,1.0,1.0,1.0,0.9948,1.0
4118,1.0,1.0,1.0,1.0,1.0,1.0
4119,1.0,1.0,1.0,1.0,0.9948,1.0
4120,1.0,1.0,1.0,1.0,0.9795,1.0
4121,1.0,1.0,1.0,1.0,0.9558,1.0
4122,1.0,1.0,1.0,1.0,0.926,1.0
4123,1.0,1.0,1.0,1.0,0.8929,1.0
4124,1.0,0.7,1.0,1.0,0.8929,1.0
4125,1.0,0.7,1.0,1.0,0.8929,1.0
4126,0.6,0.7,0.6,0.6,0.5357,0.6
4127,0.6,0.7,0.6,0.6,0.5357,0.6
4128,0.6,0.7,0.6,0.6,0.5357,0.6
4129,0.6,0.7,0.6,0.6,0.5357,0.6
4130,0.6,0.7,0.6,0.6,0.5357,0.6
4131,0.6,0.7,0.6,0.6,0.5357,0.6
4132,0.6,0.7,0.6,0.6,0.5357,0.6
4133,0.6,0.7,0.6,0.6,0.5357,0.6
4134,1.0,1.0,1.0,1.0,0.8929,1.0
4135,1.0,1.0,1.0,1.0,0.8929,1.0
4136,1.0,1.0,1.0,1.0,0.8929,1.0
4137,1.0,1.0,1.0,1.0,0.8929,1.0
4138,1.0,1.0,1.0,1.0,0.926,1.0
4139,1.0,1.0,1.0,1.0,0.9558,1.0
4140,1.0,1.0,1.0,1.0,0.9795,1.0
4141,1.0,1.0,1.0,1.0,0.9948,1.0
4142,1.0,1.0,1.0,1.0,1.0,1.0
4143,1.0,1.0,1.0,1.0,0.9948,1.0
4144,1.0,1.0,1.0,1.0,0.9795,1.0
4145,1.0,1.0,1.0,1.0,0.9558,1.0
4146,1.0,1.0,1.0,1.0,0.926,1.0
4147,1.0,1.0,1.0,1.0,0.8929,1.0
4148,1.0,0.7,1.0,1.0,0.8929,1.0
4149,1.0,0.7,1.0,1.0,0.8929,1.0
4150,0.6,0.7,0.6,0.6,0.5357,0.6
4151,0.6,0.7,0.6,0.6,0.5357,0.6
4152,0.6,0.7,0.6,0.6,0.5357,0.6
4153,0.6,0.7,0.6,0.6,0.5357,0.6
4154,0.6,0.7,0.6,0.6,0.5357,0.6
4155,0.6,0.7,0.6,0.6,0.5357,0.6
4156,0.6,0.7,0.6,0.6,0.5357,0.6
4157,0.6,0.7,0.6,0.6,0.5357,0.6
4158,1.0,1.0,1.0,1.0,0.8929,1.0
4159,1.0,1.0,1.0,1.0,0.8929,1.0
4160,1.0,1.0,1.0,1.0,0.8929,1.0
4161,1.0,1.0,1.0,1.0,0.8929,1.0
4162,1.0,1.0,1.0,1.0,0.926,1.0
4163,1.0,1.0,1.0,1.0,0.9558,1.0
4164,1.0,1.0,1.0,1.0,0.9795,1.0
4165,1.0,1.0,1.0,1.0,0.9948,1.0
4166,1.0,1.0,1.0,1.0,1.0,1.0
4167,1.0,1.0,1.0,1.0,0.9948,1.0
4168,1.0,1.0,1.0,1.0,0.9795,1.0
4169,1.0,1.0,1.0,1.0,0.9558,1.0
4170,1.0,1.0,1.0,1.0,0.926,1.0
4171,1.0,1.0,1.0,1.0,0.8929,1.0
4172,1.0,0.7,1.0,1.0,0.8929,1.0
4173,1.0,0.7,1.0,1.0,0.8929,1.0
4174,0.6,0.7,0.6,0.6,0.5357,0.6
4175,0.6,0.7,0.6,0.6,0.5357,0.6
4176,0.6,0.7,0.6,0.6,0.5357,0.6
4177,0.6,0.7,0.6,0.6,0.5357,0.6
4178,0.6,0.7,0.6,0.6,0.5357,0.6
4179,0.6,0.7,0.6,0.6,0.5357,0.6
4180,0.6,0.7,0.6,0.6,0.5357,0.6
4181,0.6,0.7,0.6,0.6,0.5357,0.6
4182,1.0,1.0,1.0,1.0,0.8929,1.0
4183,1.0,1.0,1.0,1.0,0.8929,1.0
4184,1.0,1.0,1.0,1.0,0.8929,1.0
4185,1.0,1.0,1.0,1.0,0.8929,1.0
4186,1.0,1.0,1.0,1.0,0.926,1.0
4187,1.0,1.0,1.0,1.0,0.9558,1.0
4188,1.0,1.0,1.0,1.0,0.9795,1.0
4189,1.0,1.0,1.0,1.0,0.9948,1.0
4190,1.0,1.0,1.0,1.0,1.0,1.0
4191,1.0,1.0,1.0,1.0,0.9948,1.0
4192,1.0,1.0,1.0,1.0,0.9795,1.0
4193,1.0,1.0,1.0,1.0,0.9558,1.0
4194,1.0,1.0,1.0,1.0,0.926,1.0
4195,1.0,1.0,1.0,1.0,0.8929,1.0
4196,1.0,0.7,1.0,1.0,0.8929,1.0
4197,1.0,0.7,1.0,1.0,0.8929,1.0
4198,0.6,0.7,0.6,0.6,0.5357,0.6
4199,0.6,0.7,0.6,0.6,0.5357,0.6
4200,0.6,0.7,0.6,0.6,0.5357,0.6
4201,0.6,0.7,0.6,0.6,0.5357,0.6
4202,0.6,0.7,0.6,0.6,0.5357,0.6
4203,0.6,0.7,0.6,0.6,0.5357,0.6
4204,0.6,0.7,0.6,0.6,0.5357,0.6
4205,0.6,0.7,0.6,0.6,0.5357,0.6
4206,1.0,1.0,1.0,1.0,0.8929,1.0
4207,1.0,1.0,1.0,1.0,0.8929,1.0
4208,1.0,1.0,1.0,1.0,0.8929,1.0
4209,1.0,1.0,1.0,1.0,0.8929,1.0
4210,1.0,1.0,1.0,1.0,0.926,1.0
4211,1.0,1.0,1.0,1.0,0.9558,1.0
4212,1.0,1.0,1.0,1.0,0.9795,1.0
4213,1.0,1.0,1.0,1.0,0.9948,1.0
4214,1.0,1.0,1.0,1.0,1.0,1.0
4215,1.0,1.0,1.0,1.0,0.9948,1.0
4216,1.0,1.0,1.0,1.0,0.9795,1.0
4217,1.0,1.0,1.0,1.0,0.9558,1.0
4218,1.0,1.0,1.0,1.0,0.926,1.0
4219,1.0,1.0,1.0,1.0,0.8929,1.0
4220,1.0,0.7,1.0,1.0,0.8929,1.0
4221,1.0,0.7,1.0,1.0,0.8929,1.0
4222,0.6,0.7,0.6,0.6,0.5357,0.6
4223,0.6,0.7,0.6,0.6,0.5357,0.6
4224,0.6,0.7,0.6,0.6,0.5357,0.6
4225,0.6,0.7,0.6,0.6,0.5357,0.6
4226,0.6,0.7,0.6,0.6,0.5357,0.6
4227,0.6,0.7,0.6,0.6,0.5357,0.6
4228,0.6,0.7,0.6,0.6,0.5357,0.6
4229,0.6,0.7,0.6,0.6,0.5357,0.6
4230,1.0,1.0,1.0,1.0,0.8929,1.0
4231,1.0,1.0,1.0,1.0,0.8929,1.0
4232,1.0,1.0,1.0,1.0,0.8929,1.0
4233,1.0,1.0,1.0,1.0,0.8929,1.0
4234,1.0,1.0,1.0,1.0,0.926,1.0
4235,1.0,1.0,1.0,1.0,0.9558,1.0
4236,1.0,1.0,1.0,1.0,0.9795,1.0
4237,1.0,1.0,1.0,1.0,0.9948,1.0
4238,1.0,1.0,1.0,1.0,1.0,1.0
4239,1.0,1.0,1.0,1.0,0.9948,1.0
4240,1.0,1.0,1.0,1.0,0.9795,1.0
4241,1.0,1.0,1.0,1.0,0.9558,1.0
4242,1.0,1.0,1.0,1.0,0.926,1.0
4243,1.0,1.0,1.0,1.0,0.8929,1.0
4244,1.0,0.7,1.0,1.0,0.8929,1.0
4245,1.0,0.7,1.0,1.0,0.8929,1.0
4246,0.6,0.7,0.6,0.6,0.5357,0.6
4247,0.6,0.7,0.6,0.6,0.5357,0.6
4248,0.6,0.7,0.6,0.6,0.5357,0.6
4249,0.6,0.7,0.6,0.6,0.5357,0.6
4250,0.6,0.7,0.6,0.6,0.5357,0.6
4251,0.6,0.7,0.6,0.6,0.5357,0.6
4252,0.6,0.7,0.6,0.6,0.5357,0.6
4253,0.6,0.7,0.6,0.6,0.5357,0.6
4254,1.0,1.0,1.0,1.0,0.8929,1.0
4255,1.0,1.0,1.0,1.0,0.8929,1.0
4256,1.0,1.0,1.0,1.0,0.8929,1.0
4257,1.0,1.0,1.0,1.0,0.8929,1.0
4258,1.0,1.0,1.0,1.0,0.926,1.0
4259,1.0,1.0,1.0,1.0,0.9558,1.0
4260,1.0,1.0,1.0,1.0,0.9795,1.0
4261,1.0,1.0,1.0,1.0,0.9948,1.0
4262,1.0,1.0,1.0,1.0,1.0,1.0
4263,1.0,1.0,1.0,1.0,0.9948,1.0
4264,1.0,1.0,1.0,1.0,0.9795,1.0
4265,1.0,1.0,1.0,1.0,0.9558,1.0
4266,1.0,1.0,1.0,1.0,0.926,1.0
4267,1.0,1.0,1.0,1.0,0.8929,1.0
4268,1.0,0.7,1.0,1.0,0.8929,1.0
4269,1.0,0.7,1.0,1.0,0.8929,1.0
4270,0.6,0.7,0.6,0.6,0.5357,0.6
4271,0.6,0.7,0.6,0.6,0.5357,0.6
4272,0.6,0.7,0.6,0.6,0.5357,0.6
4273,0.6,0.7,0.6,0.6,0.5357,0.6
4274,0.6,0.7,0.6,0.6,0.5357,0.6
4275,0.6,0.7,0.6,0.6,0.5357,0.6
4276,0.6,0.7,0.6,0.6,0.5357,0.6
4277,0.6,0.7,0.6,0.6,0.5357,0.6
4278,1.0,1.0,1.0,1.0,0.8929,1.0
4279,1.0,1.0,1.0,1.0,0.8929,1.0
4280,1.0,1.0,1.0,1.0,0.8929,1.0
4281,1.0,1.0,1.0,1.0,0.8929,1.0
4282,1.0,1.0,1.0,1.0,0.926,1.0
4283,1.0,1.0,1.0,1.0,0.9558,1.0
4284,1.0,1.0,1.0,1.0,0.9795,1.0
4285,1.0,1.0,1.0,1.0,0.9948,1.0
4286,1.0,1.0,1.0,1.0,1.0,1.0
4287,1.0,1.0,1.0,1.0,0.9948,1.0
4288,1.0,1.0,1.0,1.0,0.9795,1.0
4289,1.0,1.0,1.0,1.0,0.9558,1.0
4290,1.0,1.0,1.0,1.0,0.926,1.0
4291,1.0,1.0,1.0,1.0,0.8929,1.0
4292,1.0,0.7,1.0,1.0,0.8929,1.0
4293,1.0,0.7,1.0,1.0,0.8929,1.0
4294,0.6,0.7,0.6,0.6,0.5357,0.6
4295,0.6,0.7,0.6,0.6,0.5357,0.6
4296,0.6,0.7,0.6,0.6,0.5357,0.6
4297,0.6,0.7,0.6,0.6,0.5357,0.6
4298,0.6,0.7,0.6,0.6,0.5357,0.6
4299,0.6,0.7,0.6,0.6,0.5357,0.6
4300,0.6,0.7,0.6,0.6,0.5357,0.6
4301,0.6,0.7,0.6,0.6,0.5357,0.6
4302,1.0,1.0,1.0,1.0,0.8929,1.0
4303,1.0,1.0,1.0,1.0,0.8929,1.0
4304,1.0,1.0,1.0,1.0,0.8929,1.0
4305,1.0,1.0,1.0,1.0,0.8929,1.0
4306,1.0,1.0,1.0,1.0,0.926,1.0
4307,1.0,1.0,1.0,1.0,0.9558,1.0
4308,1.0,1.0,1.0,1.0,0.9795,1.0
4309,1.0,1.0,1.0,1.0,0.9948,1.0
4310,1.0,1.0,1.0,1.0,1.0,1.0
4311,1.0,1.0,1.0,1.0,0.9948,1.0
4312,1.0,1.0,1.0,1.0,0.9795,1.0
4313,1.0,1.0,1.0,1.0,0.9558,1.0
4314,1.0,1.0,1.0,1.0,0.926,1.0
4315,1.0,1.0,1.0,1.0,0.8929,1.0
4316,1.0,0.7,1.0,1.0,0.8929,1.0
4317,1.0,0.7,1.0,1.0,0.8929,1.0
4318,0.6,0.7,0.6,0.6,0.5357,0.6
4319,0.6,0.7,0.6,0.6,0.5357,0.6
4320,0.6,0.7,0.6,0.6,0.5357,0.6
4321,0.6,0.7,0.6,0.6,0.5357,0.6
4322,0.6,0.7,0.6,0.6,0.5357,0.6
4323,0.6,0.7,0.6,0.6,0.5357,0.6
4324,0.6,0.7,0.6,0.6,0.5357,0.6
4325,0.6,0.7,0.6,0.6,0.5357,0.6
4326,1.0,1.0,1.0,1.0,0.8929,1.0
4327,1.0,1.0,1.0,1.0,0.8929,1.0
4328,1.0,1.0,1.0,1.0,0.8929,1.0
4329,1.0,1.0,1.0,1.0,0.8929,1.0
4330,1.0,1.0,1.0,1.0,0.926,1.0
4331,1.0,1.0,1.0,1.0,0.9558,1.0
4332,1.0,1.0,1.0,1.0,0.9795,1.0
4333,1.0,1.0,1.0,1.0,0.9948,1.0
4334,1.0,1.0,1.0,1.0,1.0,1.0
4335,1.0,1.0,1.0,1.0,0.9948,1.0
4336,1.0,1.0,1.0,1.0,0.9795,1.0
4337,1.0,1.0,1.0,1.0,0.9558,1.0
4338,1.0,1.0,1.0,1.0,0.926,1.0
4339,1.0,1.0,1.0,1.0,0.8929,1.0
4340,1.0,0.7,1.0,1.0,0.8929,1.0
4341,1.0,0.7,1.0,1.0,0.8929,1.0
4342,0.6,0.7,0.6,0.6,0.5357,0.6
4343,0.6,0.7,0.6,0.6,0.5357,0.6
4344,0.6,0.7,0.6,0.6,0.5357,0.6
4345,0.6,0.7,0.6,0.6,0.5357,0.6
4346,0.6,0.7,0.6,0.6,0.5357,0.6
4347,0.6,0.7,0.6,0.6,0.5357,0.6
4348,0.6,0.7,0.6,0.6,0.5357,0.6
4349,0.6,0.7,0.6,0.6,0.5357,0.6
4350,1.0,1.0,1.0,1.0,0.8929,1.0
4351,1.0,1.0,1.0,1.0,0.8929,1.0
4352,1.0,1.0,1.0,1.0,0.8929,1.0
4353,1.0,1.0,1.0,1.0,0.8929,1.0
4354,1.0,1.0,1.0,1.0,0.926,1.0
4355,1.0,1.0,1.0,1.0,0.9558,1.0
4356,1.0,1.0,1.0,1.0,0.9795,1.0
4357,1.0,1.0,1.0,1.0,0.9948,1.0
4358,1.0,1.0,1.0,1.0,1.0,1.0
4359,1.0,1.0,1.0,1.0,0.9948,1.0
4360,1.0,1.0,1.0,1.0,0.9795,1.0
4361,1.0,1.0,1.0,1.0,0.9558,1.0
4362,1.0,1.0,1.0,1.0,0.926,1.0
4363,1.0,1.0,1.0,1.0,0.8929,1.0
4364,1.0,0.7,1.0,1.0,0.8929,1.0
4365,1.0,0.7,1.0,1.0,0.8929,1.0
4366,0.6,0.7,0.6,0.6,0.5357,0.6
4367,0.6,0.7,0.6,0.6,0.5357,0.6
4368,0.6,0.7,0.6,0.6,0.5357,0.6
4369,0.6,0.7,0.6,0.6,0.5357,0.6
4370,0.6,0.7,0.6,0.6,0.5357,0.6
4371,0.6,0.7,0.6,0.6,0.5357,0.6
4372,0.6,0.7,0.6,0.6,0.5357,0.6
4373,0.6,0.7,0.6,0.6,0.5357,0.6
4374,1.0,1.0,1.0,1.0,0.8929,1.0
4375,1.0,1.0,1.0,1.0,0.8929,1.0
4376,1.0,1.0,1.0,1.0,0.8929,1.0
4377,1.0,1.0,1.0,1.0,0.8929,1.0
4378,1.0,1.0,1.0,1.0,0.926,1.0
4379,1.0,1.0,1.0,1.0,0.9558,1.0
4380,1.0,1.0,1.0,1.0,0.9795,1.0
4381,1.0,1.0,1.0,1.0,0.9948,1.0
4382,1.0,1.0,1.0,1.0,1.0,1.0
4383,1.0,1.0,1.0,1.0,0.9948,1.0
4384,1.0,1.0,1.0,1.0,0.9795,1.0
4385,1.0,1.0,1.0,1.0,0.9558,1.0
4386,1.0,1.0,1.0,1.0,0.926,1.0
4387,1.0,1.0,1.0,1.0,0.8929,1.0
4388,1.0,0.7,1.0,1.0,0.8929,1.0
4389,1.0,0.7,1.0,1.0,0.8929,1.0
4390,0.6,0.7,0.6,0.6,0.5357,0.6
4391,0.6,0.7,0.6,0.6,0.5357,0.6
4392,0.6,0.7,0.6,0.6,0.5357,0.6
4393,0.6,0.7,0.6,0.6,0.5357,0.6
4394,0.6,0.7,0.6,0.6,0.5357,0.6
4395,0.6,0.7,0.6,0.6,0.5357,0.6
4396,0.6,0.7,0.6,0.6,0.5357,0.6
4397,0.6,0.7,0.6,0.6,0.5357,0.6
4398,1.0,1.0,1.0,1.0,0.8929,1.0
4399,1.0,1.0,1.0,1.0,0.8929,1.0
4400,1.0,1.0,1.0,1.0,0.8929,1.0
4401,1.0,1.0,1.0,1.0,0.8929,1.0
4402,1.0,1.0,1.0,1.0,0.926,1.0
4403,1.0,1.0,1.0,1.0,0.9558,1.0
4404,1.0,1.0,1.0,1.0,0.9795,1.0
4405,1.0,1.0,1.0,1.0,0.9948,1.0
4406,1.0,1.0,1.0,1.0,1.0,1.0
4407,1.0,1.0,1.0,1.0,0.9948,1.0
4408,1.0,1.0,1.0,1.0,0.9795,1.0
4409,1.0,1.0,1.0,1.0,0.9558,1.0
4410,1.0,1.0,1.0,1.0,0.926,1.0
4411,1.0,1.0,1.0,1.0,0.8929,1.0
4412,1.0,0.7,1.0,1.0,0.8929,1.0
4413,1.0,0.7,1.0,1.0,0.8929,1.0
4414,0.6,0.7,0.6,0.6,0.5357,0.6
4415,0.6,0.7,0.6,0.6,0.5357,0.6
4416,0.6,0.7,0.6,0.6,0.5357,0.6
4417,0.6,0.7,0.6,0.6,0.5357,0.6
4418,0.6,0.7,0.6,0.6,0.5357,0.6
4419,0.6,0.7,0.6,0.6,0.5357,0.6
4420,0.6,0.7,0.6,0.6,0.5357,0.6
4421,0.6,0.7,0.6,0.6,0.5357,0.6
4422,1.0,1.0,1.0,1.0,0.8929,1.0
4423,1.0,1.0,1.0,1.0,0.8929,1.0
4424,1.0,1.0,1.0,1.0,0.8929,1.0
4425,1.0,1.0,1.0,1.0,0.8929,1.0
4426,1.0,1.0,1.0,1.0,0.926,1.0
4427,1.0,1.0,1.0,1.0,0.9558,1.0
4428,1.0,1.0,1.0,1.0,0.9795,1.0
4429,1.0,1.0,1.0,1.0,0.9948,1.0
4430,1.0,1.0,1.0,1.0,1.0,1.0
4431,1.0,1.0,1.0,1.0,0.9948,1.0
4432,1.0,1.0,1.0,1.0,0.9795,1.0
4433,1.0,1.0,1.0,1.0,0.9558,1.0
4434,1.0,1.0,1.0,1.0,0.926,1.0
4435,1.0,1.0,1.0,1.0,0.8929,1.0
4436,1.0,0.7,1.0,1.0,0.8929,1.0
4437,1.0,0.7,1.0,1.0,0.8929,1.0
4438,0.6,0.7,0.6,0.6,0.5357,0.6
4439,0.6,0.7,0.6,0.6,0.5357,0.6
4440,0.6,0.7,0.6,0.6,0.5357,0.6
4441,0.6,0.7,0.6,0.6,0.5357,0.6
4442,0.6,0.7,0.6,0.6,0.5357,0.6
4443,0.6,0.7,0.6,0.6,0.5357,0.6
4444,0.6,0.7,0.6,0.6,0.5357,0.6
4445,0.6,0.7,0.6,0.6,0.5357,0.6
4446,1.0,1.0,1.0,1.0,0.8929,1.0
4447,1.0,1.0,1.0,1.0,0.8929,1.0
4448,1.0,1.0,1.0,1.0,0.8929,1.0
4449,1.0,1.0,1.0,1.0,0.8929,1.0
4450,1.0,1.0,1.0,1.0,0.926,1.0
4451,1.0,1.0,1.0,1.0,0.9558,1.0
4452,1.0,1.0,1.0,1.0,0.9795,1.0
4453,1.0,1.0,1.0,1.0,0.9948,1.0
4454,1.0,1.0,1.0,1.0,1.0,1.0
4455,1.0,1.0,1.0,1.0,0.9948,1.0
4456,1.0,1.0,1.0,1.0,0.9795,1.0
4457,1.0,1.0,1.0,1.0,0.9558,1.0
4458,1.0,1.0,1.0,1.0,0.926,1.0
4459,1.0,1.0,1.0,1.0,0.8929,1.0
4460,1.0,0.7,1.0,1.0,0.8929,1.0
4461,1.0,0.7,1.0,1.0,0.8929,1.0
4462,0.6,0.7,0.6,0.6,0.5357,0.6
4463,0.6,0.7,0.6,0.6,0.5357,0.6
4464,0.6,0.7,0.6,0.6,0.5357,0.6
4465,0.6,0.7,0.6,0.6,0.5357,0.6
4466,0.6,0.7,0.6,0.6,0.5357,0.6
4467,0.6,0.7,0.6,0.6,0.5357,0.6
4468,0.6,0.7,0.6,0.6,0.5357,0.6
4469,0.6,0.7,0.6,0.6,0.5357,0.6
4470,1.0,1.0,1.0,1.0,0.8929,1.0
4471,1.0,1.0,1.0,1.0,0.8929,1.0
4472,1.0,1.0,1.0,1.0,0.8929,1.0
4473,1.0,1.0,1.0,1.0,0.8929,1.0
4474,1.0,1.0,1.0,1.0,0.926,1.0
4475,1.0,1.0,1.0,1.0,0.9558,1.0
4476,1.0,1.0,1.0,1.0,0.9795,1.0
4477,1.0,1.0,1.0,1.0,0.9948,1.0
4478,1.0,1.0,1.0,1.0,1.0,1.0
4479,1.0,1.0,1.0,1.0,0.9948,1.0
4480,1.0,1.0,1.0,1.0,0.9795,1.0
4481,1.0,1.0,1.0,1.0,0.9558,1.0
4482,1.0,1.0,1.0,1.0,0.926,1.0
4483,1.0,1.0,1.0,1.0,0.8929,1.0
4484,1.0,0.7,1.0,1.0,0.8929,1.0
4485,1.0,0.7,1.0,1.0,0.8929,1.0
4486,0.6,0.7,0.6,0.6,0.5357,0.6
4487,0.6,0.7,0.6,0.6,0.5357,0.6
4488,0.6,0.7,0.6,0.6,0.5357,0.6
4489,0.6,0.7,0.6,0.6,0.5357,0.6
4490,0.6,0.7,0.6,0.6,0.5357,0.6
4491,0.6,0.7,0.6,0.6,0.5357,0.6
4492,0.6,0.7,0.6,0.6,0.5357,0.6
4493,0.6,0.7,0.6,0.6,0.5357,0.6
4494,1.0,1.0,1.0,1.0,0.8929,1.0
4495,1.0,1.0,1.0,1.0,0.8929,1.0
4496,1.0,1.0,1.0,1.0,0.8929,1.0
4497,1.0,1.0,1.0,1.0,0.8929,1.0
4498,1.0,1.0,1.0,1.0,0.926,1.0
4499,1.0,1.0,1.0,1.0,0.9558,1.0
4500,1.0,1.0,1.0,1.0,0.9795,1.0
4501,1.0,1.0,1.0,1.0,0.9948,1.0
4502,1.0,1.0,1.0,1.0,1.0,1.0
4503,1.0,1.0,1.0,1.0,0.9948,1.0
4504,1.0,1.0,1.0,1.0,0.9795,1.0
4505,1.0,1.0,1.0,1.0,0.9558,1.0
4506,1.0,1.0,1.0,1.0,0.926,1.0
4507,1.0,1.0,1.0,1.0,0.8929,1.0
4508,1.0,0.7,1.0,1.0,0.8929,1.0
4509,1.0,0.7,1.0,1.0,0.8929,1.0
4510,0.6,0.7,0.6,0.6,0.5357,0.6
4511,0.6,0.7,0.6,0.6,0.5357,0.6
4512,0.6,0.7,0.6,0.6,0.5357,0.6
4513,0.6,0.7,0.6,0.6,0.5357,0.6
4514,0.6,0.7,0.6,0.6,0.5357,0.6
4515,0.6,0.7,0.6,0.6,0.5357,0.6
4516,0.6,0.7,0.6,0.6,0.5357,0.6
4517,0.6,0.7,0.6,0.6,0.5357,0.6
4518,1.0,1.0,1.0,1.0,0.8929,1.0
4519,1.0,1.0,1.0,1.0,0.8929,1.0
4520,1.0,1.0,1.0,1.0,0.8929,1.0
4521,1.0,1.0,1.0,1.0,0.8929,1.0
4522,1.0,1.0,1.0,1.0,0.926,1.0
4523,1.0,1.0,1.0,1.0,0.9558,1.0
4524,1.0,1.0,1.0,1.0,0.9795,1.0
4525,1.0,1.0,1.0,1.0,0.9948,1.0
4526,1.0,1.0,1.0,1.0,1.0,1.0
4527,1.0,1.0,1.0,1.0,0.9948,1.0
4528,1.0,1.0,1.0,1.0,0.9795,1.0
4529,1.0,1.0,1.0,1.0,0.9558,1.0
4530,1.0,1.0,1.0,1.0,0.926,1.0
4531,1.0,1.0,1.0,1.0,0.8929,1.0
4532,1.0,0.7,1.0,1.0,0.8929,1.0
4533,1.0,0.7,1.0,1.0,0.8929,1.0
4534,0.6,0.7,0.6,0.6,0.5357,0.6
4535,0.6,0.7,0.6,0.6,0.5357,0.6
4536,0.6,0.7,0.6,0.6,0.5357,0.6
4537,0.6,0.7,0.6,0.6,0.5357,0.6
4538,0.6,0.7,0.6,0.6,0.5357,0.6
4539,0.6,0.7,0.6,0.6,0.5357,0.6
4540,0.6,0.7,0.6,0.6,0.5357,0.6
4541,0.6,0.7,0.6,0.6,0.5357,0.6
4542,1.0,1.0,1.0,1.0,0.8929,1.0
4543,1.0,1.0,1.0,1.0,0.8929,1.0
4544,1.0,1.0,1.0,1.0,0.8929,1.0
4545,1.0,1.0,1.0,1.0,0.8929,1.0
4546,1.0,1.0,1.0,1.0,0.926,1.0
4547,1.0,1.0,1.0,1.0,0.9558,1.0
4548,1.0,1.0,1.0,1.0,0.9795,1.0
4549,1.0,1.0,1.0,1.0,0.9948,1.0
4550,1.0,1.0,1.0,1.0,1.0,1.0
4551,1.0,1.0,1.0,1.0,0.9948,1.0
4552,1.0,1.0,1.0,1.0,0.9795,1.0
4553,1.0,1.0,1.0,1.0,0.9558,1.0
4554,1.0,1.0,1.0,1.0,0.926,1.0
4555,1.0,1.0,1.0,1.0,0.8929,1.0
4556,1.0,0.7,1.0,1.0,0.8929,1.0
4557,1.0,0.7,1.0,1.0,0.8929,1.0
4558,0.6,0.7,0.6,0.6,0.5357,0.6
4559,0.6,0.7,0.6,0.6,0.5357,0.6
4560,0.6,0.7,0.6,0.6,0.5357,0.6
4561,0.6,0.7,0.6,0.6,0.5357,0.6
4562,0.6,0.7,0.6,0.6,0.5357,0.6
4563,0.6,0.7,0.6,0.6,0.5357,0.6
4564,0.6,0.7,0.6,0.6,0.5357,0.6
4565,0.6,0.7,0.6,0.6,0.5357,0.6
4566,1.0,1.0,1.0,1.0,0.8929,1.0
4567,1.0,1.0,1.0,1.0,0.8929,1.0
4568,1.0,1.0,1.0,1.0,0.8929,1.0
4569,1.0,1.0,1.0,1.0,0.8929,1.0
4570,1.0,1.0,1.0,1.0,0.926,1.0
4571,1.0,1.0,1.0,1.0,0.9558,1.0
4572,1.0,1.0,1.0,1.0,0.9795,1.0
4573,1.0,1.0,1.0,1.0,0.9948,1.0
4574,1.0,1.0,1.0,1.0,1.0,1.0
4575,1.0,1.0,1.0,1.0,0.9948,1.0
4576,1.0,1.0,1.0,1.0,0.9795,1.0
4577,1.0,1.0,1.0,1.0,0.9558,1.0
4578,1.0,1.0,1.0,1.0,0.926,1.0
4579,1.0,1.0,1.0,1.0,0.8929,1.0
4580,1.0,0.7,1.0,1.0,0.8929,1.0
4581,1.0,0.7,1.0,1.0,0.8929,1.0
4582,0.6,0.7,0.6,0.6,0.5357,0.6
4583,0.6,0.7,0.6,0.6,0.5357,0.6
4584,0.6,0.7,0.6,0.6,0.5357,0.6
4585,0.6,0.7,0.6,0.6,0.5357,0.6
4586,0.6,0.7,0.6,0.6,0.5357,0.6
4587,0.6,0.7,0.6,0.6,0.5357,0.6
4588,0.6,0.7,0.6,0.6,0.5357,0.6
4589,0.6,0.7,0.6,0.6,0.5357,0.6
4590,1.0,1.0,1.0,1.0,0.8929,1.0
4591,1.0,1.0,1.0,1.0,0.8929,1.0
4592,1.0,1.0,1.0,1.0,0.8929,1.0
4593,1.0,1.0,1.0,1.0,0.8929,1.0
4594,1.0,1.0,1.0,1.0,0.926,1.0
4595,1.0,1.0,1.0,1.0,0.9558,1.0
4596,1.0,1.0,1.0,1.0,0.9795,1.0
4597,1.0,1.0,1.0,1.0,0.9948,1.0
4598,1.0,1.0,1.0,1.0,1.0,1.0
4599,1.0,1.0,1.0,1.0,0.9948,1.0
4600,1.0,1.0,1.0,1.0,0.9795,1.0
4601,1.0,1.0,1.0,1.0,0.9558,1.0
4602,1.0,1.0,1.0,1.0,0.926,1.0
4603,1.0,1.0,1.0,1.0,0.8929,1.0
4604,1.0,0.7,1.0,1.0,0.8929,1.0
4605,1.0,0.7,1.0,1.0,0.8929,1.0
4606,0.6,0.7,0.6,0.6,0.5357,0.6
4607,0.6,0.7,0.6,0.6,0.5357,0.6
4608,0.6,0.7,0.6,0.6,0.5357,0.6
4609,0.6,0.7,0.6,0.6,0.5357,0.6
4610,0.6,0.7,0.6,0.6,0.5357,0.6
4611,0.6,0.7,0.6,0.6,0.5357,0.6
4612,0.6,0.7,0.6,0.6,0.5357,0.6
4613,0.6,0.7,0.6,0.6,0.5357,0.6
4614,1.0,1.0,1.0,1.0,0.8929,1.0
4615,1.0,1.0,1.0,1.0,0.8929,1.0
4616,1.0,1.0,1.0,1.0,0.8929,1.0
4617,1.0,1.0,1.0,1.0,0.8929,1.0
4618,1.0,1.0,1.0,1.0,0.926,1.0
4619,1.0,1.0,1.0,1.0,0.9558,1.0
4620,1.0,1.0,1.0,1.0,0.9795,1.0
4621,1.0,1.0,1.0,1.0,0.9948,1.0
4622,1.0,1.0,1.0,1.0,1.0,1.0
4623,1.0,1.0,1.0,1.0,0.9948,1.0
4624,1.0,1.0,1.0,1.0,0.9795,1.0
4625,1.0,1.0,1.0,1.0,0.9558,1.0
4626,1.0,1.0,1.0,1.0,0.926,1.0
4627,1.0,1.0,1.0,1.0,0.8929,1.0
4628,1.0,0.7,1.0,1.0,0.8929,1.0
4629,1.0,0.7,1.0,1.0,0.8929,1.0
4630,0.6,0.7,0.6,0.6,0.5357,0.6
4631,0.6,0.7,0.6,0.6,0.5357,0.6
4632,0.6,0.7,0.6,0.6,0.5357,0.6
4633,0.6,0.7,0.6,0.6,0.5357,0.6
4634,0.6,0.7,0.6,0.6,0.5357,0.6
4635,0.6,0.7,0.6,0.6,0.5357,0.6
4636,0.6,0.7,0.6,0.6,0.5357,0.6
4637,0.6,0.7,0.6,0.6,0.5357,0.6
4638,1.0,1.0,1.0,1.0,0.8929,1.0
4639,1.0,1.0,1.0,1.0,0.8929,1.0
4640,1.0,1.0,1.0,1.0,0.8929,1.0
4641,1.0,1.0,1.0,1.0,0.8929,1.0
4642,1.0,1.0,1.0,1.0,0.926,1.0
4643,1.0,1.0,1.0,1.0,0.9558,1.0
4644,1.0,1.0,1.0,1.0,0.9795,1.0
4645,1.0,1.0,1.0,1.0,0.9948,1.0
4646,1.0,1.0,1.0,1.0,1.0,1.0
4647,1.0,1.0,1.0,1.0,0.9948,1.0
4648,1.0,1.0,1.0,1.0,0.9795,1.0
4649,1.0,1.0,1.0,1.0,0.9558,1.0
4650,1.0,1.0,1.0,1.0,0.926,1.0
4651,1.0,1.0,1.0,1.0,0.8929,1.0
4652,1.0,0.7,1.0,1.0,0.8929,1.0
4653,1.0,0.7,1.0,1.0,0.8929,1.0
4654,0.6,0.7,0.6,0.6,0.5357,0.6
4655,0.6,0.7,0.6,0.6,0.5357,0.6
4656,0.6,0.7,0.6,0.6,0.5357,0.6
4657,0.6,0.7,0.6,0.6,0.5357,0.6
4658,0.6,0.7,0.6,0.6,0.5357,0.6
4659,0.6,0.7,0.6,0.6,0.5357,0.6
4660,0.6,0.7,0.6,0.6,0.5357,0.6
4661,0.6,0.7,0.6,0.6,0.5357,0.6
4662,1.0,1.0,1.0,1.0,0.8929,1.0
4663,1.0,1.0,1.0,1.0,0.8929,1.0
4664,1.0,1.0,1.0,1.0,0.8929,1.0
4665,1.0,1.0,1.0,1.0,0.8929,1.0
4666,1.0,1.0,1.0,1.0,0.926,1.0
4667,1.0,1.0,1.0,1.0,0.9558,1.0
4668,1.0,1.0,1.0,1.0,0.9795,1.0
4669,1.0,1.0,1.0,1.0,0.9948,1.0
4670,1.0,1.0,1.0,1.0,1.0,1.0
4671,1.0,1.0,1.0,1.0,0.9948,1.0
4672,1.0,1.0,1.0,1.0,0.9795,1.0
4673,1.0,1.0,1.0,1.0,0.9558,1.0
4674,1.0,1.0,1.0,1.0,0.926,1.0
4675,1.0,1.0,1.0,1.0,0.8929,1.0
4676,1.0,0.7,1.0,1.0,0.8929,1.0
4677,1.0,0.7,1.0,1.0,0.8929,1.0
4678,0.6,0.7,0.6,0.6,0.5357,0.6
4679,0.6,0.7,0.6,0.6,0.5357,0.6
4680,0.6,0.7,0.6,0.6,0.5357,0.6
4681,0.6,0.7,0.6,0.6,0.5357,0.6
4682,0.6,0.7,0.6,0.6,0.5357,0.6
4683,0.6,0.7,0.6,0.6,0.5357,0.6
4684,0.6,0.7,0.6,0.6,0.5357,0.6
4685,0.6,0.7,0.6,0.6,0.5357,0.6
4686,1.0,1.0,1.0,1.0,0.8929,1.0
4687,1.0,1.0,1.0,1.0,0.8929,1.0
4688,1.0,1.0,1.0,1.0,0.8929,1.0
4689,1.0,1.0,1.0,1.0,0.8929,1.0
4690,1.0,1.0,1.0,1.0,0.926,1.0
4691,1.0,1.0,1.0,1.0,0.9558,1.0
4692,1.0,1.0,1.0,1.0,0.9795,1.0
4693,1.0,1.0,1.0,1.0,0.9948,1.0
4694,1.0,1.0,1.0,1.0,1.0,1.0
4695,1.0,1.0,1.0,1.0,0.9948,1.0
4696,1.0,1.0,1.0,1.0,0.9795,1.0
4697,1.0,1.0,1.0,1.0,0.9558,1.0
4698,1.0,1.0,1.0,1.0,0.926,1.0
4699,1.0,1.0,1.0,1.0,0.8929,1.0
4700,1.0,0.7,1.0,1.0,0.8929,1.0
4701,1.0,0.7,1.0,1.0,0.8929,1.0
4702,0.6,0.7,0.6,0.6,0.5357,0.6
4703,0.6,0.7,0.6,0.6,0.5357,0.6
4704,0.6,0.7,0.6,0.6,0.5357,0.6
4705,0.6,0.7,0.6,0.6,0.5357,0.6
4706,0.6,0.7,0.6,0.6,0.5357,0.6
4707,0.6,0.7,0.6,0.6,0.5357,0.6
4708,0.6,0.7,0.6,0.6,0.5357,0.6
4709,0.6,0.7,0.6,0.6,0.5357,0.6
4710,1.0,1.0,1.0,1.0,0.8929,1.0
4711,1.0,1.0,1.0,1.0,0.8929,1.0
4712,1.0,1.0,1.0,1.0,0.8929,1.0
4713,1.0,1.0,1.0,1.0,0.8929,1.0
4714,1.0,1.0,1.0,1.0,0.926,1.0
4715,1.0,1.0,1.0,1.0,0.9558,1.0
4716,1.0,1.0,1.0,1.0,0.9795,1.0
4717,1.0,1.0,1.0,1.0,0.9948,1.0
4718,1.0,1.0,1.0,1.0,1.0,1.0
4719,1.0,1.0,1.0,1.0,0.9948,1.0
4720,1.0,1.0,1.0,1.0,0.9795,1.0
4721,1.0,1.0,1.0,1.0,0.9558,1.0
4722,1.0,1.0,1.0,1.0,0.926,1.0
4723,1.0,1.0,1.0,1.0,0.8929,1.0
4724,1.0,0.7,1.0,1.0,0.8929,1.0
4725,1.0,0.7,1.0,1.0,0.8929,1.0
4726,0.6,0.7,0.6,0.6,0.5357,0.6
4727,0.6,0.7,0.6,0.6,0.5357,0.6
4728,0.6,0.7,0.6,0.6,0.5357,0.6
4729,0.6,0.7,0.6,0.6,0.5357,0.6
4730,0.6,0.7,0.6,0.6,0.5357,0.6
4731,0.6,0.7,0.6,0.6,0.5357,0.6
4732,0.6,0.7,0.6,0.6,0.5357,0.6
4733,0.6,0.7,0.6,0.6,0.5357,0.6
4734,1.0,1.0,1.0,1.0,0.8929,1.0
4735,1.0,1.0,1.0,1.0,0.8929,1.0
4736,1.0,1.0,1.0,1.0,0.8929,1.0
4737,1.0,1.0,1.0,1.0,0.8929,1.0
4738,1.0,1.0,1.0,1.0,0.926,1.0
4739,1.0,1.0,1.0,1.0,0.9558,1.0
4740,1.0,1.0,1.0,1.0,0.9795,1.0
4741,1.0,1.0,1.0,1.0,0.9948,1.0
4742,1.0,1.0,1.0,1.0,1.0,1.0
4743,1.0,1.0,1.0,1.0,0.9948,1.0
4744,1.0,1.0,1.0,1.0,0.9795,1.0
4745,1.0,1.0,1.0,1.0,0.9558,1.0
4746,1.0,1.0,1.0,1.0,0.926,1.0
4747,1.0,1.0,1.0,1.0,0.8929,1.0
4748,1.0,0.7,1.0,1.0,0.8929,1.0
4749,1.0,0.7,1.0,1.0,0.8929,1.0
4750,0.6,0.7,0.6,0.6,0.5357,0.6
4751,0.6,0.7,0.6,0.6,0.5357,0.6
4752,0.6,0.7,0.6,0.6,0.5357,0.6
4753,0.6,0.7,0.6,0.6,0.5357,0.6
4754,0.6,0.7,0.6,0.6,0.5357,0.6
4755,0.6,0.7,0.6,0.6,0.5357,0.6
4756,0.6,0.7,0.6,0.6,0.5357,0.6
4757,0.6,0.7,0.6,0.6,0.5357,0.6
4758,1.0,1.0,1.0,1.0,0.8929,1.0
4759,1.0,1.0,1.0,1.0,0.8929,1.0
4760,1.0,1.0,1.0,1.0,0.8929,1.0
4761,1.0,1.0,1.0,1.0,0.8929,1.0
4762,1.0,1.0,1.0,1.0,0.926,1.0
4763,1.0,1.0,1.0,1.0,0.9558,1.0
4764,1.0,1.0,1.0,1.0,0.9795,1.0
4765,1.0,1.0,1.0,1.0,0.9948,1.0
4766,1.0,1.0,1.0,1.0,1.0,1.0
4767,1.0,1.0,1.0,1.0,0.9948,1.0
4768,1.0,1.0,1.0,1.0,0.9795,1.0
4769,1.0,1.0,1.0,1.0,0.9558,1.0
4770,1.0,1.0,1.0,1.0,0.926,1.0
4771,1.0,1.0,1.0,1.0,0.8929,1.0
4772,1.0,0.7,1.0,1.0,0.8929,1.0
4773,1.0,0.7,1.0,1.0,0.8929,1.0
4774,0.6,0.7,0.6,0.6,0.5357,0.6
4775,0.6,0.7,0.6,0.6,0.5357,0.6
4776,0.6,0.7,0.6,0.6,0.5357,0.6
4777,0.6,0.7,0.6,0.6,0.5357,0.6
4778,0.6,0.7,0.6,0.6,0.5357,0.6
4779,0.6,0.7,0.6,0.6,0.5357,0.6
4780,0.6,0.7,0.6,0.6,0.5357,0.6
4781,0.6,0.7,0.6,0.6,0.5357,0.6
4782,1.0,1.0,1.0,1.0,0.8929,1.0
4783,1.0,1.0,1.0,1.0,0.8929,1.0
4784,1.0,1.0,1.0,1.0,0.8929,1.0
4785,1.0,1.0,1.0,1.0,0.8929,1.0
4786,1.0,1.0,1.0,1.0,0.926,1.0
4787,1.0,1.0,1.0,1.0,0.9558,1.0
4788,1.0,1.0,1.0,1.0,0.9795,1.0
4789,1.0,1.0,1.0,1.0,0.9948,1.0
4790,1.0,1.0,1.0,1.0,1.0,1.0
4791,1.0,1.0,1.0,1.0,0.9948,1.0
4792,1.0,1.0,1.0,1.0,0.9795,1.0
4793,1.0,1.0,1.0,1.0,0.9558,1.0
4794,1.0,1.0,1.0,1.0,0.926,1.0
4795,1.0,1.0,1.0,1.0,0.8929,1.0
4796,1.0,0.7,1.0,1.0,0.8929,1.0
4797,1.0,0.7,1.0,1.0,0.8929,1.0
4798,0.6,0.7,0.6,0.6,0.5357,0.6
4799,0.6,0.7,0.6,0.6,0.5357,0.6
4800,0.6,0.7,0.6,0.6,0.5357,0.6
4801,0.6,0.7,0.6,0.6,0.5357,0.6
4802,0.6,0.7,0.6,0.6,0.5357,0.6
4803,0.6,0.7,0.6,0.6,0.5357,0.6
4804,0.6,0.7,0.6,0.6,0.5357,0.6
4805,0.6,0.7,0.6,0.6,0.5357,0.6
4806,1.0,1.0,1.0,1.0,0.8929,1.0
4807,1.0,1.0,1.0,1.0,0.8929,1.0
4808,1.0,1.0,1.0,1.0,0.8929,1.0
4809,1.0,1.0,1.0,1.0,0.8929,1.0
4810,1.0,1.0,1.0,1.0,0.926,1.0
4811,1.0,1.0,1.0,1.0,0.9558,1.0
4812,1.0,1.0,1.0,1.0,0.9795,1.0
4813,1.0,1.0,1.0,1.0,0.9948,1.0
4814,1.0,1.0,1.0,1.0,1.0,1.0
4815,1.0,1.0,1.0,1.0,0.9948,1.0
4816,1.0,1.0,1.0,1.0,0.9795,1.0
4817,1.0,1.0,1.0,1.0,0.9558,1.0
4818,1.0,1.0,1.0,1.0,0.926,1.0
4819,1.0,1.0,1.0,1.0,0.8929,1.0
4820,1.0,0.7,1.0,1.0,0.8929,1.0
4821,1.0,0.7,1.0,1.0,0.8929,1.0
4822,0.6,0.7,0.6,0.6,0.5357,0.6
4823,0.6,0.7,0.6,0.6,0.5357,0.6
4824,0.6,0.7,0.6,0.6,0.5357,0.6
4825,0.6,0.7,0.6,0.6,0.5357,0.6
4826,0.6,0.7,0.6,0.6,0.5357,0.6
4827,0.6,0.7,0.6,0.6,0.5357,0.6
4828,0.6,0.7,0.6,0.6,0.5357,0.6
4829,0.6,0.7,0.6,0.6,0.5357,0.6
4830,1.0,1.0,1.0,1.0,0.8929,1.0
4831,1.0,1.0,1.0,1.0,0.8929,1.0
4832,1.0,1.0,1.0,1.0,0.8929,1.0
4833,1.0,1.0,1.0,1.0,0.8929,1.0
4834,1.0,1.0,1.0,1.0,0.926,1.0
4835,1.0,1.0,1.0,1.0,0.9558,1.0
4836,1.0,1.0,1.0,1.0,0.9795,1.0
4837,1.0,1.0,1.0,1.0,0.9948,1.0
4838,1.0,1.0,1.0,1.0,1.0,1.0
4839,1.0,1.0,1.0,1.0,0.9948,1.0
4840,1.0,1.0,1.0,1.0,0.9795,1.0
4841,1.0,1.0,1.0,1.0,0.9558,1.0
4842,1.0,1.0,1.0,1.0,0.926,1.0
4843,1.0,1.0,1.0,1.0,0.8929,1.0
4844,1.0,0.7,1.0,1.0,0.8929,1.0
4845,1.0,0.7,1.0,1.0,0.8929,1.0
4846,0.6,0.7,0.6,0.6,0.5357,0.6
4847,0.6,0.7,0.6,0.6,0.5357,0.6
4848,0.6,0.7,0.6,0.6,0.5357,0.6
4849,0.6,0.7,0.6,0.6,0.5357,0.6
4850,0.6,0.7,0.6,0.6,0.5357,0.6
4851,0.6,0.7,0.6,0.6,0.5357,0.6
4852,0.6,0.7,0.6,0.6,0.5357,0.6
4853,0.6,0.7,0.6,0.6,0.5357,0.6
4854,1.0,1.0,1.0,1.0,0.8929,1.0
4855,1.0,1.0,1.0,1.0,0.8929,1.0
4856,1.0,1.0,1.0,1.0,0.8929,1.0
4857,1.0,1.0,1.0,1.0,0.8929,1.0
4858,1.0,1.0,1.0,1.0,0.926,1.0
4859,1.0,1.0,1.0,1.0,0.9558,1.0
4860,1.0,1.0,1.0,1.0,0.9795,1.0
4861,1.0,1.0,1.0,1.0,0.9948,1.0
4862,1.0,1.0,1.0,1.0,1.0,1.0
4863,1.0,1.0,1.0,1.0,0.9948,1.0
4864,1.0,1.0,1.0,1.0,0.9795,1.0
4865,1.0,1.0,1.0,1.0,0.9558,1.0
4866,1.0,1.0,1.0,1.0,0.926,1.0
4867,1.0,1.0,1.0,1.0,0.8929,1.0
4868,1.0,0.7,1.0,1.0,0.8929,1.0
4869,1.0,0.7,1.0,1.0,0.8929,1.0
4870,0.6,0.7,0.6,0.6,0.5357,0.6
4871,0.6,0.7,0.6,0.6,0.5357,0.6
4872,0.6,0.7,0.6,0.6,0.5357,0.6
4873,0.6,0.7,0.6,0.6,0.5357,0.6
4874,0.6,0.7,0.6,0.6,0.5357,0.6
4875,0.6,0.7,0.6,0.6,0.5357,0.6
4876,0.6,0.7,0.6,0.6,0.5357,0.6
4877,0.6,0.7,0.6,0.6,0.5357,0.6
4878,1.0,1.0,1.0,1.0,0.8929,1.0
4879,1.0,1.0,1.0,1.0,0.8929,1.0
4880,1.0,1.0,1.0,1.0,0.8929,1.0
4881,1.0,1.0,1.0,1.0,0.8929,1.0
4882,1.0,1.0,1.0,1.0,0.926,1.0
4883,1.0,1.0,1.0,1.0,0.9558,1.0
4884,1.0,1.0,1.0,1.0,0.9795,1.0
4885,1.0,1.0,1.0,1.0,0.9948,1.0
4886,1.0,1.0,1.0,1.0,1.0,1.0
4887,1.0,1.0,1.0,1.0,0.9948,1.0
4888,1.0,1.0,1.0,1.0,0.9795,1.0
4889,1.0,1.0,1.0,1.0,0.9558,1.0
4890,1.0,1.0,1.0,1.0,0.926,1.0
4891,1.0,1.0,1.0,1.0,0.8929,1.0
4892,1.0,0.7,1.0,1.0,0.8929,1.0
4893,1.0,0.7,1.0,1.0,0.8929,1.0
4894,0.6,0.7,0.6,0.6,0.5357,0.6
4895,0.6,0.7,0.6,0.6,0.5357,0.6
4896,0.6,0.7,0.6,0.6,0.5357,0.6
4897,0.6,0.7,0.6,0.6,0.5357,0.6
4898,0.6,0.7,0.6,0.6,0.5357,0.6
4899,0.6,0.7,0.6,0.6,0.5357,0.6
4900,0.6,0.7,0.6,0.6,0.5357,0.6
4901,0.6,0.7,0.6,0.6,0.5357,0.6
4902,1.0,1.0,1.0,1.0,0.8929,1.0
4903,1.0,1.0,1.0,1.0,0.8929,1.0
4904,1.0,1.0,1.0,1.0,0.8929,1.0
4905,1.0,1.0,1.0,1.0,0.8929,1.0
4906,1.0,1.0,1.0,1.0,0.926,1.0
4907,1.0,1.0,1.0,1.0,0.9558,1.0
4908,1.0,1.0,1.0,1.0,0.9795,1.0
4909,1.0,1.0,1.0,1.0,0.9948,1.0
4910,1.0,1.0,1.0,1.0,1.0,1.0
4911,1.0,1.0,1.0,1.0,0.9948,1.0
4912,1.0,1.0,1.0,1.0,0.9795,1.0
4913,1.0,1.0,1.0,1.0,0.9558,1.0
4914,1.0,1.0,1.0,1.0,0.926,1.0
4915,1.0,1.0,1.0,1.0,0.8929,1.0
4916,1.0,0.7,1.0,1.0,0.8929,1.0
4917,1.0,0.7,1.0,1.0,0.8929,1.0
4918,0.6,0.7,0.6,0.6,0.5357,0.6
4919,0.6,0.7,0.6,0.6,0.5357,0.6
4920,0.6,0.7,0.6,0.6,0.5357,0.6
4921,0.6,0.7,0.6,0.6,0.5357,0.6
4922,0.6,0.7,0.6,0.6,0.5357,0.6
4923,0.6,0.7,0.6,0.6,0.5357,0.6
4924,0.6,0.7,0.6,0.6,0.5357,0.6
4925,0.6,0.7,0.6,0.6,0.5357,0.6
4926,1.0,1.0,1.0,1.0,0.8929,1.0
4927,1.0,1.0,1.0,1.0,0.8929,1.0
4928,1.0,1.0,1.0,1.0,0.8929,1.0
4929,1.0,1.0,1.0,1.0,0.8929,1.0
4930,1.0,1.0,1.0,1.0,0.926,1.0
4931,1.0,1.0,1.0,1.0,0.9558,1.0
4932,1.0,1.0,1.0,1.0,0.9795,1.0
4933,1.0,1.0,1.0,1.0,0.9948,1.0
4934,1.0,1.0,1.0,1.0,1.0,1.0
4935,1.0,1.0,1.0,1.0,0.9948,1.0
4936,1.0,1.0,1.0,1.0,0.9795,1.0
4937,1.0,1.0,1.0,1.0,0.9558,1.0
4938,1.0,1.0,1.0,1.0,0.926,1.0
4939,1.0,1.0,1.0,1.0,0.8929,1.0
4940,1.0,0.7,1.0,1.0,0.8929,1.0
4941,1.0,0.7,1.0,1.0,0.8929,1.0
4942,0.6,0.7,0.6,0.6,0.5357,0.6
4943,0.6,0.7,0.6,0.6,0.5357,0.6
4944,0.6,0.7,0.6,0.6,0.5357,0.6
4945,0.6,0.7,0.6,0.6,0.5357,0.6
4946,0.6,0.7,0.6,0.6,0.5357,0.6
4947,0.6,0.7,0.6,0.6,0.5357,0.6
4948,0.6,0.7,0.6,0.6,0.5357,0.6
4949,0.6,0.7,0.6,0.6,0.5357,0.6
4950,1.0,1.0,1.0,1.0,0.8929,1.0
4951,1.0,1.0,1.0,1.0,0.8929,1.0
4952,1.0,1.0,1.0,1.0,0.8929,1.0
4953,1.0,1.0,1.0,1.0,0.8929,1.0
4954,1.0,1.0,1.0,1.0,0.926,1.0
4955,1.0,1.0,1.0,1.0,0.9558,1.0
4956,1.0,1.0,1.0,1.0,0.9795,1.0
4957,1.0,1.0,1.0,1.0,0.9948,1.0
4958,1.0,1.0,1.0,1.0,1.0,1.0
4959,1.0,1.0,1.0,1.0,0.9948,1.0
4960,1.0,1.0,1.0,1.0,0.9795,1.0
4961,1.0,1.0,1.0,1.0,0.9558,1.0
4962,1.0,1.0,1.0,1.0,0.926,1.0
4963,1.0,1.0,1.0,1.0,0.8929,1.0
4964,1.0,0.7,1.0,1.0,0.8929,1.0
4965,1.0,0.7,1.0,1.0,0.8929,1.0
4966,0.6,0.7,0.6,0.6,0.5357,0.6
4967,0.6,0.7,0.6,0.6,0.5357,0.6
4968,0.6,0.7,0.6,0.6,0.5357,0.6
4969,0.6,0.7,0.6,0.6,0.5357,0.6
4970,0.6,0.7,0.6,0.6,0.5357,0.6
4971,0.6,0.7,0.6,0.6,0.5357,0.6
4972,0.6,0.7,0.6,0.6,0.5357,0.6
4973,0.6,0.7,0.6,0.6,0.5357,0.6
4974,1.0,1.0,1.0,1.0,0.8929,1.0
4975,1.0,1.0,1.0,1.0,0.8929,1.0
4976,1.0,1.0,1.0,1.0,0.8929,1.0
4977,1.0,1.0,1.0,1.0,0.8929,1.0
4978,1.0,1.0,1.0,1.0,0.926,1.0
4979,1.0,1.0,1.0,1.0,0.9558,1.0
4980,1.0,1.0,1.0,1.0,0.9795,1.0
4981,1.0,1.0,1.0,1.0,0.9948,1.0
4982,1.0,1.0,1.0,1.0,1.0,1.0
4983,1.0,1.0,1.0,1.0,0.9948,1.0
4984,1.0,1.0,1.0,1.0,0.9795,1.0
4985,1.0,1.0,1.0,1.0,0.9558,1.0
4986,1.0,1.0,1.0,1.0,0.926,1.0
4987,1.0,1.0,1.0,1.0,0.8929,1.0
4988,1.0,0.7,1.0,1.0,0.8929,1.0
4989,1.0,0.7,1.0,1.0,0.8929,1.0
4990,0.6,0.7,0.6,0.6,0.5357,0.6
4991,0.6,0.7,0.6,0.6,0.5357,0.6
4992,0.6,0.7,0.6,0.6,0.5357,0.6
4993,0.6,0.7,0.6,0.6,0.5357,0.6
4994,0.6,0.7,0.6,0.6,0.5357,0.6
4995,0.6,0.7,0.6,0.6,0.5357,0.6
4996,0.6,0.7,0.6,0.6,0.5357,0.6
4997,0.6,0.7,0.6,0.6,0.5357,0.6
4998,1.0,1.0,1.0,1.0,0.8929,1.0
4999,1.0,1.0,1.0,1.0,0.8929,1.0
5000,1.0,1.0,1.0,1.0,0.8929,1.0
5001,1.0,1.0,1.0,1.0,0.8929,1.0
5002,1.0,1.0,1.0,1.0,0.926,1.0
5003,1.0,1.0,1.0,1.0,0.9558,1.0
5004,1.0,1.0,1.0,1.0,0.9795,1.0
5005,1.0,1.0,1.0,1.0,0.9948,1.0
5006,1.0,1.0,1.0,1.0,1.0,1.0
5007,1.0,1.0,1.0,1.0,0.9948,1.0
5008,1.0,1.0,1.0,1.0,0.9795,1.0
5009,1.0,1.0,1.0,1.0,0.9558,1.0
5010,1.0,1.0,1.0,1.0,0.926,1.0
5011,1.0,1.0,1.0,1.0,0.8929,1.0
5012,1.0,0.7,1.0,1.0,0.8929,1.0
5013,1.0,0.7,1.0,1.0,0.8929,1.0
5014,0.6,0.7,0.6,0.6,0.5357,0.6
5015,0.6,0.7,0.6,0.6,0.5357,0.6
5016,0.6,0.7,0.6,0.6,0.5357,0.6
5017,0.6,0.7,0.6,0.6,0.5357,0.6
5018,0.6,0.7,0.6,0.6,0.5357,0.6
5019,0.6,0.7,0.6,0.6,0.5357,0.6
5020,0.6,0.7,0.6,0.6,0.5357,0.6
5021,0.6,0.7,0.6,0.6,0.5357,0.6
5022,1.0,1.0,1.0,1.0,0.8929,1.0
5023,1.0,1.0,1.0,1.0,0.8929,1.0
5024,1.0,1.0,1.0,1.0,0.8929,1.0
5025,1.0,1.0,1.0,1.0,0.8929,1.0
5026,1.0,1.0,1.0,1.0,0.926,1.0
5027,1.0,1.0,1.0,1.0,0.9558,1.0
5028,1.0,1.0,1.0,1.0,0.9795,1.0
5029,1.0,1.0,1.0,1.0,0.9948,1.0
5030,1.0,1.0,1.0,1.0,1.0,1.0
5031,1.0,1.0,1.0,1.0,0.9948,1.0
5032,1.0,1.0,1.0,1.0,0.9795,1.0
5033,1.0,1.0,1.0,1.0,0.9558,1.0
5034,1.0,1.0,1.0,1.0,0.926,1.0
5035,1.0,1.0,1.0,1.0,0.8929,1.0
5036,1.0,0.7,1.0,1.0,0.8929,1.0
5037,1.0,0.7,1.0,1.0,0.8929,1.0
5038,0.6,0.7,0.6,0.6,0.5357,0.6
5039,0.6,0.7,0.6,0.6,0.5357,0.6
5040,0.6,0.7,0.6,0.6,0.5357,0.6
5041,0.6,0.7,0.6,0.6,0.5357,0.6
5042,0.6,0.7,0.6,0.6,0.5357,0.6
5043,0.6,0.7,0.6,0.6,0.5357,0.6
5044,0.6,0.7,0.6,0.6,0.5357,0.6
5045,0.6,0.7,0.6,0.6,0.5357,0.6
5046,1.0,1.0,1.0,1.0,0.8929,1.0
5047,1.0,1.0,1.0,1.0,0.8929,1.0
5048,1.0,1.0,1.0,1.0,0.8929,1.0
5049,1.0,1.0,1.0,1.0,0.8929,1.0
5050,1.0,1.0,1.0,1.0,0.926,1.0
5051,1.0,1.0,1.0,1.0,0.9558,1.0
5052,1.0,1.0,1.0,1.0,0.9795,1.0
5053,1.0,1.0,1.0,1.0,0.9948,1.0
5054,1.0,1.0,1.0,1.0,1.0,1.0
5055,1.0,1.0,1.0,1.0,0.9948,1.0
5056,1.0,1.0,1.0,1.0,0.9795,1.0
5057,1.0,1.0,1.0,1.0,0.9558,1.0
5058,1.0,1.0,1.0,1.0,0.926,1.0
5059,1.0,1.0,1.0,1.0,0.8929,1.0
5060,1.0,0.7,1.0,1.0,0.8929,1.0
5061,1.0,0.7,1.0,1.0,0.8929,1.0
5062,0.6,0.7,0.6,0.6,0.5357,0.6
5063,0.6,0.7,0.6,0.6,0.5357,0.6
5064,0.6,0.7,0.6,0.6,0.5357,0.6
5065,0.6,0.7,0.6,0.6,0.5357,0.6
5066,0.6,0.7,0.6,0.6,0.5357,0.6
5067,0.6,0.7,0.6,0.6,0.5357,0.6
5068,0.6,0.7,0.6,0.6,0.5357,0.6
5069,0.6,0.7,0.6,0.6,0.5357,0.6
5070,1.0,1.0,1.0,1.0,0.8929,1.0
5071,1.0,1.0,1.0,1.0,0.8929,1.0
5072,1.0,1.0,1.0,1.0,0.8929,1.0
5073,1.0,1.0,1.0,1.0,0.8929,1.0
5074,1.0,1.0,1.0,1.0,0.926,1.0
5075,1.0,1.0,1.0,1.0,0.9558,1.0
5076,1.0,1.0,1.0,1.0,0.9795,1.0
5077,1.0,1.0,1.0,1.0,0.9948,1.0
5078,1.0,1.0,1.0,1.0,1.0,1.0
5079,1.0,1.0,1.0,1.0,0.9948,1.0
5080,1.0,1.0,1.0,1.0,0.9795,1.0
5081,1.0,1.0,1.0,1.0,0.9558,1.0
5082,1.0,1.0,1.0,1.0,0.926,1.0
5083,1.0,1.0,1.0,1.0,0.8929,1.0
5084,1.0,0.7,1.0,1.0,0.8929,1.0
5085,1.0,0.7,1.0,1.0,0.8929,1.0
5086,0.6,0.7,0.6,0.6,0.5357,0.6
5087,0.6,0.7,0.6,0.6,0.5357,0.6
5088,0.6,0.7,0.6,0.6,0.5357,0.6
5089,0.6,0.7,0.6,0.6,0.5357,0.6
5090,0.6,0.7,0.6,0.6,0.5357,0.6
5091,0.6,0.7,0.6,0.6,0.5357,0.6
5092,0.6,0.7,0.6,0.6,0.5357,0.6
5093,0.6,0.7,0.6,0.6,0.5357,0.6
5094,1.0,1.0,1.0,1.0,0.8929,1.0
5095,1.0,1.0,1.0,1.0,0.8929,1.0
5096,1.0,1.0,1.0,1.0,0.8929,1.0
5097,1.0,1.0,1.0,1.0,0.8929,1.0
5098,1.0,1.0,1.0,1.0,0.926,1.0
5099,1.0,1.0,1.0,1.0,0.9558,1.0
5100,1.0,1.0,1.0,1.0,0.9795,1.0
5101,1.0,1.0,1.0,1.0,0.9948,1.0
5102,1.0,1.0,1.0,1.0,1.0,1.0
5103,1.0,1.0,1.0,1.0,0.9948,1.0
5104,1.0,1.0,1.0,1.0,0.9795,1.0
5105,1.0,1.0,1.0,1.0,0.9558,1.0
5106,1.0,1.0,1.0,1.0,0.926,1.0
5107,1.0,1.0,1.0,1.0,0.8929,1.0
5108,1.0,0.7,1.0,1.0,0.8929,1.0
5109,1.0,0.7,1.0,1.0,0.8929,1.0
5110,0.6,0.7,0.6,0.6,0.5357,0.6
5111,0.6,0.7,0.6,0.6,0.5357,0.6
5112,0.6,0.7,0.6,0.6,0.5357,0.6
5113,0.6,0.7,0.6,0.6,0.5357,0.6
5114,0.6,0.7,0.6,0.6,0.5357,0.6
5115,0.6,0.7,0.6,0.6,0.5357,0.6
5116,0.6,0.7,0.6,0.6,0.5357,0.6
5117,0.6,0.7,0.6,0.6,0.5357,0.6
5118,1.0,1.0,1.0,1.0,0.8929,1.0
5119,1.0,1.0,1.0,1.0,0.8929,1.0
5120,1.0,1.0,1.0,1.0,0.8929,1.0
5121,1.0,1.0,1.0,1.0,0.8929,1.0
5122,1.0,1.0,1.0,1.0,0.926,1.0
5123,1.0,1.0,1.0,1.0,0.9558,1.0
5124,1.0,1.0,1.0,1.0,0.9795,1.0
5125,1.0,1.0,1.0,1.0,0.9948,1.0
5126,1.0,1.0,1.0,1.0,1.0,1.0
5127,1.0,1.0,1.0,1.0,0.9948,1.0
5128,1.0,1.0,1.0,1.0,0.9795,1.0
5129,1.0,1.0,1.0,1.0,0.9558,1.0
5130,1.0,1.0,1.0,1.0,0.926,1.0
5131,1.0,1.0,1.0,1.0,0.8929,1.0
5132,1.0,0.7,1.0,1.0,0.8929,1.0
5133,1.0,0.7,1.0,1.0,0.8929,1.0
5134,0.6,0.7,0.6,0.6,0.5357,0.6
5135,0.6,0.7,0.6,0.6,0.5357,0.6
5136,0.6,0.7,0.6,0.6,0.5357,0.6
5137,0.6,0.7,0.6,0.6,0.5357,0.6
5138,0.6,0.7,0.6,0.6,0.5357,0.6
5139,0.6,0.7,0.6,0.6,0.5357,0.6
5140,0.6,0.7,0.6,0.6,0.5357,0.6
5141,0.6,0.7,0.6,0.6,0.5357,0.6
5142,1.0,1.0,1.0,1.0,0.8929,1.0
5143,1.0,1.0,1.0,1.0,0.8929,1.0
5144,1.0,1.0,1.0,1.0,0.8929,1.0
5145,1.0,1.0,1.0,1.0,0.8929,1.0
5146,1.0,1.0,1.0,1.0,0.926,1.0
5147,1.0,1.0,1.0,1.0,0.9558,1.0
5148,1.0,1.0,1.0,1.0,0.9795,1.0
5149,1.0,1.0,1.0,1.0,0.9948,1.0
5150,1.0,1.0,1.0,1.0,1.0,1.0
5151,1.0,1.0,1.0,1.0,0.9948,1.0
5152,1.0,1.0,1.0,1.0,0.9795,1.0
5153,1.0,1.0,1.0,1.0,0.9558,1.0
5154,1.0,1.0,1.0,1.0,0.926,1.0
5155,1.0,1.0,1.0,1.0,0.8929,1.0
5156,1.0,0.7,1.0,1.0,0.8929,1.0
5157,1.0,0.7,1.0,1.0,0.8929,1.0
5158,0.6,0.7,0.6,0.6,0.5357,0.6
5159,0.6,0.7,0.6,0.6,0.5357,0.6
5160,0.6,0.7,0.6,0.6,0.5357,0.6
5161,0.6,0.7,0.6,0.6,0.5357,0.6
5162,0.6,0.7,0.6,0.6,0.5357,0.6
5163,0.6,0.7,0.6,0.6,0.5357,0.6
5164,0.6,0.7,0.6,0.6,0.5357,0.6
5165,0.6,0.7,0.6,0.6,0.5357,0.6
5166,1.0,1.0,1.0,1.0,0.8929,1.0
5167,1.0,1.0,1.0,1.0,0.8929,1.0
5168,1.0,1.0,1.0,1.0,0.8929,1.0
5169,1.0,1.0,1.0,1.0,0.8929,1.0
5170,1.0,1.0,1.0,1.0,0.926,1.0
5171,1.0,1.0,1.0,1.0,0.9558,1.0
5172,1.0,1.0,1.0,1.0,0.9795,1.0
5173,1.0,1.0,1.0,1.0,0.9948,1.0
5174,1.0,1.0,1.0,1.0,1.0,1.0
5175,1.0,1.0,1.0,1.0,0.9948,1.0
5176,1.0,1.0,1.0,1.0,0.9795,1.0
5177,1.0,1.0,1.0,1.0,0.9558,1.0
5178,1.0,1.0,1.0,1.0,0.926,1.0
5179,1.0,1.0,1.0,1.0,0.8929,1.0
5180,1.0,0.7,1.0,1.0,0.8929,1.0
5181,1.0,0.7,1.0,1.0,0.8929,1.0
5182,0.6,0.7,0.6,0.6,0.5357,0.6
5183,0.6,0.7,0.6,0.6,0.5357,0.6
5184,0.6,0.7,0.6,0.6,0.5357,0.6
5185,0.6,0.7,0.6,0.6,0.5357,0.6
5186,0.6,0.7,0.6,0.6,0.5357,0.6
5187,0.6,0.7,0.6,0.6,0.5357,0.6
5188,0.6,0.7,0.6,0.6,0.5357,0.6
5189,0.6,0.7,0.6,0.6,0.5357,0.6
5190,1.0,1.0,1.0,1.0,0.8929,1.0
5191,1.0,1.0,1.0,1.0,0.8929,1.0
5192,1.0,1.0,1.0,1.0,0.8929,1.0
5193,1.0,1.0,1.0,1.0,0.8929,1.0
5194,1.0,1.0,1.0,1.0,0.926,1.0
5195,1.0,1.0,1.0,1.0,0.9558,1.0
5196,1.0,1.0,1.0,1.0,0.9795,1.0
5197,1.0,1.0,1.0,1.0,0.9948,1.0
5198,1.0,1.0,1.0,1.0,1.0,1.0
5199,1.0,1.0,1.0,1.0,0.9948,1.0
5200,1.0,1.0,1.0,1.0,0.9795,1.0
5201,1.0,1.0,1.0,1.0,0.9558,1.0
5202,1.0,1.0,1.0,1.0,0.926,1.0
5203,1.0,1.0,1.0,1.0,0.8929,1.0
5204,1.0,0.7,1.0,1.0,0.8929,1.0
5205,1.0,0.7,1.0,1.0,0.8929,1.0
5206,0.6,0.7,0.6,0.6,0.5357,0.6
5207,0.6,0.7,0.6,0.6,0.5357,0.6
5208,0.6,0.7,0.6,0.6,0.5357,0.6
5209,0.6,0.7,0.6,0.6,0.5357,0.6
5210,0.6,0.7,0.6,0.6,0.5357,0.6
5211,0.6,0.7,0.6,0.6,0.5357,0.6
5212,0.6,0.7,0.6,0.6,0.5357,0.6
5213,0.6,0.7,0.6,0.6,0.5357,0.6
5214,1.0,1.0,1.0,1.0,0.8929,1.0
5215,1.0,1.0,1.0,1.0,0.8929,1.0
5216,1.0,1.0,1.0,1.0,0.8929,1.0
5217,1.0,1.0,1.0,1.0,0.8929,1.0
5218,1.0,1.0,1.0,1.0,0.926,1.0
5219,1.0,1.0,1.0,1.0,0.9558,1.0
5220,1.0,1.0,1.0,1.0,0.9795,1.0
5221,1.0,1.0,1.0,1.0,0.9948,1.0
5222,1.0,1.0,1.0,1.0,1.0,1.0
5223,1.0,1.0,1.0,1.0,0.9948,1.0
5224,1.0,1.0,1.0,1.0,0.9795,1.0
5225,1.0,1.0,1.0,1.0,0.9558,1.0
5226,1.0,1.0,1.0,1.0,0.926,1.0
5227,1.0,1.0,1.0,1.0,0.8929,1.0
5228,1.0,0.7,1.0,1.0,0.8929,1.0
5229,1.0,0.7,1.0,1.0,0.8929,1.0
5230,0.6,0.7,0.6,0.6,0.5357,0.6
5231,0.6,0.7,0.6,0.6,0.5357,0.6
5232,0.6,0.7,0.6,0.6,0.5357,0.6
5233,0.6,0.7,0.6,0.6,0.5357,0.6
5234,0.6,0.7,0.6,0.6,0.5357,0.6
5235,0.6,0.7,0.6,0.6,0.5357,0.6
5236,0.6,0.7,0.6,0.6,0.5357,0.6
5237,0.6,0.7,0.6,0.6,0.5357,0.6
5238,1.0,1.0,1.0,1.0,0.8929,1.0
5239,1.0,1.0,1.0,1.0,0.8929,1.0
5240,1.0,1.0,1.0,1.0,0.8929,1.0
5241,1.0,1.0,1.0,1.0,0.8929,1.0
5242,1.0,1.0,1.0,1.0,0.926,1.0
5243,1.0,1.0,1.0,1.0,0.9558,1.0
5244,1.0,1.0,1.0,1.0,0.9795,1.0
5245,1.0,1.0,1.0,1.0,0.9948,1.0
5246,1.0,1.0,1.0,1.0,1.0,1.0
5247,1.0,1.0,1.0,1.0,0.9948,1.0
5248,1.0,1.0,1.0,1.0,0.9795,1.0
5249,1.0,1.0,1.0,1.0,0.9558,1.0
5250,1.0,1.0,1.0,1.0,0.926,1.0
5251,1.0,1.0,1.0,1.0,0.8929,1.0
5252,1.0,0.7,1.0,1.0,0.8929,1.0
5253,1.0,0.7,1.0,1.0,0.8929,1.0
5254,0.6,0.7,0.6,0.6,0.5357,0.6
5255,0.6,0.7,0.6,0.6,0.5357,0.6
5256,0.6,0.7,0.6,0.6,0.5357,0.6
5257,0.6,0.7,0.6,0.6,0.5357,0.6
5258,0.6,0.7,0.6,0.6,0.5357,0.6
5259,0.6,0.7,0.6,0.6,0.5357,0.6
5260,0.6,0.7,0.6,0.6,0.5357,0.6
5261,0.6,0.7,0.6,0.6,0.5357,0.6
5262,1.0,1.0,1.0,1.0,0.8929,1.0
5263,1.0,1.0,1.0,1.0,0.8929,1.0
5264,1.0,1.0,1.0,1.0,0.8929,1.0
5265,1.0,1.0,1.0,1.0,0.8929,1.0
5266,1.0,1.0,1.0,1.0,0.926,1.0
5267,1.0,1.0,1.0,1.0,0.9558,1.0
5268,1.0,1.0,1.0,1.0,0.9795,1.0
5269,1.0,1.0,1.0,1.0,0.9948,1.0
5270,1.0,1.0,1.0,1.0,1.0,1.0
5271,1.0,1.0,1.0,1.0,0.9948,1.0
5272,1.0,1.0,1.0,1.0,0.9795,1.0
5273,1.0,1.0,1.0,1.0,0.9558,1.0
5274,1.0,1.0,1.0,1.0,0.926,1.0
5275,1.0,1.0,1.0,1.0,0.8929,1.0
5276,1.0,0.7,1.0,1.0,0.8929,1.0
5277,1.0,0.7,1.0,1.0,0.8929,1.0
5278,0.6,0.7,0.6,0.6,0.5357,0.6
5279,0.6,0.7,0.6,0.6,0.5357,0.6
5280,0.6,0.7,0.6,0.6,0.5357,0.6
5281,0.6,0.7,0.6,0.6,0.5357,0.6
5282,0.6,0.7,0.6,0.6,0.5357,0.6
5283,0.6,0.7,0.6,0.6,0.5357,0.6
5284,0.6,0.7,0.6,0.6,0.5357,0.6
5285,0.6,0.7,0.6,0.6,0.5357,0.6
5286,1.0,1.0,1.0,1.0,0.8929,1.0
5287,1.0,1.0,1.0,1.0,0.8929,1.0
5288,1.0,1.0,1.0,1.0,0.8929,1.0
5289,1.0,1.0,1.0,1.0,0.8929,1.0
5290,1.0,1.0,1.0,1.0,0.926,1.0
5291,1.0,1.0,1.0,1.0,0.9558,1.0
5292,1.0,1.0,1.0,1.0,0.9795,1.0
5293,1.0,1.0,1.0,1.0,0.9948,1.0
5294,1.0,1.0,1.0,1.0,1.0,1.0
5295,1.0,1.0,1.0,1.0,0.9948,1.0
5296,1.0,1.0,1.0,1.0,0.9795,1.0
5297,1.0,1.0,1.0,1.0,0.9558,1.0
5298,1.0,1.0,1.0,1.0,0.926,1.0
5299,1.0,1.0,1.0,1.0,0.8929,1.0
5300,1.0,0.7,1.0,1.0,0.8929,1.0
5301,1.0,0.7,1.0,1.0,0.8929,1.0
5302,0.6,0.7,0.6,0.6,0.5357,0.6
5303,0.6,0.7,0.6,0.6,0.5357,0.6
5304,0.6,0.7,0.6,0.6,0.5357,0.6
5305,0.6,0.7,0.6,0.6,0.5357,0.6
5306,0.6,0.7,0.6,0.6,0.5357,0.6
5307,0.6,0.7,0.6,0.6,0.5357,0.6
5308,0.6,0.7,0.6,0.6,0.5357,0.6
5309,0.6,0.7,0.6,0.6,0.5357,0.6
5310,1.0,1.0,1.0,1.0,0.8929,1.0
5311,1.0,1.0,1.0,1.0,0.8929,1.0
5312,1.0,1.0,1.0,1.0,0.8929,1.0
5313,1.0,1.0,1.0,1.0,0.8929,1.0
5314,1.0,1.0,1.0,1.0,0.926,1.0
5315,1.0,1.0,1.0,1.0,0.9558,1.0
5316,1.0,1.0,1.0,1.0,0.9795,1.0
5317,1.0,1.0,1.0,1.0,0.9948,1.0
5318,1.0,1.0,1.0,1.0,1.0,1.0
5319,1.0,1.0,1.0,1.0,0.9948,1.0
5320,1.0,1.0,1.0,1.0,0.9795,1.0
5321,1.0,1.0,1.0,1.0,0.9558,1.0
5322,1.0,1.0,1.0,1.0,0.926,1.0
5323,1.0,1.0,1.0,1.0,0.8929,1.0
5324,1.0,0.7,1.0,1.0,0.8929,1.0
5325,1.0,0.7,1.0,1.0,0.8929,1.0
5326,0.6,0.7,0.6,0.6,0.5357,0.6
5327,0.6,0.7,0.6,0.6,0.5357,0.6
5328,0.6,0.7,0.6,0.6,0.5357,0.6
5329,0.6,0.7,0.6,0.6,0.5357,0.6
5330,0.6,0.7,0.6,0.6,0.5357,0.6
5331,0.6,0.7,0.6,0.6,0.5357,0.6
5332,0.6,0.7,0.6,0.6,0.5357,0.6
5333,0.6,0.7,0.6,0.6,0.5357,0.6
5334,1.0,1.0,1.0,1.0,0.8929,1.0
5335,1.0,1.0,1.0,1.0,0.8929,1.0
5336,1.0,1.0,1.0,1.0,0.8929,1.0
5337,1.0,1.0,1.0,1.0,0.8929,1.0
5338,1.0,1.0,1.0,1.0,0.926,1.0
5339,1.0,1.0,1.0,1.0,0.9558,1.0
5340,1.0,1.0,1.0,1.0,0.9795,1.0
5341,1.0,1.0,1.0,1.0,0.9948,1.0
5342,1.0,1.0,1.0,1.0,1.0,1.0
5343,1.0,1.0,1.0,1.0,0.9948,1.0
5344,1.0,1.0,1.0,1.0,0.9795,1.0
5345,1.0,1.0,1.0,1.0,0.9558,1.0
5346,1.0,1.0,1.0,1.0,0.926,1.0
5347,1.0,1.0,1.0,1.0,0.8929,1.0
5348,1.0,0.7,1.0,1.0,0.8929,1.0
5349,1.0,0.7,1.0,1.0,0.8929,1.0
5350,0.6,0.7,0.6,0.6,0.5357,0.6
5351,0.6,0.7,0.6,0.6,0.5357,0.6
5352,0.6,0.7,0.6,0.6,0.5357,0.6
5353,0.6,0.7,0.6,0.6,0.5357,0.6
5354,0.6,0.7,0.6,0.6,0.5357,0.6
5355,0.6,0.7,0.6,0.6,0.5357,0.6
5356,0.6,0.7,0.6,0.6,0.5357,0.6
5357,0.6,0.7,0.6,0.6,0.5357,0.6
5358,1.0,1.0,1.0,1.0,0.8929,1.0
5359,1.0,1.0,1.0,1.0,0.8929,1.0
5360,1.0,1.0,1.0,1.0,0.8929,1.0
5361,1.0,1.0,1.0,1.0,0.8929,1.0
5362,1.0,1.0,1.0,1.0,0.926,1.0
5363,1.0,1.0,1.0,1.0,0.9558,1.0
5364,1.0,1.0,1.0,1.0,0.9795,1.0
5365,1.0,1.0,1.0,1.0,0.9948,1.0
5366,1.0,1.0,1.0,1.0,1.0,1.0
5367,1.0,1.0,1.0,1.0,0.9948,1.0
5368,1.0,1.0,1.0,1.0,0.9795,1.0
5369,1.0,1.0,1.0,1.0,0.9558,1.0
5370,1.0,1.0,1.0,1.0,0.926,1.0
5371,1.0,1.0,1.0,1.0,0.8929,1.0
5372,1.0,0.7,1.0,1.0,0.8929,1.0
5373,1.0,0.7,1.0,1.0,0.8929,1.0
5374,0.6,0.7,0.6,0.6,0.5357,0.6
5375,0.6,0.7,0.6,0.6,0.5357,0.6
5376,0.6,0.7,0.6,0.6,0.5357,0.6
5377,0.6,0.7,0.6,0.6,0.5357,0.6
5378,0.6,0.7,0.6,0.6,0.5357,0.6
5379,0.6,0.7,0.6,0.6,0.5357,0.6
5380,0.6,0.7,0.6,0.6,0.5357,0.6
5381,0.6,0.7,0.6,0.6,0.5357,0.6
5382,1.0,1.0,1.0,1.0,0.8929,1.0
5383,1.0,1.0,1.0,1.0,0.8929,1.0
5384,1.0,1.0,1.0,1.0,0.8929,1.0
5385,1.0,1.0,1.0,1.0,0.8929,1.0
5386,1.0,1.0,1.0,1.0,0.926,1.0
5387,1.0,1.0,1.0,1.0,0.9558,1.0
5388,1.0,1.0,1.0,1.0,0.9795,1.0
5389,1.0,1.0,1.0,1.0,0.9948,1.0
5390,1.0,1.0,1.0,1.0,1.0,1.0
5391,1.0,1.0,1.0,1.0,0.9948,1.0
5392,1.0,1.0,1.0,1.0,0.9795,1.0
5393,1.0,1.0,1.0,1.0,0.9558,1.0
5394,1.0,1.0,1.0,1.0,0.926,1.0
5395,1.0,1.0,1.0,1.0,0.8929,1.0
5396,1.0,0.7,1.0,1.0,0.8929,1.0
5397,1.0,0.7,1.0,1.0,0.8929,1.0
5398,0.6,0.7,0.6,0.6,0.5357,0.6
5399,0.6,0.7,0.6,0.6,0.5357,0.6
5400,0.6,0.7,0.6,0.6,0.5357,0.6
5401,0.6,0.7,0.6,0.6,0.5357,0.6
5402,0.6,0.7,0.6,0.6,0.5357,0.6
5403,0.6,0.7,0.6,0.6,0.5357,0.6
5404,0.6,0.7,0.6,0.6,0.5357,0.6
5405,0.6,0.7,0.6,0.6,0.5357,0.6
5406,1.0,1.0,1.0,1.0,0.8929,1.0
5407,1.0,1.0,1.0,1.0,0.8929,1.0
5408,1.0,1.0,1.0,1.0,0.8929,1.0
5409,1.0,1.0,1.0,1.0,0.8929,1.0
5410,1.0,1.0,1.0,1.0,0.926,1.0
5411,1.0,1.0,1.0,1.0,0.9558,1.0
5412,1.0,1.0,1.0,1.0,0.9795,1.0
5413,1.0,1.0,1.0,1.0,0.9948,1.0
5414,1.0,1.0,1.0,1.0,1.0,1.0
5415,1.0,1.0,1.0,1.0,0.9948,1.0
5416,1.0,1.0,1.0,1.0,0.9795,1.0
5417,1.0,1.0,1.0,1.0,0.9558,1.0
5418,1.0,1.0,1.0,1.0,0.926,1.0
5419,1.0,1.0,1.0,1.0,0.8929,1.0
5420,1.0,0.7,1.0,1.0,0.8929,1.0
5421,1.0,0.7,1.0,1.0,0.8929,1.0
5422,0.6,0.7,0.6,0.6,0.5357,0.6
5423,0.6,0.7,0.6,0.6,0.5357,0.6
5424,0.6,0.7,0.6,0.6,0.5357,0.6
5425,0.6,0.7,0.6,0.6,0.5357,0.6
5426,0.6,0.7,0.6,0.6,0.5357,0.6
5427,0.6,0.7,0.6,0.6,0.5357,0.6
5428,0.6,0.7,0.6,0.6,0.5357,0.6
5429,0.6,0.7,0.6,0.6,0.5357,0.6
5430,1.0,1.0,1.0,1.0,0.8929,1.0
5431,1.0,1.0,1.0,1.0,0.8929,1.0
5432,1.0,1.0,1.0,1.0,0.8929,1.0
5433,1.0,1.0,1.0,1.0,0.8929,1.0
5434,1.0,1.0,1.0,1.0,0.926,1.0
5435,1.0,1.0,1.0,1.0,0.9558,1.0
5436,1.0,1.0,1.0,1.0,0.9795,1.0
5437,1.0,1.0,1.0,1.0,0.9948,1.0
5438,1.0,1.0,1.0,1.0,1.0,1.0
5439,1.0,1.0,1.0,1.0,0.9948,1.0
5440,1.0,1.0,1.0,1.0,0.9795,1.0
5441,1.0,1.0,1.0,1.0,0.9558,1.0
5442,1.0,1.0,1.0,1.0,0.926,1.0
5443,1.0,1.0,1.0,1.0,0.8929,1.0
5444,1.0,0.7,1.0,1.0,0.8929,1.0
5445,1.0,0.7,1.0,1.0,0.8929,1.0
5446,0.6,0.7,0.6,0.6,0.5357,0.6
5447,0.6,0.7,0.6,0.6,0.5357,0.6
5448,0.6,0.7,0.6,0.6,0.5357,0.6
5449,0.6,0.7,0.6,0.6,0.5357,0.6
5450,0.6,0.7,0.6,0.6,0.5357,0.6
5451,0.6,0.7,0.6,0.6,0.5357,0.6
5452,0.6,0.7,0.6,0.6,0.5357,0.6
5453,0.6,0.7,0.6,0.6,0.5357,0.6
5454,1.0,1.0,1.0,1.0,0.8929,1.0
5455,1.0,1.0,1.0,1.0,0.8929,1.0
5456,1.0,1.0,1.0,1.0,0.8929,1.0
5457,1.0,1.0,1.0,1.0,0.8929,1.0
5458,1.0,1.0,1.0,1.0,0.926,1.0
5459,1.0,1.0,1.0,1.0,0.9558,1.0
5460,1.0,1.0,1.0,1.0,0.9795,1.0
5461,1.0,1.0,1.0,1.0,0.9948,1.0
5462,1.0,1.0,1.0,1.0,1.0,1.0
5463,1.0,1.0,1.0,1.0,0.9948,1.0
5464,1.0,1.0,1.0,1.0,0.9795,1.0
5465,1.0,1.0,1.0,1.0,0.9558,1.0
5466,1.0,1.0,1.0,1.0,0.926,1.0
5467,1.0,1.0,1.0,1.0,0.8929,1.0
5468,1.0,0.7,1.0,1.0,0.8929,1.0
5469,1.0,0.7,1.0,1.0,0.8929,1.0
5470,0.6,0.7,0.6,0.6,0.5357,0.6
5471,0.6,0.7,0.6,0.6,0.5357,0.6
5472,0.6,0.7,0.6,0.6,0.5357,0.6
5473,0.6,0.7,0.6,0.6,0.5357,0.6
5474,0.6,0.7,0.6,0.6,0.5357,0.6
5475,0.6,0.7,0.6,0.6,0.5357,0.6
5476,0.6,0.7,0.6,0.6,0.5357,0.6
5477,0.6,0.7,0.6,0.6,0.5357,0.6
5478,1.0,1.0,1.0,1.0,0.8929,1.0
5479,1.0,1.0,1.0,1.0,0.8929,1.0
5480,1.0,1.0,1.0,1.0,0.8929,1.0
5481,1.0,1.0,1.0,1.0,0.8929,1.0
5482,1.0,1.0,1.0,1.0,0.926,1.0
5483,1.0,1.0,1.0,1.0,0.9558,1.0
5484,1.0,1.0,1.0,1.0,0.9795,1.0
5485,1.0,1.0,1.0,1.0,0.9948,1.0
5486,1.0,1.0,1.0,1.0,1.0,1.0
5487,1.0,1.0,1.0,1.0,0.9948,1.0
5488,1.0,1.0,1.0,1.0,0.9795,1.0
5489,1.0,1.0,1.0,1.0,0.9558,1.0
5490,1.0,1.0,1.0,1.0,0.926,1.0
5491,1.0,1.0,1.0,1.0,0.8929,1.0
5492,1.0,0.7,1.0,1.0,0.8929,1.0
5493,1.0,0.7,1.0,1.0,0.8929,1.0
5494,0.6,0.7,0.6,0.6,0.5357,0.6
5495,0.6,0.7,0.6,0.6,0.5357,0.6
5496,0.6,0.7,0.6,0.6,0.5357,0.6
5497,0.6,0.7,0.6,0.6,0.5357,0.6
5498,0.6,0.7,0.6,0.6,0.5357,0.6
5499,0.6,0.7,0.6,0.6,0.5357,0.6
5500,0.6,0.7,0.6,0.6,0.5357,0.6
5501,0.6,0.7,0.6,0.6,0.5357,0.6
5502,1.0,1.0,1.0,1.0,0.8929,1.0
5503,1.0,1.0,1.0,1.0,0.8929,1.0
5504,1.0,1.0,1.0,1.0,0.8929,1.0
5505,1.0,1.0,1.0,1.0,0.8929,1.0
5506,1.0,1.0,1.0,1.0,0.926,1.0
5507,1.0,1.0,1.0,1.0,0.9558,1.0
5508,1.0,1.0,1.0,1.0,0.9795,1.0
5509,1.0,1.0,1.0,1.0,0.9948,1.0
5510,1.0,1.0,1.0,1.0,1.0,1.0
5511,1.0,1.0,1.0,1.0,0.9948,1.0
5512,1.0,1.0,1.0,1.0,0.9795,1.0
5513,1.0,1.0,1.0,1.0,0.9558,1.0
5514,1.0,1.0,1.0,1.0,0.926,1.0
5515,1.0,1.0,1.0,1.0,0.8929,1.0
5516,1.0,0.7,1.0,1.0,0.8929,1.0
5517,1.0,0.7,1.0,1.0,0.8929,1.0
5518,0.6,0.7,0.6,0.6,0.5357,0.6
5519,0.6,0.7,0.6,0.6,0.5357,0.6
5520,0.6,0.7,0.6,0.6,0.5357,0.6
5521,0.6,0.7,0.6,0.6,0.5357,0.6
5522,0.6,0.7,0.6,0.6,0.5357,0.6
5523,0.6,0.7,0.6,0.6,0.5357,0.6
5524,0.6,0.7,0.6,0.6,0.5357,0.6
5525,0.6,0.7,0.6,0.6,0.5357,0.6
5526,1.0,1.0,1.0,1.0,0.8929,1.0
5527,1.0,1.0,1.0,1.0,0.8929,1.0
5528,1.0,1.0,1.0,1.0,0.8929,1.0
5529,1.0,1.0,1.0,1.0,0.8929,1.0
5530,1.0,1.0,1.0,1.0,0.926,1.0
5531,1.0,1.0,1.0,1.0,0.9558,1.0
5532,1.0,1.0,1.0,1.0,0.9795,1.0
5533,1.0,1.0,1.0,1.0,0.9948,1.0
5534,1.0,1.0,1.0,1.0,1.0,1.0
5535,1.0,1.0,1.0,1.0,0.9948,1.0
5536,1.0,1.0,1.0,1.0,0.9795,1.0
5537,1.0,1.0,1.0,1.0,0.9558,1.0
5538,1.0,1.0,1.0,1.0,0.926,1.0
5539,1.0,1.0,1.0,1.0,0.8929,1.0
5540,1.0,0.7,1.0,1.0,0.8929,1.0
5541,1.0,0.7,1.0,1.0,0.8929,1.0
5542,0.6,0.7,0.6,0.6,0.5357,0.6
5543,0.6,0.7,0.6,0.6,0.5357,0.6
5544,0.6,0.7,0.6,0.6,0.5357,0.6
5545,0.6,0.7,0.6,0.6,0.5357,0.6
5546,0.6,0.7,0.6,0.6,0.5357,0.6
5547,0.6,0.7,0.6,0.6,0.5357,0.6
5548,0.6,0.7,0.6,0.6,0.5357,0.6
5549,0.6,0.7,0.6,0.6,0.5357,0.6
5550,1.0,1.0,1.0,1.0,0.8929,1.0
5551,1.0,1.0,1.0,1.0,0.8929,1.0
5552,1.0,1.0,1.0,1.0,0.8929,1.0
5553,1.0,1.0,1.0,1.0,0.8929,1.0
5554,1.0,1.0,1.0,1.0,0.926,1.0
5555,1.0,1.0,1.0,1.0,0.9558,1.0
5556,1.0,1.0,1.0,1.0,0.9795,1.0
5557,1.0,1.0,1.0,1.0,0.9948,1.0
5558,1.0,1.0,1.0,1.0,1.0,1.0
5559,1.0,1.0,1.0,1.0,0.9948,1.0
5560,1.0,1.0,1.0,1.0,0.9795,1.0
5561,1.0,1.0,1.0,1.0,0.9558,1.0
5562,1.0,1.0,1.0,1.0,0.926,1.0
5563,1.0,1.0,1.0,1.0,0.8929,1.0
5564,1.0,0.7,1.0,1.0,0.8929,1.0
5565,1.0,0.7,1.0,1.0,0.8929,1.0
5566,0.6,0.7,0.6,0.6,0.5357,0.6
5567,0.6,0.7,0.6,0.6,0.5357,0.6
5568,0.6,0.7,0.6,0.6,0.5357,0.6
5569,0.6,0.7,0.6,0.6,0.5357,0.6
5570,0.6,0.7,0.6,0.6,0.5357,0.6
5571,0.6,0.7,0.6,0.6,0.5357,0.6
5572,0.6,0.7,0.6,0.6,0.5357,0.6
5573,0.6,0.7,0.6,0.6,0.5357,0.6
5574,1.0,1.0,1.0,1.0,0.8929,1.0
5575,1.0,1.0,1.0,1.0,0.8929,1.0
5576,1.0,1.0,1.0,1.0,0.8929,1.0
5577,1.0,1.0,1.0,1.0,0.8929,1.0
5578,1.0,1.0,1.0,1.0,0.926,1.0
5579,1.0,1.0,1.0,1.0,0.9558,1.0
5580,1.0,1.0,1.0,1.0,0.9795,1.0
5581,1.0,1.0,1.0,1.0,0.9948,1.0
5582,1.0,1.0,1.0,1.0,1.0,1.0
5583,1.0,1.0,1.0,1.0,0.9948,1.0
5584,1.0,1.0,1.0,1.0,0.9795,1.0
5585,1.0,1.0,1.0,1.0,0.9558,1.0
5586,1.0,1.0,1.0,1.0,0.926,1.0
5587,1.0,1.0,1.0,1.0,0.8929,1.0
5588,1.0,0.7,1.0,1.0,0.8929,1.0
5589,1.0,0.7,1.0,1.0,0.8929,1.0
5590,0.6,0.7,0.6,0.6,0.5357,0.6
5591,0.6,0.7,0.6,0.6,0.5357,0.6
5592,0.6,0.7,0.6,0.6,0.5357,0.6
5593,0.6,0.7,0.6,0.6,0.5357,0.6
5594,0.6,0.7,0.6,0.6,0.5357,0.6
5595,0.6,0.7,0.6,0.6,0.5357,0.6
5596,0.6,0.7,0.6,0.6,0.5357,0.6
5597,0.6,0.7,0.6,0.6,0.5357,0.6
5598,1.0,1.0,1.0,1.0,0.8929,1.0
5599,1.0,1.0,1.0,1.0,0.8929,1.0
5600,1.0,1.0,1.0,1.0,0.8929,1.0
5601,1.0,1.0,1.0,1.0,0.8929,1.0
5602,1.0,1.0,1.0,1.0,0.926,1.0
5603,1.0,1.0,1.0,1.0,0.9558,1.0
5604,1.0,1.0,1.0,1.0,0.9795,1.0
5605,1.0,1.0,1.0,1.0,0.9948,1.0
5606,1.0,1.0,1.0,1.0,1.0,1.0
5607,1.0,1.0,1.0,1.0,0.9948,1.0
5608,1.0,1.0,1.0,1.0,0.9795,1.0
5609,1.0,1.0,1.0,1.0,0.9558,1.0
5610,1.0,1.0,1.0,1.0,0.926,1.0
5611,1.0,1.0,1.0,1.0,0.8929,1.0
5612,1.0,0.7,1.0,1.0,0.8929,1.0
5613,1.0,0.7,1.0,1.0,0.8929,1.0
5614,0.6,0.7,0.6,0.6,0.5357,0.6
5615,0.6,0.7,0.6,0.6,0.5357,0.6
5616,0.6,0.7,0.6,0.6,0.5357,0.6
5617,0.6,0.7,0.6,0.6,0.5357,0.6
5618,0.6,0.7,0.6,0.6,0.5357,0.6
5619,0.6,0.7,0.6,0.6,0.5357,0.6
5620,0.6,0.7,0.6,0.6,0.5357,0.6
5621,0.6,0.7,0.6,0.6,0.5357,0.6
5622,1.0,1.0,1.0,1.0,0.8929,1.0
5623,1.0,1.0,1.0,1.0,0.8929,1.0
5624,1.0,1.0,1.0,1.0,0.8929,1.0
5625,1.0,1.0,1.0,1.0,0.8929,1.0
5626,1.0,1.0,1.0,1.0,0.926,1.0
5627,1.0,1.0,1.0,1.0,0.9558,1.0
5628,1.0,1.0,1.0,1.0,0.9795,1.0
5629,1.0,1.0,1.0,1.0,0.9948,1.0
5630,1.0,1.0,1.0,1.0,1.0,1.0
5631,1.0,1.0,1.0,1.0,0.9948,1.0
5632,1.0,1.0,1.0,1.0,0.9795,1.0
5633,1.0,1.0,1.0,1.0,0.9558,1.0
5634,1.0,1.0,1.0,1.0,0.926,1.0
5635,1.0,1.0,1.0,1.0,0.8929,1.0
5636,1.0,0.7,1.0,1.0,0.8929,1.0
5637,1.0,0.7,1.0,1.0,0.8929,1.0
5638,0.6,0.7,0.6,0.6,0.5357,0.6
5639,0.6,0.7,0.6,0.6,0.5357,0.6
5640,0.6,0.7,0.6,0.6,0.5357,0.6
5641,0.6,0.7,0.6,0.6,0.5357,0.6
5642,0.6,0.7,0.6,0.6,0.5357,0.6
5643,0.6,0.7,0.6,0.6,0.5357,0.6
5644,0.6,0.7,0.6,0.6,0.5357,0.6
5645,0.6,0.7,0.6,0.6,0.5357,0.6
5646,1.0,1.0,1.0,1.0,0.8929,1.0
5647,1.0,1.0,1.0,1.0,0.8929,1.0
5648,1.0,1.0,1.0,1.0,0.8929,1.0
5649,1.0,1.0,1.0,1.0,0.8929,1.0
5650,1.0,1.0,1.0,1.0,0.926,1.0
5651,1.0,1.0,1.0,1.0,0.9558,1.0
5652,1.0,1.0,1.0,1.0,0.9795,1.0
5653,1.0,1.0,1.0,1.0,0.9948,1.0
5654,1.0,1.0,1.0,1.0,1.0,1.0
5655,1.0,1.0,1.0,1.0,0.9948,1.0
5656,1.0,1.0,1.0,1.0,0.9795,1.0
5657,1.0,1.0,1.0,1.0,0.9558,1.0
5658,1.0,1.0,1.0,1.0,0.926,1.0
5659,1.0,1.0,1.0,1.0,0.8929,1.0
5660,1.0,0.7,1.0,1.0,0.8929,1.0
5661,1.0,0.7,1.0,1.0,0.8929,1.0
5662,0.6,0.7,0.6,0.6,0.5357,0.6
5663,0.6,0.7,0.6,0.6,0.5357,0.6
5664,0.6,0.7,0.6,0.6,0.5357,0.6
5665,0.6,0.7,0.6,0.6,0.5357,0.6
5666,0.6,0.7,0.6,0.6,0.5357,0.6
5667,0.6,0.7,0.6,0.6,0.5357,0.6
5668,0.6,0.7,0.6,0.6,0.5357,0.6
5669,0.6,0.7,0.6,0.6,0.5357,0.6
5670,1.0,1.0,1.0,1.0,0.8929,1.0
5671,1.0,1.0,1.0,1.0,0.8929,1.0
5672,1.0,1.0,1.0,1.0,0.8929,1.0
5673,1.0,1.0,1.0,1.0,0.8929,1.0
5674,1.0,1.0,1.0,1.0,0.926,1.0
5675,1.0,1.0,1.0,1.0,0.9558,1.0
5676,1.0,1.0,1.0,1.0,0.9795,1.0
5677,1.0,1.0,1.0,1.0,0.9948,1.0
5678,1.0,1.0,1.0,1.0,1.0,1.0
5679,1.0,1.0,1.0,1.0,0.9948,1.0
5680,1.0,1.0,1.0,1.0,0.9795,1.0
5681,1.0,1.0,1.0,1.0,0.9558,1.0
5682,1.0,1.0,1.0,1.0,0.926,1.0
5683,1.0,1.0,1.0,1.0,0.8929,1.0
5684,1.0,0.7,1.0,1.0,0.8929,1.0
5685,1.0,0.7,1.0,1.0,0.8929,1.0
5686,0.6,0.7,0.6,0.6,0.5357,0.6
5687,0.6,0.7,0.6,0.6,0.5357,0.6
5688,0.6,0.7,0.6,0.6,0.5357,0.6
5689,0.6,0.7,0.6,0.6,0.5357,0.6
5690,0.6,0.7,0.6,0.6,0.5357,0.6
5691,0.6,0.7,0.6,0.6,0.5357,0.6
5692,0.6,0.7,0.6,0.6,0.5357,0.6
5693,0.6,0.7,0.6,0.6,0.5357,0.6
5694,1.0,1.0,1.0,1.0,0.8929,1.0
5695,1.0,1.0,1.0,1.0,0.8929,1.0
5696,1.0,1.0,1.0,1.0,0.8929,1.0
5697,1.0,1.0,1.0,1.0,0.8929,1.0
5698,1.0,1.0,1.0,1.0,0.926,1.0
5699,1.0,1.0,1.0,1.0,0.9558,1.0
5700,1.0,1.0,1.0,1.0,0.9795,1.0
5701,1.0,1.0,1.0,1.0,0.9948,1.0
5702,1.0,1.0,1.0,1.0,1.0,1.0
5703,1.0,1.0,1.0,1.0,0.9948,1.0
5704,1.0,1.0,1.0,1.0,0.9795,1.0
5705,1.0,1.0,1.0,1.0,0.9558,1.0
5706,1.0,1.0,1.0,1.0,0.926,1.0
5707,1.0,1.0,1.0,1.0,0.8929,1.0
5708,1.0,0.7,1.0,1.0,0.8929,1.0
5709,1.0,0.7,1.0,1.0,0.8929,1.0
5710,0.6,0.7,0.6,0.6,0.5357,0.6
5711,0.6,0.7,0.6,0.6,0.5357,0.6
5712,0.6,0.7,0.6,0.6,0.5357,0.6
5713,0.6,0.7,0.6,0.6,0.5357,0.6
5714,0.6,0.7,0.6,0.6,0.5357,0.6
5715,0.6,0.7,0.6,0.6,0.5357,0.6
5716,0.6,0.7,0.6,0.6,0.5357,0.6
5717,0.6,0.7,0.6,0.6,0.5357,0.6
5718,1.0,1.0,1.0,1.0,0.8929,1.0
5719,1.0,1.0,1.0,1.0,0.8929,1.0
5720,1.0,1.0,1.0,1.0,0.8929,1.0
5721,1.0,1.0,1.0,1.0,0.8929,1.0
5722,1.0,1.0,1.0,1.0,0.926,1.0
5723,1.0,1.0,1.0,1.0,0.9558,1.0
5724,1.0,1.0,1.0,1.0,0.9795,1.0
5725,1.0,1.0,1.0,1.0,0.9948,1.0
5726,1.0,1.0,1.0,1.0,1.0,1.0
5727,1.0,1.0,1.0,1.0,0.9948,1.0
5728,1.0,1.0,1.0,1.0,0.9795,1.0
5729,1.0,1.0,1.0,1.0,0.9558,1.0
5730,1.0,1.0,1.0,1.0,0.926,1.0
5731,1.0,1.0,1.0,1.0,0.8929,1.0
5732,1.0,0.7,1.0,1.0,0.8929,1.0
5733,1.0,0.7,1.0,1.0,0.8929,1.0
5734,0.6,0.7,0.6,0.6,0.5357,0.6
5735,0.6,0.7,0.6,0.6,0.5357,0.6
5736,0.6,0.7,0.6,0.6,0.5357,0.6
5737,0.6,0.7,0.6,0.6,0.5357,0.6
5738,0.6,0.7,0.6,0.6,0.5357,0.6
5739,0.6,0.7,0.6,0.6,0.5357,0.6
5740,0.6,0.7,0.6,0.6,0.5357,0.6
5741,0.6,0.7,0.6,0.6,0.5357,0.6
5742,1.0,1.0,1.0,1.0,0.8929,1.0
5743,1.0,1.0,1.0,1.0,0.8929,1.0
5744,1.0,1.0,1.0,1.0,0.8929,1.0
5745,1.0,1.0,1.0,1.0,0.8929,1.0
5746,1.0,1.0,1.0,1.0,0.926,1.0
5747,1.0,1.0,1.0,1.0,0.9558,1.0
5748,1.0,1.0,1.0,1.0,0.9795,1.0
5749,1.0,1.0,1.0,1.0,0.9948,1.0
5750,1.0,1.0,1.0,1.0,1.0,1.0
5751,1.0,1.0,1.0,1.0,0.9948,1.0
5752,1.0,1.0,1.0,1.0,0.9795,1.0
5753,1.0,1.0,1.0,1.0,0.9558,1.0
5754,1.0,1.0,1.0,1.0,0.926,1.0
5755,1.0,1.0,1.0,1.0,0.8929,1.0
5756,1.0,0.7,1.0,1.0,0.8929,1.0
5757,1.0,0.7,1.0,1.0,0.8929,1.0
5758,0.6,0.7,0.6,0.6,0.5357,0.6
5759,0.6,0.7,0.6,0.6,0.5357,0.6
5760,0.6,0.7,0.6,0.6,0.5357,0.6
5761,0.6,0.7,0.6,0.6,0.5357,0.6
5762,0.6,0.7,0.6,0.6,0.5357,0.6
5763,0.6,0.7,0.6,0.6,0.5357,0.6
5764,0.6,0.7,0.6,0.6,0.5357,0.6
5765,0.6,0.7,0.6,0.6,0.5357,0.6
5766,1.0,1.0,1.0,1.0,0.8929,1.0
5767,1.0,1.0,1.0,1.0,0.8929,1.0
5768,1.0,1.0,1.0,1.0,0.8929,1.0
5769,1.0,1.0,1.0,1.0,0.8929,1.0
5770,1.0,1.0,1.0,1.0,0.926,1.0
5771,1.0,1.0,1.0,1.0,0.9558,1.0
5772,1.0,1.0,1.0,1.0,0.9795,1.0
5773,1.0,1.0,1.0,1.0,0.9948,1.0
5774,1.0,1.0,1.0,1.0,1.0,1.0
5775,1.0,1.0,1.0,1.0,0.9948,1.0
5776,1.0,1.0,1.0,1.0,0.9795,1.0
5777,1.0,1.0,1.0,1.0,0.9558,1.0
5778,1.0,1.0,1.0,1.0,0.926,1.0
5779,1.0,1.0,1.0,1.0,0.8929,1.0
5780,1.0,0.7,1.0,1.0,0.8929,1.0
5781,1.0,0.7,1.0,1.0,0.8929,1.0
5782,0.6,0.7,0.6,0.6,0.5357,0.6
5783,0.6,0.7,0.6,0.6,0.5357,0.6
5784,0.6,0.7,0.6,0.6,0.5357,0.6
5785,0.6,0.7,0.6,0.6,0.5357,0.6
5786,0.6,0.7,0.6,0.6,0.5357,0.6
5787,0.6,0.7,0.6,0.6,0.5357,0.6
5788,0.6,0.7,0.6,0.6,0.5357,0.6
5789,0.6,0.7,0.6,0.6,0.5357,0.6
5790,1.0,1.0,1.0,1.0,0.8929,1.0
5791,1.0,1.0,1.0,1.0,0.8929,1.0
5792,1.0,1.0,1.0,1.0,0.8929,1.0
5793,1.0,1.0,1.0,1.0,0.8929,1.0
5794,1.0,1.0,1.0,1.0,0.926,1.0
5795,1.0,1.0,1.0,1.0,0.9558,1.0
5796,1.0,1.0,1.0,1.0,0.9795,1.0
5797,1.0,1.0,1.0,1.0,0.9948,1.0
5798,1.0,1.0,1.0,1.0,1.0,1.0
5799,1.0,1.0,1.0,1.0,0.9948,1.0
5800,1.0,1.0,1.0,1.0,0.9795,1.0
5801,1.0,1.0,1.0,1.0,0.9558,1.0
5802,1.0,1.0,1.0,1.0,0.926,1.0
5803,1.0,1.0,1.0,1.0,0.8929,1.0
5804,1.0,0.7,1.0,1.0,0.8929,1.0
5805,1.0,0.7,1.0,1.0,0.8929,1.0
5806,0.6,0.7,0.6,0.6,0.5357,0.6
5807,0.6,0.7,0.6,0.6,0.5357,0.6
5808,0.6,0.7,0.6,0.6,0.5357,0.6
5809,0.6,0.7,0.6,0.6,0.5357,0.6
5810,0.6,0.7,0.6,0.6,0.5357,0.6
5811,0.6,0.7,0.6,0.6,0.5357,0.6
5812,0.6,0.7,0.6,0.6,0.5357,0.6
5813,0.6,0.7,0.6,0.6,0.5357,0.6
5814,1.0,1.0,1.0,1.0,0.8929,1.0
5815,1.0,1.0,1.0,1.0,0.8929,1.0
5816,1.0,1.0,1.0,1.0,0.8929,1.0
5817,1.0,1.0,1.0,1.0,0.8929,1.0
5818,1.0,1.0,1.0,1.0,0.926,1.0
5819,1.0,1.0,1.0,1.0,0.9558,1.0
5820,1.0,1.0,1.0,1.0,0.9795,1.0
5821,1.0,1.0,1.0,1.0,0.9948,1.0
5822,1.0,1.0,1.0,1.0,1.0,1.0
5823,1.0,1.0,1.0,1.0,0.9948,1.0
5824,1.0,1.0,1.0,1.0,0.9795,1.0
5825,1.0,1.0,1.0,1.0,0.9558,1.0
5826,1.0,1.0,1.0,1.0,0.926,1.0
5827,1.0,1.0,1.0,1.0,0.8929,1.0
5828,1.0,0.7,1.0,1.0,0.8929,1.0
5829,1.0,0.7,1.0,1.0,0.8929,1.0
5830,0.6,0.7,0.6,0.6,0.5357,0.6
5831,0.6,0.7,0.6,0.6,0.5357,0.6
5832,0.6,0.7,0.6,0.6,0.5357,0.6
5833,0.6,0.7,0.6,0.6,0.5357,0.6
5834,0.6,0.7,0.6,0.6,0.5357,0.6
5835,0.6,0.7,0.6,0.6,0.5357,0.6
5836,0.6,0.7,0.6,0.6,0.5357,0.6
5837,0.6,0.7,0.6,0.6,0.5357,0.6
5838,1.0,1.0,1.0,1.0,0.8929,1.0
5839,1.0,1.0,1.0,1.0,0.8929,1.0
5840,1.0,1.0,1.0,1.0,0.8929,1.0
5841,1.0,1.0,1.0,1.0,0.8929,1.0
5842,1.0,1.0,1.0,1.0,0.926,1.0
5843,1.0,1.0,1.0,1.0,0.9558,1.0
5844,1.0,1.0,1.0,1.0,0.9795,1.0
5845,1.0,1.0,1.0,1.0,0.9948,1.0
5846,1.0,1.0,1.0,1.0,1.0,1.0
5847,1.0,1.0,1.0,1.0,0.9948,1.0
5848,1.0,1.0,1.0,1.0,0.9795,1.0
5849,1.0,1.0,1.0,1.0,0.9558,1.0
5850,1.0,1.0,1.0,1.0,0.926,1.0
5851,1.0,1.0,1.0,1.0,0.8929,1.0
5852,1.0,0.7,1.0,1.0,0.8929,1.0
5853,1.0,0.7,1.0,1.0,0.8929,1.0
5854,0.6,0.7,0.6,0.6,0.5357,0.6
5855,0.6,0.7,0.6,0.6,0.5357,0.6
5856,0.6,0.7,0.6,0.6,0.5357,0.6
5857,0.6,0.7,0.6,0.6,0.5357,0.6
5858,0.6,0.7,0.6,0.6,0.5357,0.6
5859,0.6,0.7,0.6,0.6,0.5357,0.6
5860,0.6,0.7,0.6,0.6,0.5357,0.6
5861,0.6,0.7,0.6,0.6,0.5357,0.6
5862,1.0,1.0,1.0,1.0,0.8929,1.0
5863,1.0,1.0,1.0,1.0,0.8929,1.0
5864,1.0,1.0,1.0,1.0,0.8929,1.0
5865,1.0,1.0,1.0,1.0,0.8929,1.0
5866,1.0,1.0,1.0,1.0,0.926,1.0
5867,1.0,1.0,1.0,1.0,0.9558,1.0
5868,1.0,1.0,1.0,1.0,0.9795,1.0
5869,1.0,1.0,1.0,1.0,0.9948,1.0
5870,1.0,1.0,1.0,1.0,1.0,1.0
5871,1.0,1.0,1.0,1.0,0.9948,1.0
5872,1.0,1.0,1.0,1.0,0.9795,1.0
5873,1.0,1.0,1.0,1.0,0.9558,1.0
5874,1.0,1.0,1.0,1.0,0.926,1.0
5875,1.0,1.0,1.0,1.0,0.8929,1.0
5876,1.0,0.7,1.0,1.0,0.8929,1.0
5877,1.0,0.7,1.0,1.0,0.8929,1.0
5878,0.6,0.7,0.6,0.6,0.5357,0.6
5879,0.6,0.7,0.6,0.6,0.5357,0.6
5880,0.6,0.7,0.6,0.6,0.5357,0.6
5881,0.6,0.7,0.6,0.6,0.5357,0.6
5882,0.6,0.7,0.6,0.6,0.5357,0.6
5883,0.6,0.7,0.6,0.6,0.5357,0.6
5884,0.6,0.7,0.6,0.6,0.5357,0.6
5885,0.6,0.7,0.6,0.6,0.5357,0.6
5886,1.0,1.0,1.0,1.0,0.8929,1.0
5887,1.0,1.0,1.0,1.0,0.8929,1.0
5888,1.0,1.0,1.0,1.0,0.8929,1.0
5889,1.0,1.0,1.0,1.0,0.8929,1.0
5890,1.0,1.0,1.0,1.0,0.926,1.0
5891,1.0,1.0,1.0,1.0,0.9558,1.0
5892,1.0,1.0,1.0,1.0,0.9795,1.0
5893,1.0,1.0,1.0,1.0,0.9948,1.0
5894,1.0,1.0,1.0,1.0,1.0,1.0
5895,1.0,1.0,1.0,1.0,0.9948,1.0
5896,1.0,1.0,1.0,1.0,0.9795,1.0
5897,1.0,1.0,1.0,1.0,0.9558,1.0
5898,1.0,1.0,1.0,1.0,0.926,1.0
5899,1.0,1.0,1.0,1.0,0.8929,1.0
5900,1.0,0.7,1.0,1.0,0.8929,1.0
5901,1.0,0.7,1.0,1.0,0.8929,1.0
5902,0.6,0.7,0.6,0.6,0.5357,0.6
5903,0.6,0.7,0.6,0.6,0.5357,0.6
5904,0.6,0.7,0.6,0.6,0.5357,0.6
5905,0.6,0.7,0.6,0.6,0.5357,0.6
5906,0.6,0.7,0.6,0.6,0.5357,0.6
5907,0.6,0.7,0.6,0.6,0.5357,0.6
5908,0.6,0.7,0.6,0.6,0.5357,0.6
5909,0.6,0.7,0.6,0.6,0.5357,0.6
5910,1.0,1.0,1.0,1.0,0.8929,1.0
5911,1.0,1.0,1.0,1.0,0.8929,1.0
5912,1.0,1.0,1.0,1.0,0.8929,1.0
5913,1.0,1.0,1.0,1.0,0.8929,1.0
5914,1.0,1.0,1.0,1.0,0.926,1.0
5915,1.0,1.0,1.0,1.0,0.9558,1.0
5916,1.0,1.0,1.0,1.0,0.9795,1.0
5917,1.0,1.0,1.0,1.0,0.9948,1.0
5918,1.0,1.0,1.0,1.0,1.0,1.0
5919,1.0,1.0,1.0,1.0,0.9948,1.0
5920,1.0,1.0,1.0,1.0,0.9795,1.0
5921,1.0,1.0,1.0,1.0,0.9558,1.0
5922,1.0,1.0,1.0,1.0,0.926,1.0
5923,1.0,1.0,1.0,1.0,0.8929,1.0
5924,1.0,0.7,1.0,1.0,0.8929,1.0
5925,1.0,0.7,1.0,1.0,0.8929,1.0
5926,0.6,0.7,0.6,0.6,0.5357,0.6
5927,0.6,0.7,0.6,0.6,0.5357,0.6
5928,0.6,0.7,0.6,0.6,0.5357,0.6
5929,0.6,0.7,0.6,0.6,0.5357,0.6
5930,0.6,0.7,0.6,0.6,0.5357,0.6
5931,0.6,0.7,0.6,0.6,0.5357,0.6
5932,0.6,0.7,0.6,0.6,0.5357,0.6
5933,0.6,0.7,0.6,0.6,0.5357,0.6
5934,1.0,1.0,1.0,1.0,0.8929,1.0
5935,1.0,1.0,1.0,1.0,0.8929,1.0
5936,1.0,1.0,1.0,1.0,0.8929,1.0
5937,1.0,1.0,1.0,1.0,0.8929,1.0
5938,1.0,1.0,1.0,1.0,0.926,1.0
5939,1.0,1.0,1.0,1.0,0.9558,1.0
5940,1.0,1.0,1.0,1.0,0.9795,1.0
5941,1.0,1.0,1.0,1.0,0.9948,1.0
5942,1.0,1.0,1.0,1.0,1.0,1.0
5943,1.0,1.0,1.0,1.0,0.9948,1.0
5944,1.0,1.0,1.0,1.0,0.9795,1.0
5945,1.0,1.0,1.0,1.0,0.9558,1.0
5946,1.0,1.0,1.0,1.0,0.926,1.0
5947,1.0,1.0,1.0,1.0,0.8929,1.0
5948,1.0,0.7,1.0,1.0,0.8929,1.0
5949,1.0,0.7,1.0,1.0,0.8929,1.0
5950,0.6,0.7,0.6,0.6,0.5357,0.6
5951,0.6,0.7,0.6,0.6,0.5357,0.6
5952,0.6,0.7,0.6,0.6,0.5357,0.6
5953,0.6,0.7,0.6,0.6,0.5357,0.6
5954,0.6,0.7,0.6,0.6,0.5357,0.6
5955,0.6,0.7,0.6,0.6,0.5357,0.6
5956,0.6,0.7,0.6,0.6,0.5357,0.6
5957,0.6,0.7,0.6,0.6,0.5357,0.6
5958,1.0,1.0,1.0,1.0,0.8929,1.0
5959,1.0,1.0,1.0,1.0,0.8929,1.0
5960,1.0,1.0,1.0,1.0,0.8929,1.0
5961,1.0,1.0,1.0,1.0,0.8929,1.0
5962,1.0,1.0,1.0,1.0,0.926,1.0
5963,1.0,1.0,1.0,1.0,0.9558,1.0
5964,1.0,1.0,1.0,1.0,0.9795,1.0
5965,1.0,1.0,1.0,1.0,0.9948,1.0
5966,1.0,1.0,1.0,1.0,1.0,1.0
5967,1.0,1.0,1.0,1.0,0.9948,1.0
5968,1.0,1.0,1.0,1.0,0.9795,1.0
5969,1.0,1.0,1.0,1.0,0.9558,1.0
5970,1.0,1.0,1.0,1.0,0.926,1.0
5971,1.0,1.0,1.0,1.0,0.8929,1.0
5972,1.0,0.7,1.0,1.0,0.8929,1.0
5973,1.0,0.7,1.0,1.0,0.8929,1.0
5974,0.6,0.7,0.6,0.6,0.5357,0.6
5975,0.6,0.7,0.6,0.6,0.5357,0.6
5976,0.6,0.7,0.6,0.6,0.5357,0.6
5977,0.6,0.7,0.6,0.6,0.5357,0.6
5978,0.6,0.7,0.6,0.6,0.5357,0.6
5979,0.6,0.7,0.6,0.6,0.5357,0.6
5980,0.6,0.7,0.6,0.6,0.5357,0.6
5981,0.6,0.7,0.6,0.6,0.5357,0.6
5982,1.0,1.0,1.0,1.0,0.8929,1.0
5983,1.0,1.0,1.0,1.0,0.8929,1.0
5984,1.0,1.0,1.0,1.0,0.8929,1.0
5985,1.0,1.0,1.0,1.0,0.8929,1.0
5986,1.0,1.0,1.0,1.0,0.926,1.0
5987,1.0,1.0,1.0,1.0,0.9558,1.0
5988,1.0,1.0,1.0,1.0,0.9795,1.0
5989,1.0,1.0,1.0,1.0,0.9948,1.0
5990,1.0,1.0,1.0,1.0,1.0,1.0
5991,1.0,1.0,1.0,1.0,0.9948,1.0
5992,1.0,1.0,1.0,1.0,0.9795,1.0
5993,1.0,1.0,1.0,1.0,0.9558,1.0
5994,1.0,1.0,1.0,1.0,0.926,1.0
5995,1.0,1.0,1.0,1.0,0.8929,1.0
5996,1.0,0.7,1.0,1.0,0.8929,1.0
5997,1.0,0.7,1.0,1.0,0.8929,1.0
5998,0.6,0.7,0.6,0.6,0.5357,0.6
5999,0.6,0.7,0.6,0.6,0.5357,0.6
6000,0.6,0.7,0.6,0.6,0.5357,0.6
6001,0.6,0.7,0.6,0.6,0.5357,0.6
6002,0.6,0.7,0.6,0.6,0.5357,0.6
6003,0.6,0.7,0.6,0.6,0.5357,0.6
6004,0.6,0.7,0.6,0.6,0.5357,0.6
6005,0.6,0.7,0.6,0.6,0.5357,0.6
6006,1.0,1.0,1.0,1.0,0.8929,1.0
6007,1.0,1.0,1.0,1.0,0.8929,1.0
6008,1.0,1.0,1.0,1.0,0.8929,1.0
6009,1.0,1.0,1.0,1.0,0.8929,1.0
6010,1.0,1.0,1.0,1.0,0.926,1.0
6011,1.0,1.0,1.0,1.0,0.9558,1.0
6012,1.0,1.0,1.0,1.0,0.9795,1.0
6013,1.0,1.0,1.0,1.0,0.9948,1.0
6014,1.0,1.0,1.0,1.0,1.0,1.0
6015,1.0,1.0,1.0,1.0,0.9948,1.0
6016,1.0,1.0,1.0,1.0,0.9795,1.0
6017,1.0,1.0,1.0,1.0,0.9558,1.0
6018,1.0,1.0,1.0,1.0,0.926,1.0
6019,1.0,1.0,1.0,1.0,0.8929,1.0
6020,1.0,0.7,1.0,1.0,0.8929,1.0
6021,1.0,0.7,1.0,1.0,0.8929,1.0
6022,0.6,0.7,0.6,0.6,0.5357,0.6
6023,0.6,0.7,0.6,0.6,0.5357,0.6
6024,0.6,0.7,0.6,0.6,0.5357,0.6
6025,0.6,0.7,0.6,0.6,0.5357,0.6
6026,0.6,0.7,0.6,0.6,0.5357,0.6
6027,0.6,0.7,0.6,0.6,0.5357,0.6
6028,0.6,0.7,0.6,0.6,0.5357,0.6
6029,0.6,0.7,0.6,0.6,0.5357,0.6
6030,1.0,1.0,1.0,1.0,0.8929,1.0
6031,1.0,1.0,1.0,1.0,0.8929,1.0
6032,1.0,1.0,1.0,1.0,0.8929,1.0
6033,1.0,1.0,1.0,1.0,0.8929,1.0
6034,1.0,1.0,1.0,1.0,0.926,1.0
6035,1.0,1.0,1.0,1.0,0.9558,1.0
6036,1.0,1.0,1.0,1.0,0.9795,1.0
6037,1.0,1.0,1.0,1.0,0.9948,1.0
6038,1.0,1.0,1.0,1.0,1.0,1.0
6039,1.0,1.0,1.0,1.0,0.9948,1.0
6040,1.0,1.0,1.0,1.0,0.9795,1.0
6041,1.0,1.0,1.0,1.0,0.9558,1.0
6042,1.0,1.0,1.0,1.0,0.926,1.0
6043,1.0,1.0,1.0,1.0,0.8929,1.0
6044,1.0,0.7,1.0,1.0,0.8929,1.0
6045,1.0,0.7,1.0,1.0,0.8929,1.0
6046,0.6,0.7,0.6,0.6,0.5357,0.6
6047,0.6,0.7,0.6,0.6,0.5357,0.6
6048,0.6,0.7,0.6,0.6,0.5357,0.6
6049,0.6,0.7,0.6,0.6,0.5357,0.6
6050,0.6,0.7,0.6,0.6,0.5357,0.6
6051,0.6,0.7,0.6,0.6,0.5357,0.6
6052,0.6,0.7,0.6,0.6,0.5357,0.6
6053,0.6,0.7,0.6,0.6,0.5357,0.6
6054,1.0,1.0,1.0,1.0,0.8929,1.0
6055,1.0,1.0,1.0,1.0,0.8929,1.0
6056,1.0,1.0,1.0,1.0,0.8929,1.0
6057,1.0,1.0,1.0,1.0,0.8929,1.0
6058,1.0,1.0,1.0,1.0,0.926,1.0
6059,1.0,1.0,1.0,1.0,0.9558,1.0
6060,1.0,1.0,1.0,1.0,0.9795,1.0
6061,1.0,1.0,1.0,1.0,0.9948,1.0
6062,1.0,1.0,1.0,1.0,1.0,1.0
6063,1.0,1.0,1.0,1.0,0.9948,1.0
6064,1.0,1.0,1.0,1.0,0.9795,1.0
6065,1.0,1.0,1.0,1.0,0.9558,1.0
6066,1.0,1.0,1.0,1.0,0.926,1.0
6067,1.0,1.0,1.0,1.0,0.8929,1.0
6068,1.0,0.7,1.0,1.0,0.8929,1.0
6069,1.0,0.7,1.0,1.0,0.8929,1.0
6070,0.6,0.7,0.6,0.6,0.5357,0.6
6071,0.6,0.7,0.6,0.6,0.5357,0.6
6072,0.6,0.7,0.6,0.6,0.5357,0.6
6073,0.6,0.7,0.6,0.6,0.5357,0.6
6074,0.6,0.7,0.6,0.6,0.5357,0.6
6075,0.6,0.7,0.6,0.6,0.5357,0.6
6076,0.6,0.7,0.6,0.6,0.5357,0.6
6077,0.6,0.7,0.6,0.6,0.5357,0.6
6078,1.0,1.0,1.0,1.0,0.8929,1.0
6079,1.0,1.0,1.0,1.0,0.8929,1.0
6080,1.0,1.0,1.0,1.0,0.8929,1.0
6081,1.0,1.0,1.0,1.0,0.8929,1.0
6082,1.0,1.0,1.0,1.0,0.926,1.0
6083,1.0,1.0,1.0,1.0,0.9558,1.0
6084,1.0,1.0,1.0,1.0,0.9795,1.0
6085,1.0,1.0,1.0,1.0,0.9948,1.0
6086,1.0,1.0,1.0,1.0,1.0,1.0
6087,1.0,1.0,1.0,1.0,0.9948,1.0
6088,1.0,1.0,1.0,1.0,0.9795,1.0
6089,1.0,1.0,1.0,1.0,0.9558,1.0
6090,1.0,1.0,1.0,1.0,0.926,1.0
6091,1.0,1.0,1.0,1.0,0.8929,1.0
6092,1.0,0.7,1.0,1.0,0.8929,1.0
6093,1.0,0.7,1.0,1.0,0.8929,1.0
6094,0.6,0.7,0.6,0.6,0.5357,0.6
6095,0.6,0.7,0.6,0.6,0.5357,0.6
6096,0.6,0.7,0.6,0.6,0.5357,0.6
6097,0.6,0.7,0.6,0.6,0.5357,0.6
6098,0.6,0.7,0.6,0.6,0.5357,0.6
6099,0.6,0.7,0.6,0.6,0.5357,0.6
6100,0.6,0.7,0.6,0.6,0.5357,0.6
6101,0.6,0.7,0.6,0.6,0.5357,0.6
6102,1.0,1.0,1.0,1.0,0.8929,1.0
6103,1.0,1.0,1.0,1.0,0.8929,1.0
6104,1.0,1.0,1.0,1.0,0.8929,1.0
6105,1.0,1.0,1.0,1.0,0.8929,1.0
6106,1.0,1.0,1.0,1.0,0.926,1.0
6107,1.0,1.0,1.0,1.0,0.9558,1.0
6108,1.0,1.0,1.0,1.0,0.9795,1.0
6109,1.0,1.0,1.0,1.0,0.9948,1.0
6110,1.0,1.0,1.0,1.0,1.0,1.0
6111,1.0,1.0,1.0,1.0,0.9948,1.0
6112,1.0,1.0,1.0,1.0,0.9795,1.0
6113,1.0,1.0,1.0,1.0,0.9558,1.0
6114,1.0,1.0,1.0,1.0,0.926,1.0
6115,1.0,1.0,1.0,1.0,0.8929,1.0
6116,1.0,0.7,1.0,1.0,0.8929,1.0
6117,1.0,0.7,1.0,1.0,0.8929,1.0
6118,0.6,0.7,0.6,0.6,0.5357,0.6
6119,0.6,0.7,0.6,0.6,0.5357,0.6
6120,0.6,0.7,0.6,0.6,0.5357,0.6
6121,0.6,0.7,0.6,0.6,0.5357,0.6
6122,0.6,0.7,0.6,0.6,0.5357,0.6
6123,0.6,0.7,0.6,0.6,0.5357,0.6
6124,0.6,0.7,0.6,0.6,0.5357,0.6
6125,0.6,0.7,0.6,0.6,0.5357,0.6
6126,1.0,1.0,1.0,1.0,0.8929,1.0
6127,1.0,1.0,1.0,1.0,0.8929,1.0
6128,1.0,1.0,1.0,1.0,0.8929,1.0
6129,1.0,1.0,1.0,1.0,0.8929,1.0
6130,1.0,1.0,1.0,1.0,0.926,1.0
6131,1.0,1.0,1.0,1.0,0.9558,1.0
6132,1.0,1.0,1.0,1.0,0.9795,1.0
6133,1.0,1.0,1.0,1.0,0.9948,1.0
6134,1.0,1.0,1.0,1.0,1.0,1.0
6135,1.0,1.0,1.0,1.0,0.9948,1.0
6136,1.0,1.0,1.0,1.0,0.9795,1.0
6137,1.0,1.0,1.0,1.0,0.9558,1.0
6138,1.0,1.0,1.0,1.0,0.926,1.0
6139,1.0,1.0,1.0,1.0,0.8929,1.0
6140,1.0,0.7,1.0,1.0,0.8929,1.0
6141,1.0,0.7,1.0,1.0,0.8929,1.0
6142,0.6,0.7,0.6,0.6,0.5357,0.6
6143,0.6,0.7,0.6,0.6,0.5357,0.6
6144,0.6,0.7,0.6,0.6,0.5357,0.6
6145,0.6,0.7,0.6,0.6,0.5357,0.6
6146,0.6,0.7,0.6,0.6,0.5357,0.6
6147,0.6,0.7,0.6,0.6,0.5357,0.6
6148,0.6,0.7,0.6,0.6,0.5357,0.6
6149,0.6,0.7,0.6,0.6,0.5357,0.6
6150,1.0,1.0,1.0,1.0,0.8929,1.0
6151,1.0,1.0,1.0,1.0,0.8929,1.0
6152,1.0,1.0,1.0,1.0,0.8929,1.0
6153,1.0,1.0,1.0,1.0,0.8929,1.0
6154,1.0,1.0,1.0,1.0,0.926,1.0
6155,1.0,1.0,1.0,1.0,0.9558,1.0
6156,1.0,1.0,1.0,1.0,0.9795,1.0
6157,1.0,1.0,1.0,1.0,0.9948,1.0
6158,1.0,1.0,1.0,1.0,1.0,1.0
6159,1.0,1.0,1.0,1.0,0.9948,1.0
6160,1.0,1.0,1.0,1.0,0.9795,1.0
6161,1.0,1.0,1.0,1.0,0.9558,1.0
6162,1.0,1.0,1.0,1.0,0.926,1.0
6163,1.0,1.0,1.0,1.0,0.8929,1.0
6164,1.0,0.7,1.0,1.0,0.8929,1.0
6165,1.0,0.7,1.0,1.0,0.8929,1.0
6166,0.6,0.7,0.6,0.6,0.5357,0.6
6167,0.6,0.7,0.6,0.6,0.5357,0.6
6168,0.6,0.7,0.6,0.6,0.5357,0.6
6169,0.6,0.7,0.6,0.6,0.5357,0.6
6170,0.6,0.7,0.6,0.6,0.5357,0.6
6171,0.6,0.7,0.6,0.6,0.5357,0.6
6172,0.6,0.7,0.6,0.6,0.5357,0.6
6173,0.6,0.7,0.6,0.6,0.5357,0.6
6174,1.0,1.0,1.0,1.0,0.8929,1.0
6175,1.0,1.0,1.0,1.0,0.8929,1.0
6176,1.0,1.0,1.0,1.0,0.8929,1.0
6177,1.0,1.0,1.0,1.0,0.8929,1.0
6178,1.0,1.0,1.0,1.0,0.926,1.0
6179,1.0,1.0,1.0,1.0,0.9558,1.0
6180,1.0,1.0,1.0,1.0,0.9795,1.0
6181,1.0,1.0,1.0,1.0,0.9948,1.0
6182,1.0,1.0,1.0,1.0,1.0,1.0
6183,1.0,1.0,1.0,1.0,0.9948,1.0
6184,1.0,1.0,1.0,1.0,0.9795,1.0
6185,1.0,1.0,1.0,1.0,0.9558,1.0
6186,1.0,1.0,1.0,1.0,0.926,1.0
6187,1.0,1.0,1.0,1.0,0.8929,1.0
6188,1.0,0.7,1.0,1.0,0.8929,1.0
6189,1.0,0.7,1.0,1.0,0.8929,1.0
6190,0.6,0.7,0.6,0.6,0.5357,0.6
6191,0.6,0.7,0.6,0.6,0.5357,0.6
6192,0.6,0.7,0.6,0.6,0.5357,0.6
6193,0.6,0.7,0.6,0.6,0.5357,0.6
6194,0.6,0.7,0.6,0.6,0.5357,0.6
6195,0.6,0.7,0.6,0.6,0.5357,0.6
6196,0.6,0.7,0.6,0.6,0.5357,0.6
6197,0.6,0.7,0.6,0.6,0.5357,0.6
6198,1.0,1.0,1.0,1.0,0.8929,1.0
6199,1.0,1.0,1.0,1.0,0.8929,1.0
6200,1.0,1.0,1.0,1.0,0.8929,1.0
6201,1.0,1.0,1.0,1.0,0.8929,1.0
6202,1.0,1.0,1.0,1.0,0.926,1.0
6203,1.0,1.0,1.0,1.0,0.9558,1.0
6204,1.0,1.0,1.0,1.0,0.9795,1.0
6205,1.0,1.0,1.0,1.0,0.9948,1.0
6206,1.0,1.0,1.0,1.0,1.0,1.0
6207,1.0,1.0,1.0,1.0,0.9948,1.0
6208,1.0,1.0,1.0,1.0,0.9795,1.0
6209,1.0,1.0,1.0,1.0,0.9558,1.0
6210,1.0,1.0,1.0,1.0,0.926,1.0
6211,1.0,1.0,1.0,1.0,0.8929,1.0
6212,1.0,0.7,1.0,1.0,0.8929,1.0
6213,1.0,0.7,1.0,1.0,0.8929,1.0
6214,0.6,0.7,0.6,0.6,0.5357,0.6
6215,0.6,0.7,0.6,0.6,0.5357,0.6
6216,0.6,0.7,0.6,0.6,0.5357,0.6
6217,0.6,0.7,0.6,0.6,0.5357,0.6
6218,0.6,0.7,0.6,0.6,0.5357,0.6
6219,0.6,0.7,0.6,0.6,0.5357,0.6
6220,0.6,0.7,0.6,0.6,0.5357,0.6
6221,0.6,0.7,0.6,0.6,0.5357,0.6
6222,1.0,1.0,1.0,1.0,0.8929,1.0
6223,1.0,1.0,1.0,1.0,0.8929,1.0
6224,1.0,1.0,1.0,1.0,0.8929,1.0
6225,1.0,1.0,1.0,1.0,0.8929,1.0
6226,1.0,1.0,1.0,1.0,0.926,1.0
6227,1.0,1.0,1.0,1.0,0.9558,1.0
6228,1.0,1.0,1.0,1.0,0.9795,1.0
6229,1.0,1.0,1.0,1.0,0.9948,1.0
6230,1.0,1.0,1.0,1.0,1.0,1.0
6231,1.0,1.0,1.0,1.0,0.9948,1.0
6232,1.0,1.0,1.0,1.0,0.9795,1.0
6233,1.0,1.0,1.0,1.0,0.9558,1.0
6234,1.0,1.0,1.0,1.0,0.926,1.0
6235,1.0,1.0,1.0,1.0,0.8929,1.0
6236,1.0,0.7,1.0,1.0,0.8929,1.0
6237,1.0,0.7,1.0,1.0,0.8929,1.0
6238,0.6,0.7,0.6,0.6,0.5357,0.6
6239,0.6,0.7,0.6,0.6,0.5357,0.6
6240,0.6,0.7,0.6,0.6,0.5357,0.6
6241,0.6,0.7,0.6,0.6,0.5357,0.6
6242,0.6,0.7,0.6,0.6,0.5357,0.6
6243,0.6,0.7,0.6,0.6,0.5357,0.6
6244,0.6,0.7,0.6,0.6,0.5357,0.6
6245,0.6,0.7,0.6,0.6,0.5357,0.6
6246,1.0,1.0,1.0,1.0,0.8929,1.0
6247,1.0,1.0,1.0,1.0,0.8929,1.0
6248,1.0,1.0,1.0,1.0,0.8929,1.0
6249,1.0,1.0,1.0,1.0,0.8929,1.0
6250,1.0,1.0,1.0,1.0,0.926,1.0
6251,1.0,1.0,1.0,1.0,0.9558,1.0
6252,1.0,1.0,1.0,1.0,0.9795,1.0
6253,1.0,1.0,1.0,1.0,0.9948,1.0
6254,1.0,1.0,1.0,1.0,1.0,1.0
6255,1.0,1.0,1.0,1.0,0.9948,1.0
6256,1.0,1.0,1.0,1.0,0.9795,1.0
6257,1.0,1.0,1.0,1.0,0.9558,1.0
6258,1.0,1.0,1.0,1.0,0.926,1.0
6259,1.0,1.0,1.0,1.0,0.8929,1.0
6260,1.0,0.7,1.0,1.0,0.8929,1.0
6261,1.0,0.7,1.0,1.0,0.8929,1.0
6262,0.6,0.7,0.6,0.6,0.5357,0.6
6263,0.6,0.7,0.6,0.6,0.5357,0.6
6264,0.6,0.7,0.6,0.6,0.5357,0.6
6265,0.6,0.7,0.6,0.6,0.5357,0.6
6266,0.6,0.7,0.6,0.6,0.5357,0.6
6267,0.6,0.7,0.6,0.6,0.5357,0.6
6268,0.6,0.7,0.6,0.6,0.5357,0.6
6269,0.6,0.7,0.6,0.6,0.5357,0.6
6270,1.0,1.0,1.0,1.0,0.8929,1.0
6271,1.0,1.0,1.0,1.0,0.8929,1.0
6272,1.0,1.0,1.0,1.0,0.8929,1.0
6273,1.0,1.0,1.0,1.0,0.8929,1.0
6274,1.0,1.0,1.0,1.0,0.926,1.0
6275,1.0,1.0,1.0,1.0,0.9558,1.0
6276,1.0,1.0,1.0,1.0,0.9795,1.0
6277,1.0,1.0,1.0,1.0,0.9948,1.0
6278,1.0,1.0,1.0,1.0,1.0,1.0
6279,1.0,1.0,1.0,1.0,0.9948,1.0
6280,1.0,1.0,1.0,1.0,0.9795,1.0
6281,1.0,1.0,1.0,1.0,0.9558,1.0
6282,1.0,1.0,1.0,1.0,0.926,1.0
6283,1.0,1.0,1.0,1.0,0.8929,1.0
6284,1.0,0.7,1.0,1.0,0.8929,1.0
6285,1.0,0.7,1.0,1.0,0.8929,1.0
6286,0.6,0.7,0.6,0.6,0.5357,0.6
6287,0.6,0.7,0.6,0.6,0.5357,0.6
6288,0.6,0.7,0.6,0.6,0.5357,0.6
6289,0.6,0.7,0.6,0.6,0.5357,0.6
6290,0.6,0.7,0.6,0.6,0.5357,0.6
6291,0.6,0.7,0.6,0.6,0.5357,0.6
6292,0.6,0.7,0.6,0.6,0.5357,0.6
6293,0.6,0.7,0.6,0.6,0.5357,0.6
6294,1.0,1.0,1.0,1.0,0.8929,1.0
6295,1.0,1.0,1.0,1.0,0.8929,1.0
6296,1.0,1.0,1.0,1.0,0.8929,1.0
6297,1.0,1.0,1.0,1.0,0.8929,1.0
6298,1.0,1.0,1.0,1.0,0.926,1.0
6299,1.0,1.0,1.0,1.0,0.9558,1.0
6300,1.0,1.0,1.0,1.0,0.9795,1.0
6301,1.0,1.0,1.0,1.0,0.9948,1.0
6302,1.0,1.0,1.0,1.0,1.0,1.0
6303,1.0,1.0,1.0,1.0,0.9948,1.0
6304,1.0,1.0,1.0,1.0,0.9795,1.0
6305,1.0,1.0,1.0,1.0,0.9558,1.0
6306,1.0,1.0,1.0,1.0,0.926,1.0
6307,1.0,1.0,1.0,1.0,0.8929,1.0
6308,1.0,0.7,1.0,1.0,0.8929,1.0
6309,1.0,0.7,1.0,1.0,0.8929,1.0
6310,0.6,0.7,0.6,0.6,0.5357,0.6
6311,0.6,0.7,0.6,0.6,0.5357,0.6
6312,0.6,0.7,0.6,0.6,0.5357,0.6
6313,0.6,0.7,0.6,0.6,0.5357,0.6
6314,0.6,0.7,0.6,0.6,0.5357,0.6
6315,0.6,0.7,0.6,0.6,0.5357,0.6
6316,0.6,0.7,0.6,0.6,0.5357,0.6
6317,0.6,0.7,0.6,0.6,0.5357,0.6
6318,1.0,1.0,1.0,1.0,0.8929,1.0
6319,1.0,1.0,1.0,1.0,0.8929,1.0
6320,1.0,1.0,1.0,1.0,0.8929,1.0
6321,1.0,1.0,1.0,1.0,0.8929,1.0
6322,1.0,1.0,1.0,1.0,0.926,1.0
6323,1.0,1.0,1.0,1.0,0.9558,1.0
6324,1.0,1.0,1.0,1.0,0.9795,1.0
6325,1.0,1.0,1.0,1.0,0.9948,1.0
6326,1.0,1.0,1.0,1.0,1.0,1.0
6327,1.0,1.0,1.0,1.0,0.9948,1.0
6328,1.0,1.0,1.0,1.0,0.9795,1.0
6329,1.0,1.0,1.0,1.0,0.9558,1.0
6330,1.0,1.0,1.0,1.0,0.926,1.0
6331,1.0,1.0,1.0,1.0,0.8929,1.0
6332,1.0,0.7,1.0,1.0,0.8929,1.0
6333,1.0,0.7,1.0,1.0,0.8929,1.0
6334,0.6,0.7,0.6,0.6,0.5357,0.6
6335,0.6,0.7,0.6,0.6,0.5357,0.6
6336,0.6,0.7,0.6,0.6,0.5357,0.6
6337,0.6,0.7,0.6,0.6,0.5357,0.6
6338,0.6,0.7,0.6,0.6,0.5357,0.6
6339,0.6,0.7,0.6,0.6,0.5357,0.6
6340,0.6,0.7,0.6,0.6,0.5357,0.6
6341,0.6,0.7,0.6,0.6,0.5357,0.6
6342,1.0,1.0,1.0,1.0,0.8929,1.0
6343,1.0,1.0,1.0,1.0,0.8929,1.0
6344,1.0,1.0,1.0,1.0,0.8929,1.0
6345,1.0,1.0,1.0,1.0,0.8929,1.0
6346,1.0,1.0,1.0,1.0,0.926,1.0
6347,1.0,1.0,1.0,1.0,0.9558,1.0
6348,1.0,1.0,1.0,1.0,0.9795,1.0
6349,1.0,1.0,1.0,1.0,0.9948,1.0
6350,1.0,1.0,1.0,1.0,1.0,1.0
6351,1.0,1.0,1.0,1.0,0.9948,1.0
6352,1.0,1.0,1.0,1.0,0.9795,1.0
6353,1.0,1.0,1.0,1.0,0.9558,1.0
6354,1.0,1.0,1.0,1.0,0.926,1.0
6355,1.0,1.0,1.0,1.0,0.8929,1.0
6356,1.0,0.7,1.0,1.0,0.8929,1.0
6357,1.0,0.7,1.0,1.0,0.8929,1.0
6358,0.6,0.7,0.6,0.6,0.5357,0.6
6359,0.6,0.7,0.6,0.6,0.5357,0.6
6360,0.6,0.7,0.6,0.6,0.5357,0.6
6361,0.6,0.7,0.6,0.6,0.5357,0.6
6362,0.6,0.7,0.6,0.6,0.5357,0.6
6363,0.6,0.7,0.6,0.6,0.5357,0.6
6364,0.6,0.7,0.6,0.6,0.5357,0.6
6365,0.6,0.7,0.6,0.6,0.5357,0.6
6366,1.0,1.0,1.0,1.0,0.8929,1.0
6367,1.0,1.0,1.0,1.0,0.8929,1.0
6368,1.0,1.0,1.0,1.0,0.8929,1.0
6369,1.0,1.0,1.0,1.0,0.8929,1.0
6370,1.0,1.0,1.0,1.0,0.926,1.0
6371,1.0,1.0,1.0,1.0,0.9558,1.0
6372,1.0,1.0,1.0,1.0,0.9795,1.0
6373,1.0,1.0,1.0,1.0,0.9948,1.0
6374,1.0,1.0,1.0,1.0,1.0,1.0
6375,1.0,1.0,1.0,1.0,0.9948,1.0
6376,1.0,1.0,1.0,1.0,0.9795,1.0
6377,1.0,1.0,1.0,1.0,0.9558,1.0
6378,1.0,1.0,1.0,1.0,0.926,1.0
6379,1.0,1.0,1.0,1.0,0.8929,1.0
6380,1.0,0.7,1.0,1.0,0.8929,1.0
6381,1.0,0.7,1.0,1.0,0.8929,1.0
6382,0.6,0.7,0.6,0.6,0.5357,0.6
6383,0.6,0.7,0.6,0.6,0.5357,0.6
6384,0.6,0.7,0.6,0.6,0.5357,0.6
6385,0.6,0.7,0.6,0.6,0.5357,0.6
6386,0.6,0.7,0.6,0.6,0.5357,0.6
6387,0.6,0.7,0.6,0.6,0.5357,0.6
6388,0.6,0.7,0.6,0.6,0.5357,0.6
6389,0.6,0.7,0.6,0.6,0.5357,0.6
6390,1.0,1.0,1.0,1.0,0.8929,1.0
6391,1.0,1.0,1.0,1.0,0.8929,1.0
6392,1.0,1.0,1.0,1.0,0.8929,1.0
6393,1.0,1.0,1.0,1.0,0.8929,1.0
6394,1.0,1.0,1.0,1.0,0.926,1.0
6395,1.0,1.0,1.0,1.0,0.9558,1.0
6396,1.0,1.0,1.0,1.0,0.9795,1.0
6397,1.0,1.0,1.0,1.0,0.9948,1.0
6398,1.0,1.0,1.0,1.0,1.0,1.0
6399,1.0,1.0,1.0,1.0,0.9948,1.0
6400,1.0,1.0,1.0,1.0,0.9795,1.0
6401,1.0,1.0,1.0,1.0,0.9558,1.0
6402,1.0,1.0,1.0,1.0,0.926,1.0
6403,1.0,1.0,1.0,1.0,0.8929,1.0
6404,1.0,0.7,1.0,1.0,0.8929,1.0
6405,1.0,0.7,1.0,1.0,0.8929,1.0
6406,0.6,0.7,0.6,0.6,0.5357,0.6
6407,0.6,0.7,0.6,0.6,0.5357,0.6
6408,0.6,0.7,0.6,0.6,0.5357,0.6
6409,0.6,0.7,0.6,0.6,0.5357,0.6
6410,0.6,0.7,0.6,0.6,0.5357,0.6
6411,0.6,0.7,0.6,0.6,0.5357,0.6
6412,0.6,0.7,0.6,0.6,0.5357,0.6
6413,0.6,0.7,0.6,0.6,0.5357,0.6
6414,1.0,1.0,1.0,1.0,0.8929,1.0
6415,1.0,1.0,1.0,1.0,0.8929,1.0
6416,1.0,1.0,1.0,1.0,0.8929,1.0
6417,1.0,1.0,1.0,1.0,0.8929,1.0
6418,1.0,1.0,1.0,1.0,0.926,1.0
6419,1.0,1.0,1.0,1.0,0.9558,1.0
6420,1.0,1.0,1.0,1.0,0.9795,1.0
6421,1.0,1.0,1.0,1.0,0.9948,1.0
6422,1.0,1.0,1.0,1.0,1.0,1.0
6423,1.0,1.0,1.0,1.0,0.9948,1.0
6424,1.0,1.0,1.0,1.0,0.9795,1.0
6425,1.0,1.0,1.0,1.0,0.9558,1.0
6426,1.0,1.0,1.0,1.0,0.926,1.0
6427,1.0,1.0,1.0,1.0,0.8929,1.0
6428,1.0,0.7,1.0,1.0,0.8929,1.0
6429,1.0,0.7,1.0,1.0,0.8929,1.0
6430,0.6,0.7,0.6,0.6,0.5357,0.6
6431,0.6,0.7,0.6,0.6,0.5357,0.6
6432,0.6,0.7,0.6,0.6,0.5357,0.6
6433,0.6,0.7,0.6,0.6,0.5357,0.6
6434,0.6,0.7,0.6,0.6,0.5357,0.6
6435,0.6,0.7,0.6,0.6,0.5357,0.6
6436,0.6,0.7,0.6,0.6,0.5357,0.6
6437,0.6,0.7,0.6,0.6,0.5357,0.6
6438,1.0,1.0,1.0,1.0,0.8929,1.0
6439,1.0,1.0,1.0,1.0,0.8929,1.0
6440,1.0,1.0,1.0,1.0,0.8929,1.0
6441,1.0,1.0,1.0,1.0,0.8929,1.0
6442,1.0,1.0,1.0,1.0,0.926,1.0
6443,1.0,1.0,1.0,1.0,0.9558,1.0
6444,1.0,1.0,1.0,1.0,0.9795,1.0
6445,1.0,1.0,1.0,1.0,0.9948,1.0
6446,1.0,1.0,1.0,1.0,1.0,1.0
6447,1.0,1.0,1.0,1.0,0.9948,1.0
6448,1.0,1.0,1.0,1.0,0.9795,1.0
6449,1.0,1.0,1.0,1.0,0.9558,1.0
6450,1.0,1.0,1.0,1.0,0.926,1.0
6451,1.0,1.0,1.0,1.0,0.8929,1.0
6452,1.0,0.7,1.0,1.0,0.8929,1.0
6453,1.0,0.7,1.0,1.0,0.8929,1.0
6454,0.6,0.7,0.6,0.6,0.5357,0.6
6455,0.6,0.7,0.6,0.6,0.5357,0.6
6456,0.6,0.7,0.6,0.6,0.5357,0.6
6457,0.6,0.7,0.6,0.6,0.5357,0.6
6458,0.6,0.7,0.6,0.6,0.5357,0.6
6459,0.6,0.7,0.6,0.6,0.5357,0.6
6460,0.6,0.7,0.6,0.6,0.5357,0.6
6461,0.6,0.7,0.6,0.6,0.5357,0.6
6462,1.0,1.0,1.0,1.0,0.8929,1.0
6463,1.0,1.0,1.0,1.0,0.8929,1.0
6464,1.0,1.0,1.0,1.0,0.8929,1.0
6465,1.0,1.0,1.0,1.0,0.8929,1.0
6466,1.0,1.0,1.0,1.0,0.926,1.0
6467,1.0,1.0,1.0,1.0,0.9558,1.0
6468,1.0,1.0,1.0,1.0,0.9795,1.0
6469,1.0,1.0,1.0,1.0,0.9948,1.0
6470,1.0,1.0,1.0,1.0,1.0,1.0
6471,1.0,1.0,1.0,1.0,0.9948,1.0
6472,1.0,1.0,1.0,1.0,0.9795,1.0
6473,1.0,1.0,1.0,1.0,0.9558,1.0
6474,1.0,1.0,1.0,1.0,0.926,1.0
6475,1.0,1.0,1.0,1.0,0.8929,1.0
6476,1.0,0.7,1.0,1.0,0.8929,1.0
6477,1.0,0.7,1.0,1.0,0.8929,1.0
6478,0.6,0.7,0.6,0.6,0.5357,0.6
6479,0.6,0.7,0.6,0.6,0.5357,0.6
6480,0.6,0.7,0.6,0.6,0.5357,0.6
6481,0.6,0.7,0.6,0.6,0.5357,0.6
6482,0.6,0.7,0.6,0.6,0.5357,0.6
6483,0.6,0.7,0.6,0.6,0.5357,0.6
6484,0.6,0.7,0.6,0.6,0.5357,0.6
6485,0.6,0.7,0.6,0.6,0.5357,0.6
6486,1.0,1.0,1.0,1.0,0.8929,1.0
6487,1.0,1.0,1.0,1.0,0.8929,1.0
6488,1.0,1.0,1.0,1.0,0.8929,1.0
6489,1.0,1.0,1.0,1.0,0.8929,1.0
6490,1.0,1.0,1.0,1.0,0.926,1.0
6491,1.0,1.0,1.0,1.0,0.9558,1.0
6492,1.0,1.0,1.0,1.0,0.9795,1.0
6493,1.0,1.0,1.0,1.0,0.9948,1.0
6494,1.0,1.0,1.0,1.0,1.0,1.0
6495,1.0,1.0,1.0,1.0,0.9948,1.0
6496,1.0,1.0,1.0,1.0,0.9795,1.0
6497,1.0,1.0,1.0,1.0,0.9558,1.0
6498,1.0,1.0,1.0,1.0,0.926,1.0
6499,1.0,1.0,1.0,1.0,0.8929,1.0
6500,1.0,0.7,1.0,1.0,0.8929,1.0
6501,1.0,0.7,1.0,1.0,0.8929,1.0
6502,0.6,0.7,0.6,0.6,0.5357,0.6
6503,0.6,0.7,0.6,0.6,0.5357,0.6
6504,0.6,0.7,0.6,0.6,0.5357,0.6
6505,0.6,0.7,0.6,0.6,0.5357,0.6
6506,0.6,0.7,0.6,0.6,0.5357,0.6
6507,0.6,0.7,0.6,0.6,0.5357,0.6
6508,0.6,0.7,0.6,0.6,0.5357,0.6
6509,0.6,0.7,0.6,0.6,0.5357,0.6
6510,1.0,1.0,1.0,1.0,0.8929,1.0
6511,1.0,1.0,1.0,1.0,0.8929,1.0
6512,1.0,1.0,1.0,1.0,0.8929,1.0
6513,1.0,1.0,1.0,1.0,0.8929,1.0
6514,1.0,1.0,1.0,1.0,0.926,1.0
6515,1.0,1.0,1.0,1.0,0.9558,1.0
6516,1.0,1.0,1.0,1.0,0.9795,1.0
6517,1.0,1.0,1.0,1.0,0.9948,1.0
6518,1.0,1.0,1.0,1.0,1.0,1.0
6519,1.0,1.0,1.0,1.0,0.9948,1.0
6520,1.0,1.0,1.0,1.0,0.9795,1.0
6521,1.0,1.0,1.0,1.0,0.9558,1.0
6522,1.0,1.0,1.0,1.0,0.926,1.0
6523,1.0,1.0,1.0,1.0,0.8929,1.0
6524,1.0,0.7,1.0,1.0,0.8929,1.0
6525,1.0,0.7,1.0,1.0,0.8929,1.0
6526,0.6,0.7,0.6,0.6,0.5357,0.6
6527,0.6,0.7,0.6,0.6,0.5357,0.6
6528,0.6,0.7,0.6,0.6,0.5357,0.6
6529,0.6,0.7,0.6,0.6,0.5357,0.6
6530,0.6,0.7,0.6,0.6,0.5357,0.6
6531,0.6,0.7,0.6,0.6,0.5357,0.6
6532,0.6,0.7,0.6,0.6,0.5357,0.6
6533,0.6,0.7,0.6,0.6,0.5357,0.6
6534,1.0,1.0,1.0,1.0,0.8929,1.0
6535,1.0,1.0,1.0,1.0,0.8929,1.0
6536,1.0,1.0,1.0,1.0,0.8929,1.0
6537,1.0,1.0,1.0,1.0,0.8929,1.0
6538,1.0,1.0,1.0,1.0,0.926,1.0
6539,1.0,1.0,1.0,1.0,0.9558,1.0
6540,1.0,1.0,1.0,1.0,0.9795,1.0
6541,1.0,1.0,1.0,1.0,0.9948,1.0
6542,1.0,1.0,1.0,1.0,1.0,1.0
6543,1.0,1.0,1.0,1.0,0.9948,1.0
6544,1.0,1.0,1.0,1.0,0.9795,1.0
6545,1.0,1.0,1.0,1.0,0.9558,1.0
6546,1.0,1.0,1.0,1.0,0.926,1.0
6547,1.0,1.0,1.0,1.0,0.8929,1.0
6548,1.0,0.7,1.0,1.0,0.8929,1.0
6549,1.0,0.7,1.0,1.0,0.8929,1.0
6550,0.6,0.7,0.6,0.6,0.5357,0.6
6551,0.6,0.7,0.6,0.6,0.5357,0.6
6552,0.6,0.7,0.6,0.6,0.5357,0.6
6553,0.6,0.7,0.6,0.6,0.5357,0.6
6554,0.6,0.7,0.6,0.6,0.5357,0.6
6555,0.6,0.7,0.6,0.6,0.5357,0.6
6556,0.6,0.7,0.6,0.6,0.5357,0.6
6557,0.6,0.7,0.6,0.6,0.5357,0.6
6558,1.0,1.0,1.0,1.0,0.8929,1.0
6559,1.0,1.0,1.0,1.0,0.8929,1.0
6560,1.0,1.0,1.0,1.0,0.8929,1.0
6561,1.0,1.0,1.0,1.0,0.8929,1.0
6562,1.0,1.0,1.0,1.0,0.926,1.0
6563,1.0,1.0,1.0,1.0,0.9558,1.0
6564,1.0,1.0,1.0,1.0,0.9795,1.0
6565,1.0,1.0,1.0,1.0,0.9948,1.0
6566,1.0,1.0,1.0,1.0,1.0,1.0
6567,1.0,1.0,1.0,1.0,0.9948,1.0
6568,1.0,1.0,1.0,1.0,0.9795,1.0
6569,1.0,1.0,1.0,1.0,0.9558,1.0
6570,1.0,1.0,1.0,1.0,0.926,1.0
6571,1.0,1.0,1.0,1.0,0.8929,1.0
6572,1.0,0.7,1.0,1.0,0.8929,1.0
6573,1.0,0.7,1.0,1.0,0.8929,1.0
6574,0.6,0.7,0.6,0.6,0.5357,0.6
6575,0.6,0.7,0.6,0.6,0.5357,0.6
6576,0.6,0.7,0.6,0.6,0.5357,0.6
6577,0.6,0.7,0.6,0.6,0.5357,0.6
6578,0.6,0.7,0.6,0.6,0.5357,0.6
6579,0.6,0.7,0.6,0.6,0.5357,0.6
6580,0.6,0.7,0.6,0.6,0.5357,0.6
6581,0.6,0.7,0.6,0.6,0.5357,0.6
6582,1.0,1.0,1.0,1.0,0.8929,1.0
6583,1.0,1.0,1.0,1.0,0.8929,1.0
6584,1.0,1.0,1.0,1.0,0.8929,1.0
6585,1.0,1.0,1.0,1.0,0.8929,1.0
6586,1.0,1.0,1.0,1.0,0.926,1.0
6587,1.0,1.0,1.0,1.0,0.9558,1.0
6588,1.0,1.0,1.0,1.0,0.9795,1.0
6589,1.0,1.0,1.0,1.0,0.9948,1.0
6590,1.0,1.0,1.0,1.0,1.0,1.0
6591,1.0,1.0,1.0,1.0,0.9948,1.0
6592,1.0,1.0,1.0,1.0,0.9795,1.0
6593,1.0,1.0,1.0,1.0,0.9558,1.0
6594,1.0,1.0,1.0,1.0,0.926,1.0
6595,1.0,1.0,1.0,1.0,0.8929,1.0
6596,1.0,0.7,1.0,1.0,0.8929,1.0
6597,1.0,0.7,1.0,1.0,0.8929,1.0
6598,0.6,0.7,0.6,0.6,0.5357,0.6
6599,0.6,0.7,0.6,0.6,0.5357,0.6
6600,0.6,0.7,0.6,0.6,0.5357,0.6
6601,0.6,0.7,0.6,0.6,0.5357,0.6
6602,0.6,0.7,0.6,0.6,0.5357,0.6
6603,0.6,0.7,0.6,0.6,0.5357,0.6
6604,0.6,0.7,0.6,0.6,0.5357,0.6
6605,0.6,0.7,0.6,0.6,0.5357,0.6
6606,1.0,1.0,1.0,1.0,0.8929,1.0
6607,1.0,1.0,1.0,1.0,0.8929,1.0
6608,1.0,1.0,1.0,1.0,0.8929,1.0
6609,1.0,1.0,1.0,1.0,0.8929,1.0
6610,1.0,1.0,1.0,1.0,0.926,1.0
6611,1.0,1.0,1.0,1.0,0.9558,1.0
6612,1.0,1.0,1.0,1.0,0.9795,1.0
6613,1.0,1.0,1.0,1.0,0.9948,1.0
6614,1.0,1.0,1.0,1.0,1.0,1.0
6615,1.0,1.0,1.0,1.0,0.9948,1.0
6616,1.0,1.0,1.0,1.0,0.9795,1.0
6617,1.0,1.0,1.0,1.0,0.9558,1.0
6618,1.0,1.0,1.0,1.0,0.926,1.0
6619,1.0,1.0,1.0,1.0,0.8929,1.0
6620,1.0,0.7,1.0,1.0,0.8929,1.0
6621,1.0,0.7,1.0,1.0,0.8929,1.0
6622,0.6,0.7,0.6,0.6,0.5357,0.6
6623,0.6,0.7,0.6,0.6,0.5357,0.6
6624,0.6,0.7,0.6,0.6,0.5357,0.6
6625,0.6,0.7,0.6,0.6,0.5357,0.6
6626,0.6,0.7,0.6,0.6,0.5357,0.6
6627,0.6,0.7,0.6,0.6,0.5357,0.6
6628,0.6,0.7,0.6,0.6,0.5357,0.6
6629,0.6,0.7,0.6,0.6,0.5357,0.6
6630,1.0,1.0,1.0,1.0,0.8929,1.0
6631,1.0,1.0,1.0,1.0,0.8929,1.0
6632,1.0,1.0,1.0,1.0,0.8929,1.0
6633,1.0,1.0,1.0,1.0,0.8929,1.0
6634,1.0,1.0,1.0,1.0,0.926,1.0
6635,1.0,1.0,1.0,1.0,0.9558,1.0
6636,1.0,1.0,1.0,1.0,0.9795,1.0
6637,1.0,1.0,1.0,1.0,0.9948,1.0
6638,1.0,1.0,1.0,1.0,1.0,1.0
6639,1.0,1.0,1.0,1.0,0.9948,1.0
6640,1.0,1.0,1.0,1.0,0.9795,1.0
6641,1.0,1.0,1.0,1.0,0.9558,1.0
6642,1.0,1.0,1.0,1.0,0.926,1.0
6643,1.0,1.0,1.0,1.0,0.8929,1.0
6644,1.0,0.7,1.0,1.0,0.8929,1.0
6645,1.0,0.7,1.0,1.0,0.8929,1.0
6646,0.6,0.7,0.6,0.6,0.5357,0.6
6647,0.6,0.7,0.6,0.6,0.5357,0.6
6648,0.6,0.7,0.6,0.6,0.5357,0.6
6649,0.6,0.7,0.6,0.6,0.5357,0.6
6650,0.6,0.7,0.6,0.6,0.5357,0.6
6651,0.6,0.7,0.6,0.6,0.5357,0.6
6652,0.6,0.7,0.6,0.6,0.5357,0.6
6653,0.6,0.7,0.6,0.6,0.5357,0.6
6654,1.0,1.0,1.0,1.0,0.8929,1.0
6655,1.0,1.0,1.0,1.0,0.8929,1.0
6656,1.0,1.0,1.0,1.0,0.8929,1.0
6657,1.0,1.0,1.0,1.0,0.8929,1.0
6658,1.0,1.0,1.0,1.0,0.926,1.0
6659,1.0,1.0,1.0,1.0,0.9558,1.0
6660,1.0,1.0,1.0,1.0,0.9795,1.0
6661,1.0,1.0,1.0,1.0,0.9948,1.0
6662,1.0,1.0,1.0,1.0,1.0,1.0
6663,1.0,1.0,1.0,1.0,0.9948,1.0
6664,1.0,1.0,1.0,1.0,0.9795,1.0
6665,1.0,1.0,1.0,1.0,0.9558,1.0
6666,1.0,1.0,1.0,1.0,0.926,1.0
6667,1.0,1.0,1.0,1.0,0.8929,1.0
6668,1.0,0.7,1.0,1.0,0.8929,1.0
6669,1.0,0.7,1.0,1.0,0.8929,1.0
6670,0.6,0.7,0.6,0.6,0.5357,0.6
6671,0.6,0.7,0.6,0.6,0.5357,0.6
6672,0.6,0.7,0.6,0.6,0.5357,0.6
6673,0.6,0.7,0.6,0.6,0.5357,0.6
6674,0.6,0.7,0.6,0.6,0.5357,0.6
6675,0.6,0.7,0.6,0.6,0.5357,0.6
6676,0.6,0.7,0.6,0.6,0.5357,0.6
6677,0.6,0.7,0.6,0.6,0.5357,0.6
6678,1.0,1.0,1.0,1.0,0.8929,1.0
6679,1.0,1.0,1.0,1.0,0.8929,1.0
6680,1.0,1.0,1.0,1.0,0.8929,1.0
6681,1.0,1.0,1.0,1.0,0.8929,1.0
6682,1.0,1.0,1.0,1.0,0.926,1.0
6683,1.0,1.0,1.0,1.0,0.9558,1.0
6684,1.0,1.0,1.0,1.0,0.9795,1.0
6685,1.0,1.0,1.0,1.0,0.9948,1.0
6686,1.0,1.0,1.0,1.0,1.0,1.0
6687,1.0,1.0,1.0,1.0,0.9948,1.0
6688,1.0,1.0,1.0,1.0,0.9795,1.0
6689,1.0,1.0,1.0,1.0,0.9558,1.0
6690,1.0,1.0,1.0,1.0,0.926,1.0
6691,1.0,1.0,1.0,1.0,0.8929,1.0
6692,1.0,0.7,1.0,1.0,0.8929,1.0
6693,1.0,0.7,1.0,1.0,0.8929,1.0
6694,0.6,0.7,0.6,0.6,0.5357,0.6
6695,0.6,0.7,0.6,0.6,0.5357,0.6
6696,0.6,0.7,0.6,0.6,0.5357,0.6
6697,0.6,0.7,0.6,0.6,0.5357,0.6
6698,0.6,0.7,0.6,0.6,0.5357,0.6
6699,0.6,0.7,0.6,0.6,0.5357,0.6
6700,0.6,0.7,0.6,0.6,0.5357,0.6
6701,0.6,0.7,0.6,0.6,0.5357,0.6
6702,1.0,1.0,1.0,1.0,0.8929,1.0
6703,1.0,1.0,1.0,1.0,0.8929,1.0
6704,1.0,1.0,1.0,1.0,0.8929,1.0
6705,1.0,1.0,1.0,1.0,0.8929,1.0
6706,1.0,1.0,1.0,1.0,0.926,1.0
6707,1.0,1.0,1.0,1.0,0.9558,1.0
6708,1.0,1.0,1.0,1.0,0.9795,1.0
6709,1.0,1.0,1.0,1.0,0.9948,1.0
6710,1.0,1.0,1.0,1.0,1.0,1.0
6711,1.0,1.0,1.0,1.0,0.9948,1.0
6712,1.0,1.0,1.0,1.0,0.9795,1.0
6713,1.0,1.0,1.0,1.0,0.9558,1.0
6714,1.0,1.0,1.0,1.0,0.926,1.0
6715,1.0,1.0,1.0,1.0,0.8929,1.0
6716,1.0,0.7,1.0,1.0,0.8929,1.0
6717,1.0,0.7,1.0,1.0,0.8929,1.0
6718,0.6,0.7,0.6,0.6,0.5357,0.6
6719,0.6,0.7,0.6,0.6,0.5357,0.6
6720,0.6,0.7,0.6,0.6,0.5357,0.6
6721,0.6,0.7,0.6,0.6,0.5357,0.6
6722,0.6,0.7,0.6,0.6,0.5357,0.6
6723,0.6,0.7,0.6,0.6,0.5357,0.6
6724,0.6,0.7,0.6,0.6,0.5357,0.6
6725,0.6,0.7,0.6,0.6,0.5357,0.6
6726,1.0,1.0,1.0,1.0,0.8929,1.0
6727,1.0,1.0,1.0,1.0,0.8929,1.0
6728,1.0,1.0,1.0,1.0,0.8929,1.0
6729,1.0,1.0,1.0,1.0,0.8929,1.0
6730,1.0,1.0,1.0,1.0,0.926,1.0
6731,1.0,1.0,1.0,1.0,0.9558,1.0
6732,1.0,1.0,1.0,1.0,0.9795,1.0
6733,1.0,1.0,1.0,1.0,0.9948,1.0
6734,1.0,1.0,1.0,1.0,1.0,1.0
6735,1.0,1.0,1.0,1.0,0.9948,1.0
6736,1.0,1.0,1.0,1.0,0.9795,1.0
6737,1.0,1.0,1.0,1.0,0.9558,1.0
6738,1.0,1.0,1.0,1.0,0.926,1.0
6739,1.0,1.0,1.0,1.0,0.8929,1.0
6740,1.0,0.7,1.0,1.0,0.8929,1.0
6741,1.0,0.7,1.0,1.0,0.8929,1.0
6742,0.6,0.7,0.6,0.6,0.5357,0.6
6743,0.6,0.7,0.6,0.6,0.5357,0.6
6744,0.6,0.7,0.6,0.6,0.5357,0.6
6745,0.6,0.7,0.6,0.6,0.5357,0.6
6746,0.6,0.7,0.6,0.6,0.5357,0.6
6747,0.6,0.7,0.6,0.6,0.5357,0.6
6748,0.6,0.7,0.6,0.6,0.5357,0.6
6749,0.6,0.7,0.6,0.6,0.5357,0.6
6750,1.0,1.0,1.0,1.0,0.8929,1.0
6751,1.0,1.0,1.0,1.0,0.8929,1.0
6752,1.0,1.0,1.0,1.0,0.8929,1.0
6753,1.0,1.0,1.0,1.0,0.8929,1.0
6754,1.0,1.0,1.0,1.0,0.926,1.0
6755,1.0,1.0,1.0,1.0,0.9558,1.0
6756,1.0,1.0,1.0,1.0,0.9795,1.0
6757,1.0,1.0,1.0,1.0,0.9948,1.0
6758,1.0,1.0,1.0,1.0,1.0,1.0
6759,1.0,1.0,1.0,1.0,0.9948,1.0
6760,1.0,1.0,1.0,1.0,0.9795,1.0
6761,1.0,1.0,1.0,1.0,0.9558,1.0
6762,1.0,1.0,1.0,1.0,0.926,1.0
6763,1.0,1.0,1.0,1.0,0.8929,1.0
6764,1.0,0.7,1.0,1.0,0.8929,1.0
6765,1.0,0.7,1.0,1.0,0.8929,1.0
6766,0.6,0.7,0.6,0.6,0.5357,0.6
6767,0.6,0.7,0.6,0.6,0.5357,0.6
6768,0.6,0.7,0.6,0.6,0.5357,0.6
6769,0.6,0.7,0.6,0.6,0.5357,0.6
6770,0.6,0.7,0.6,0.6,0.5357,0.6
6771,0.6,0.7,0.6,0.6,0.5357,0.6
6772,0.6,0.7,0.6,0.6,0.5357,0.6
6773,0.6,0.7,0.6,0.6,0.5357,0.6
6774,1.0,1.0,1.0,1.0,0.8929,1.0
6775,1.0,1.0,1.0,1.0,0.8929,1.0
6776,1.0,1.0,1.0,1.0,0.8929,1.0
6777,1.0,1.0,1.0,1.0,0.8929,1.0
6778,1.0,1.0,1.0,1.0,0.926,1.0
6779,1.0,1.0,1.0,1.0,0.9558,1.0
6780,1.0,1.0,1.0,1.0,0.9795,1.0
6781,1.0,1.0,1.0,1.0,0.9948,1.0
6782,1.0,1.0,1.0,1.0,1.0,1.0
6783,1.0,1.0,1.0,1.0,0.9948,1.0
6784,1.0,1.0,1.0,1.0,0.9795,1.0
6785,1.0,1.0,1.0,1.0,0.9558,1.0
6786,1.0,1.0,1.0,1.0,0.926,1.0
6787,1.0,1.0,1.0,1.0,0.8929,1.0
6788,1.0,0.7,1.0,1.0,0.8929,1.0
6789,1.0,0.7,1.0,1.0,0.8929,1.0
6790,0.6,0.7,0.6,0.6,0.5357,0.6
6791,0.6,0.7,0.6,0.6,0.5357,0.6
6792,0.6,0.7,0.6,0.6,0.5357,0.6
6793,0.6,0.7,0.6,0.6,0.5357,0.6
6794,0.6,0.7,0.6,0.6,0.5357,0.6
6795,0.6,0.7,0.6,0.6,0.5357,0.6
6796,0.6,0.7,0.6,0.6,0.5357,0.6
6797,0.6,0.7,0.6,0.6,0.5357,0.6
6798,1.0,1.0,1.0,1.0,0.8929,1.0
6799,1.0,1.0,1.0,1.0,0.8929,1.0
6800,1.0,1.0,1.0,1.0,0.8929,1.0
6801,1.0,1.0,1.0,1.0,0.8929,1.0
6802,1.0,1.0,1.0,1.0,0.926,1.0
6803,1.0,1.0,1.0,1.0,0.9558,1.0
6804,1.0,1.0,1.0,1.0,0.9795,1.0
6805,1.0,1.0,1.0,1.0,0.9948,1.0
6806,1.0,1.0,1.0,1.0,1.0,1.0
6807,1.0,1.0,1.0,1.0,0.9948,1.0
6808,1.0,1.0,1.0,1.0,0.9795,1.0
6809,1.0,1.0,1.0,1.0,0.9558,1.0
6810,1.0,1.0,1.0,1.0,0.926,1.0
6811,1.0,1.0,1.0,1.0,0.8929,1.0
6812,1.0,0.7,1.0,1.0,0.8929,1.0
6813,1.0,0.7,1.0,1.0,0.8929,1.0
6814,0.6,0.7,0.6,0.6,0.5357,0.6
6815,0.6,0.7,0.6,0.6,0.5357,0.6
6816,0.6,0.7,0.6,0.6,0.5357,0.6
6817,0.6,0.7,0.6,0.6,0.5357,0.6
6818,0.6,0.7,0.6,0.6,0.5357,0.6
6819,0.6,0.7,0.6,0.6,0.5357,0.6
6820,0.6,0.7,0.6,0.6,0.5357,0.6
6821,0.6,0.7,0.6,0.6,0.5357,0.6
6822,1.0,1.0,1.0,1.0,0.8929,1.0
6823,1.0,1.0,1.0,1.0,0.8929,1.0
6824,1.0,1.0,1.0,1.0,0.8929,1.0
6825,1.0,1.0,1.0,1.0,0.8929,1.0
6826,1.0,1.0,1.0,1.0,0.926,1.0
6827,1.0,1.0,1.0,1.0,0.9558,1.0
6828,1.0,1.0,1.0,1.0,0.9795,1.0
6829,1.0,1.0,1.0,1.0,0.9948,1.0
6830,1.0,1.0,1.0,1.0,1.0,1.0
6831,1.0,1.0,1.0,1.0,0.9948,1.0
6832,1.0,1.0,1.0,1.0,0.9795,1.0
6833,1.0,1.0,1.0,1.0,0.9558,1.0
6834,1.0,1.0,1.0,1.0,0.926,1.0
6835,1.0,1.0,1.0,1.0,0.8929,1.0
6836,1.0,0.7,1.0,1.0,0.8929,1.0
6837,1.0,0.7,1.0,1.0,0.8929,1.0
6838,0.6,0.7,0.6,0.6,0.5357,0.6
6839,0.6,0.7,0.6,0.6,0.5357,0.6
6840,0.6,0.7,0.6,0.6,0.5357,0.6
6841,0.6,0.7,0.6,0.6,0.5357,0.6
6842,0.6,0.7,0.6,0.6,0.5357,0.6
6843,0.6,0.7,0.6,0.6,0.5357,0.6
6844,0.6,0.7,0.6,0.6,0.5357,0.6
6845,0.6,0.7,0.6,0.6,0.5357,0.6
6846,1.0,1.0,1.0,1.0,0.8929,1.0
6847,1.0,1.0,1.0,1.0,0.8929,1.0
6848,1.0,1.0,1.0,1.0,0.8929,1.0
6849,1.0,1.0,1.0,1.0,0.8929,1.0
6850,1.0,1.0,1.0,1.0,0.926,1.0
6851,1.0,1.0,1.0,1.0,0.9558,1.0
6852,1.0,1.0,1.0,1.0,0.9795,1.0
6853,1.0,1.0,1.0,1.0,0.9948,1.0
6854,1.0,1.0,1.0,1.0,1.0,1.0
6855,1.0,1.0,1.0,1.0,0.9948,1.0
6856,1.0,1.0,1.0,1.0,0.9795,1.0
6857,1.0,1.0,1.0,1.0,0.9558,1.0
6858,1.0,1.0,1.0,1.0,0.926,1.0
6859,1.0,1.0,1.0,1.0,0.8929,1.0
6860,1.0,0.7,1.0,1.0,0.8929,1.0
6861,1.0,0.7,1.0,1.0,0.8929,1.0
6862,0.6,0.7,0.6,0.6,0.5357,0.6
6863,0.6,0.7,0.6,0.6,0.5357,0.6
6864,0.6,0.7,0.6,0.6,0.5357,0.6
6865,0.6,0.7,0.6,0.6,0.5357,0.6
6866,0.6,0.7,0.6,0.6,0.5357,0.6
6867,0.6,0.7,0.6,0.6,0.5357,0.6
6868,0.6,0.7,0.6,0.6,0.5357,0.6
6869,0.6,0.7,0.6,0.6,0.5357,0.6
6870,1.0,1.0,1.0,1.0,0.8929,1.0
6871,1.0,1.0,1.0,1.0,0.8929,1.0
6872,1.0,1.0,1.0,1.0,0.8929,1.0
6873,1.0,1.0,1.0,1.0,0.8929,1.0
6874,1.0,1.0,1.0,1.0,0.926,1.0
6875,1.0,1.0,1.0,1.0,0.9558,1.0
6876,1.0,1.0,1.0,1.0,0.9795,1.0
6877,1.0,1.0,1.0,1.0,0.9948,1.0
6878,1.0,1.0,1.0,1.0,1.0,1.0
6879,1.0,1.0,1.0,1.0,0.9948,1.0
6880,1.0,1.0,1.0,1.0,0.9795,1.0
6881,1.0,1.0,1.0,1.0,0.9558,1.0
6882,1.0,1.0,1.0,1.0,0.926,1.0
6883,1.0,1.0,1.0,1.0,0.8929,1.0
6884,1.0,0.7,1.0,1.0,0.8929,1.0
6885,1.0,0.7,1.0,1.0,0.8929,1.0
6886,0.6,0.7,0.6,0.6,0.5357,0.6
6887,0.6,0.7,0.6,0.6,0.5357,0.6
6888,0.6,0.7,0.6,0.6,0.5357,0.6
6889,0.6,0.7,0.6,0.6,0.5357,0.6
6890,0.6,0.7,0.6,0.6,0.5357,0.6
6891,0.6,0.7,0.6,0.6,0.5357,0.6
6892,0.6,0.7,0.6,0.6,0.5357,0.6
6893,0.6,0.7,0.6,0.6,0.5357,0.6
6894,1.0,1.0,1.0,1.0,0.8929,1.0
6895,1.0,1.0,1.0,1.0,0.8929,1.0
6896,1.0,1.0,1.0,1.0,0.8929,1.0
6897,1.0,1.0,1.0,1.0,0.8929,1.0
6898,1.0,1.0,1.0,1.0,0.926,1.0
6899,1.0,1.0,1.0,1.0,0.9558,1.0
6900,1.0,1.0,1.0,1.0,0.9795,1.0
6901,1.0,1.0,1.0,1.0,0.9948,1.0
6902,1.0,1.0,1.0,1.0,1.0,1.0
6903,1.0,1.0,1.0,1.0,0.9948,1.0
6904,1.0,1.0,1.0,1.0,0.9795,1.0
6905,1.0,1.0,1.0,1.0,0.9558,1.0
6906,1.0,1.0,1.0,1.0,0.926,1.0
6907,1.0,1.0,1.0,1.0,0.8929,1.0
6908,1.0,0.7,1.0,1.0,0.8929,1.0
6909,1.0,0.7,1.0,1.0,0.8929,1.0
6910,0.6,0.7,0.6,0.6,0.5357,0.6
6911,0.6,0.7,0.6,0.6,0.5357,0.6
6912,0.6,0.7,0.6,0.6,0.5357,0.6
6913,0.6,0.7,0.6,0.6,0.5357,0.6
6914,0.6,0.7,0.6,0.6,0.5357,0.6
6915,0.6,0.7,0.6,0.6,0.5357,0.6
6916,0.6,0.7,0.6,0.6,0.5357,0.6
6917,0.6,0.7,0.6,0.6,0.5357,0.6
6918,1.0,1.0,1.0,1.0,0.8929,1.0
6919,1.0,1.0,1.0,1.0,0.8929,1.0
6920,1.0,1.0,1.0,1.0,0.8929,1.0
6921,1.0,1.0,1.0,1.0,0.8929,1.0
6922,1.0,1.0,1.0,1.0,0.926,1.0
6923,1.0,1.0,1.0,1.0,0.9558,1.0
6924,1.0,1.0,1.0,1.0,0.9795,1.0
6925,1.0,1.0,1.0,1.0,0.9948,1.0
6926,1.0,1.0,1.0,1.0,1.0,1.0
6927,1.0,1.0,1.0,1.0,0.9948,1.0
6928,1.0,1.0,1.0,1.0,0.9795,1.0
6929,1.0,1.0,1.0,1.0,0.9558,1.0
6930,1.0,1.0,1.0,1.0,0.926,1.0
6931,1.0,1.0,1.0,1.0,0.8929,1.0
6932,1.0,0.7,1.0,1.0,0.8929,1.0
6933,1.0,0.7,1.0,1.0,0.8929,1.0
6934,0.6,0.7,0.6,0.6,0.5357,0.6
6935,0.6,0.7,0.6,0.6,0.5357,0.6
6936,0.6,0.7,0.6,0.6,0.5357,0.6
6937,0.6,0.7,0.6,0.6,0.5357,0.6
6938,0.6,0.7,0.6,0.6,0.5357,0.6
6939,0.6,0.7,0.6,0.6,0.5357,0.6
6940,0.6,0.7,0.6,0.6,0.5357,0.6
6941,0.6,0.7,0.6,0.6,0.5357,0.6
6942,1.0,1.0,1.0,1.0,0.8929,1.0
6943,1.0,1.0,1.0,1.0,0.8929,1.0
6944,1.0,1.0,1.0,1.0,0.8929,1.0
6945,1.0,1.0,1.0,1.0,0.8929,1.0
6946,1.0,1.0,1.0,1.0,0.926,1.0
6947,1.0,1.0,1.0,1.0,0.9558,1.0
6948,1.0,1.0,1.0,1.0,0.9795,1.0
6949,1.0,1.0,1.0,1.0,0.9948,1.0
6950,1.0,1.0,1.0,1.0,1.0,1.0
6951,1.0,1.0,1.0,1.0,0.9948,1.0
6952,1.0,1.0,1.0,1.0,0.9795,1.0
6953,1.0,1.0,1.0,1.0,0.9558,1.0
6954,1.0,1.0,1.0,1.0,0.926,1.0
6955,1.0,1.0,1.0,1.0,0.8929,1.0
6956,1.0,0.7,1.0,1.0,0.8929,1.0
6957,1.0,0.7,1.0,1.0,0.8929,1.0
6958,0.6,0.7,0.6,0.6,0.5357,0.6
6959,0.6,0.7,0.6,0.6,0.5357,0.6
6960,0.6,0.7,0.6,0.6,0.5357,0.6
6961,0.6,0.7,0.6,0.6,0.5357,0.6
6962,0.6,0.7,0.6,0.6,0.5357,0.6
6963,0.6,0.7,0.6,0.6,0.5357,0.6
6964,0.6,0.7,0.6,0.6,0.5357,0.6
6965,0.6,0.7,0.6,0.6,0.5357,0.6
6966,1.0,1.0,1.0,1.0,0.8929,1.0
6967,1.0,1.0,1.0,1.0,0.8929,1.0
6968,1.0,1.0,1.0,1.0,0.8929,1.0
6969,1.0,1.0,1.0,1.0,0.8929,1.0
6970,1.0,1.0,1.0,1.0,0.926,1.0
6971,1.0,1.0,1.0,1.0,0.9558,1.0
6972,1.0,1.0,1.0,1.0,0.9795,1.0
6973,1.0,1.0,1.0,1.0,0.9948,1.0
6974,1.0,1.0,1.0,1.0,1.0,1.0
6975,1.0,1.0,1.0,1.0,0.9948,1.0
6976,1.0,1.0,1.0,1.0,0.9795,1.0
6977,1.0,1.0,1.0,1.0,0.9558,1.0
6978,1.0,1.0,1.0,1.0,0.926,1.0
6979,1.0,1.0,1.0,1.0,0.8929,1.0
6980,1.0,0.7,1.0,1.0,0.8929,1.0
6981,1.0,0.7,1.0,1.0,0.8929,1.0
6982,0.6,0.7,0.6,0.6,0.5357,0.6
6983,0.6,0.7,0.6,0.6,0.5357,0.6
6984,0.6,0.7,0.6,0.6,0.5357,0.6
6985,0.6,0.7,0.6,0.6,0.5357,0.6
6986,0.6,0.7,0.6,0.6,0.5357,0.6
6987,0.6,0.7,0.6,0.6,0.5357,0.6
6988,0.6,0.7,0.6,0.6,0.5357,0.6
6989,0.6,0.7,0.6,0.6,0.5357,0.6
6990,1.0,1.0,1.0,1.0,0.8929,1.0
6991,1.0,1.0,1.0,1.0,0.8929,1.0
6992,1.0,1.0,1.0,1.0,0.8929,1.0
6993,1.0,1.0,1.0,1.0,0.8929,1.0
6994,1.0,1.0,1.0,1.0,0.926,1.0
6995,1.0,1.0,1.0,1.0,0.9558,1.0
6996,1.0,1.0,1.0,1.0,0.9795,1.0
6997,1.0,1.0,1.0,1.0,0.9948,1.0
6998,1.0,1.0,1.0,1.0,1.0,1.0
6999,1.0,1.0,1.0,1.0,0.9948,1.0
7000,1.0,1.0,1.0,1.0,0.9795,1.0
7001,1.0,1.0,1.0,1.0,0.9558,1.0
7002,1.0,1.0,1.0,1.0,0.926,1.0
7003,1.0,1.0,1.0,1.0,0.8929,1.0
7004,1.0,0.7,1.0,1.0,0.8929,1.0
7005,1.0,0.7,1.0,1.0,0.8929,1.0
7006,0.6,0.7,0.6,0.6,0.5357,0.6
7007,0.6,0.7,0.6,0.6,0.5357,0.6
7008,0.6,0.7,0.6,0.6,0.5357,0.6
7009,0.6,0.7,0.6,0.6,0.5357,0.6
7010,0.6,0.7,0.6,0.6,0.5357,0.6
7011,0.6,0.7,0.6,0.6,0.5357,0.6
7012,0.6,0.7,0.6,0.6,0.5357,0.6
7013,0.6,0.7,0.6,0.6,0.5357,0.6
7014,1.0,1.0,1.0,1.0,0.8929,1.0
7015,1.0,1.0,1.0,1.0,0.8929,1.0
7016,1.0,1.0,1.0,1.0,0.8929,1.0
7017,1.0,1.0,1.0,1.0,0.8929,1.0
7018,1.0,1.0,1.0,1.0,0.926,1.0
7019,1.0,1.0,1.0,1.0,0.9558,1.0
7020,1.0,1.0,1.0,1.0,0.9795,1.0
7021,1.0,1.0,1.0,1.0,0.9948,1.0
7022,1.0,1.0,1.0,1.0,1.0,1.0
7023,1.0,1.0,1.0,1.0,0.9948,1.0
7024,1.0,1.0,1.0,1.0,0.9795,1.0
7025,1.0,1.0,1.0,1.0,0.9558,1.0
7026,1.0,1.0,1.0,1.0,0.926,1.0
7027,1.0,1.0,1.0,1.0,0.8929,1.0
7028,1.0,0.7,1.0,1.0,0.8929,1.0
7029,1.0,0.7,1.0,1.0,0.8929,1.0
7030,0.6,0.7,0.6,0.6,0.5357,0.6
7031,0.6,0.7,0.6,0.6,0.5357,0.6
7032,0.6,0.7,0.6,0.6,0.5357,0.6
7033,0.6,0.7,0.6,0.6,0.5357,0.6
7034,0.6,0.7,0.6,0.6,0.5357,0.6
7035,0.6,0.7,0.6,0.6,0.5357,0.6
7036,0.6,0.7,0.6,0.6,0.5357,0.6
7037,0.6,0.7,0.6,0.6,0.5357,0.6
7038,1.0,1.0,1.0,1.0,0.8929,1.0
7039,1.0,1.0,1.0,1.0,0.8929,1.0
7040,1.0,1.0,1.0,1.0,0.8929,1.0
7041,1.0,1.0,1.0,1.0,0.8929,1.0
7042,1.0,1.0,1.0,1.0,0.926,1.0
7043,1.0,1.0,1.0,1.0,0.9558,1.0
7044,1.0,1.0,1.0,1.0,0.9795,1.0
7045,1.0,1.0,1.0,1.0,0.9948,1.0
7046,1.0,1.0,1.0,1.0,1.0,1.0
7047,1.0,1.0,1.0,1.0,0.9948,1.0
7048,1.0,1.0,1.0,1.0,0.9795,1.0
7049,1.0,1.0,1.0,1.0,0.9558,1.0
7050,1.0,1.0,1.0,1.0,0.926,1.0
7051,1.0,1.0,1.0,1.0,0.8929,1.0
7052,1.0,0.7,1.0,1.0,0.8929,1.0
7053,1.0,0.7,1.0,1.0,0.8929,1.0
7054,0.6,0.7,0.6,0.6,0.5357,0.6
7055,0.6,0.7,0.6,0.6,0.5357,0.6
7056,0.6,0.7,0.6,0.6,0.5357,0.6
7057,0.6,0.7,0.6,0.6,0.5357,0.6
7058,0.6,0.7,0.6,0.6,0.5357,0.6
7059,0.6,0.7,0.6,0.6,0.5357,0.6
7060,0.6,0.7,0.6,0.6,0.5357,0.6
7061,0.6,0.7,0.6,0.6,0.5357,0.6
7062,1.0,1.0,1.0,1.0,0.8929,1.0
7063,1.0,1.0,1.0,1.0,0.8929,1.0
7064,1.0,1.0,1.0,1.0,0.8929,1.0
7065,1.0,1.0,1.0,1.0,0.8929,1.0
7066,1.0,1.0,1.0,1.0,0.926,1.0
7067,1.0,1.0,1.0,1.0,0.9558,1.0
7068,1.0,1.0,1.0,1.0,0.9795,1.0
7069,1.0,1.0,1.0,1.0,0.9948,1.0
7070,1.0,1.0,1.0,1.0,1.0,1.0
7071,1.0,1.0,1.0,1.0,0.9948,1.0
7072,1.0,1.0,1.0,1.0,0.9795,1.0
7073,1.0,1.0,1.0,1.0,0.9558,1.0
7074,1.0,1.0,1.0,1.0,0.926,1.0
7075,1.0,1.0,1.0,1.0,0.8929,1.0
7076,1.0,0.7,1.0,1.0,0.8929,1.0
7077,1.0,0.7,1.0,1.0,0.8929,1.0
7078,0.6,0.7,0.6,0.6,0.5357,0.6
7079,0.6,0.7,0.6,0.6,0.5357,0.6
7080,0.6,0.7,0.6,0.6,0.5357,0.6
7081,0.6,0.7,0.6,0.6,0.5357,0.6
7082,0.6,0.7,0.6,0.6,0.5357,0.6
7083,0.6,0.7,0.6,0.6,0.5357,0.6
7084,0.6,0.7,0.6,0.6,0.5357,0.6
7085,0.6,0.7,0.6,0.6,0.5357,0.6
7086,1.0,1.0,1.0,1.0,0.8929,1.0
7087,1.0,1.0,1.0,1.0,0.8929,1.0
7088,1.0,1.0,1.0,1.0,0.8929,1.0
7089,1.0,1.0,1.0,1.0,0.8929,1.0
7090,1.0,1.0,1.0,1.0,0.926,1.0
7091,1.0,1.0,1.0,1.0,0.9558,1.0
7092,1.0,1.0,1.0,1.0,0.9795,1.0
7093,1.0,1.0,1.0,1.0,0.9948,1.0
7094,1.0,1.0,1.0,1.0,1.0,1.0
7095,1.0,1.0,1.0,1.0,0.9948,1.0
7096,1.0,1.0,1.0,1.0,0.9795,1.0
7097,1.0,1.0,1.0,1.0,0.9558,1.0
7098,1.0,1.0,1.0,1.0,0.926,1.0
7099,1.0,1.0,1.0,1.0,0.8929,1.0
7100,1.0,0.7,1.0,1.0,0.8929,1.0
7101,1.0,0.7,1.0,1.0,0.8929,1.0
7102,0.6,0.7,0.6,0.6,0.5357,0.6
7103,0.6,0.7,0.6,0.6,0.5357,0.6
7104,0.6,0.7,0.6,0.6,0.5357,0.6
7105,0.6,0.7,0.6,0.6,0.5357,0.6
7106,0.6,0.7,0.6,0.6,0.5357,0.6
7107,0.6,0.7,0.6,0.6,0.5357,0.6
7108,0.6,0.7,0.6,0.6,0.5357,0.6
7109,0.6,0.7,0.6,0.6,0.5357,0.6
7110,1.0,1.0,1.0,1.0,0.8929,1.0
7111,1.0,1.0,1.0,1.0,0.8929,1.0
7112,1.0,1.0,1.0,1.0,0.8929,1.0
7113,1.0,1.0,1.0,1.0,0.8929,1.0
7114,1.0,1.0,1.0,1.0,0.926,1.0
7115,1.0,1.0,1.0,1.0,0.9558,1.0
7116,1.0,1.0,1.0,1.0,0.9795,1.0
7117,1.0,1.0,1.0,1.0,0.9948,1.0
7118,1.0,1.0,1.0,1.0,1.0,1.0
7119,1.0,1.0,1.0,1.0,0.9948,1.0
7120,1.0,1.0,1.0,1.0,0.9795,1.0
7121,1.0,1.0,1.0,1.0,0.9558,1.0
7122,1.0,1.0,1.0,1.0,0.926,1.0
7123,1.0,1.0,1.0,1.0,0.8929,1.0
7124,1.0,0.7,1.0,1.0,0.8929,1.0
7125,1.0,0.7,1.0,1.0,0.8929,1.0
7126,0.6,0.7,0.6,0.6,0.5357,0.6
7127,0.6,0.7,0.6,0.6,0.5357,0.6
7128,0.6,0.7,0.6,0.6,0.5357,0.6
7129,0.6,0.7,0.6,0.6,0.5357,0.6
7130,0.6,0.7,0.6,0.6,0.5357,0.6
7131,0.6,0.7,0.6,0.6,0.5357,0.6
7132,0.6,0.7,0.6,0.6,0.5357,0.6
7133,0.6,0.7,0.6,0.6,0.5357,0.6
7134,1.0,1.0,1.0,1.0,0.8929,1.0
7135,1.0,1.0,1.0,1.0,0.8929,1.0
7136,1.0,1.0,1.0,1.0,0.8929,1.0
7137,1.0,1.0,1.0,1.0,0.8929,1.0
7138,1.0,1.0,1.0,1.0,0.926,1.0
7139,1.0,1.0,1.0,1.0,0.9558,1.0
7140,1.0,1.0,1.0,1.0,0.9795,1.0
7141,1.0,1.0,1.0,1.0,0.9948,1.0
7142,1.0,1.0,1.0,1.0,1.0,1.0
7143,1.0,1.0,1.0,1.0,0.9948,1.0
7144,1.0,1.0,1.0,1.0,0.9795,1.0
7145,1.0,1.0,1.0,1.0,0.9558,1.0
7146,1.0,1.0,1.0,1.0,0.926,1.0
7147,1.0,1.0,1.0,1.0,0.8929,1.0
7148,1.0,0.7,1.0,1.0,0.8929,1.0
7149,1.0,0.7,1.0,1.0,0.8929,1.0
7150,0.6,0.7,0.6,0.6,0.5357,0.6
7151,0.6,0.7,0.6,0.6,0.5357,0.6
7152,0.6,0.7,0.6,0.6,0.5357,0.6
7153,0.6,0.7,0.6,0.6,0.5357,0.6
7154,0.6,0.7,0.6,0.6,0.5357,0.6
7155,0.6,0.7,0.6,0.6,0.5357,0.6
7156,0.6,0.7,0.6,0.6,0.5357,0.6
7157,0.6,0.7,0.6,0.6,0.5357,0.6
7158,1.0,1.0,1.0,1.0,0.8929,1.0
7159,1.0,1.0,1.0,1.0,0.8929,1.0
7160,1.0,1.0,1.0,1.0,0.8929,1.0
7161,1.0,1.0,1.0,1.0,0.8929,1.0
7162,1.0,1.0,1.0,1.0,0.926,1.0
7163,1.0,1.0,1.0,1.0,0.9558,1.0
7164,1.0,1.0,1.0,1.0,0.9795,1.0
7165,1.0,1.0,1.0,1.0,0.9948,1.0
7166,1.0,1.0,1.0,1.0,1.0,1.0
7167,1.0,1.0,1.0,1.0,0.9948,1.0
7168,1.0,1.0,1.0,1.0,0.9795,1.0
7169,1.0,1.0,1.0,1.0,0.9558,1.0
7170,1.0,1.0,1.0,1.0,0.926,1.0
7171,1.0,1.0,1.0,1.0,0.8929,1.0
7172,1.0,0.7,1.0,1.0,0.8929,1.0
7173,1.0,0.7,1.0,1.0,0.8929,1.0
7174,0.6,0.7,0.6,0.6,0.5357,0.6
7175,0.6,0.7,0.6,0.6,0.5357,0.6
7176,0.6,0.7,0.6,0.6,0.5357,0.6
7177,0.6,0.7,0.6,0.6,0.5357,0.6
7178,0.6,0.7,0.6,0.6,0.5357,0.6
7179,0.6,0.7,0.6,0.6,0.5357,0.6
7180,0.6,0.7,0.6,0.6,0.5357,0.6
7181,0.6,0.7,0.6,0.6,0.5357,0.6
7182,1.0,1.0,1.0,1.0,0.8929,1.0
7183,1.0,1.0,1.0,1.0,0.8929,1.0
7184,1.0,1.0,1.0,1.0,0.8929,1.0
7185,1.0,1.0,1.0,1.0,0.8929,1.0
7186,1.0,1.0,1.0,1.0,0.926,1.0
7187,1.0,1.0,1.0,1.0,0.9558,1.0
7188,1.0,1.0,1.0,1.0,0.9795,1.0
7189,1.0,1.0,1.0,1.0,0.9948,1.0
7190,1.0,1.0,1.0,1.0,1.0,1.0
7191,1.0,1.0,1.0,1.0,0.9948,1.0
7192,1.0,1.0,1.0,1.0,0.9795,1.0
7193,1.0,1.0,1.0,1.0,0.9558,1.0
7194,1.0,1.0,1.0,1.0,0.926,1.0
7195,1.0,1.0,1.0,1.0,0.8929,1.0
7196,1.0,0.7,1.0,1.0,0.8929,1.0
7197,1.0,0.7,1.0,1.0,0.8929,1.0
7198,0.6,0.7,0.6,0.6,0.5357,0.6
7199,0.6,0.7,0.6,0.6,0.5357,0.6
7200,0.6,0.7,0.6,0.6,0.5357,0.6
7201,0.6,0.7,0.6,0.6,0.5357,0.6
7202,0.6,0.7,0.6,0.6,0.5357,0.6
7203,0.6,0.7,0.6,0.6,0.5357,0.6
7204,0.6,0.7,0.6,0.6,0.5357,0.6
7205,0.6,0.7,0.6,0.6,0.5357,0.6
7206,1.0,1.0,1.0,1.0,0.8929,1.0
7207,1.0,1.0,1.0,1.0,0.8929,1.0
7208,1.0,1.0,1.0,1.0,0.8929,1.0
7209,1.0,1.0,1.0,1.0,0.8929,1.0
7210,1.0,1.0,1.0,1.0,0.926,1.0
7211,1.0,1.0,1.0,1.0,0.9558,1.0
7212,1.0,1.0,1.0,1.0,0.9795,1.0
7213,1.0,1.0,1.0,1.0,0.9948,1.0
7214,1.0,1.0,1.0,1.0,1.0,1.0
7215,1.0,1.0,1.0,1.0,0.9948,1.0
7216,1.0,1.0,1.0,1.0,0.9795,1.0
7217,1.0,1.0,1.0,1.0,0.9558,1.0
7218,1.0,1.0,1.0,1.0,0.926,1.0
7219,1.0,1.0,1.0,1.0,0.8929,1.0
7220,1.0,0.7,1.0,1.0,0.8929,1.0
7221,1.0,0.7,1.0,1.0,0.8929,1.0
7222,0.6,0.7,0.6,0.6,0.5357,0.6
7223,0.6,0.7,0.6,0.6,0.5357,0.6
7224,0.6,0.7,0.6,0.6,0.5357,0.6
7225,0.6,0.7,0.6,0.6,0.5357,0.6
7226,0.6,0.7,0.6,0.6,0.5357,0.6
7227,0.6,0.7,0.6,0.6,0.5357,0.6
7228,0.6,0.7,0.6,0.6,0.5357,0.6
7229,0.6,0.7,0.6,0.6,0.5357,0.6
7230,1.0,1.0,1.0,1.0,0.8929,1.0
7231,1.0,1.0,1.0,1.0,0.8929,1.0
7232,1.0,1.0,1.0,1.0,0.8929,1.0
7233,1.0,1.0,1.0,1.0,0.8929,1.0
7234,1.0,1.0,1.0,1.0,0.926,1.0
7235,1.0,1.0,1.0,1.0,0.9558,1.0
7236,1.0,1.0,1.0,1.0,0.9795,1.0
7237,1.0,1.0,1.0,1.0,0.9948,1.0
7238,1.0,1.0,1.0,1.0,1.0,1.0
7239,1.0,1.0,1.0,1.0,0.9948,1.0
7240,1.0,1.0,1.0,1.0,0.9795,1.0
7241,1.0,1.0,1.0,1.0,0.9558,1.0
7242,1.0,1.0,1.0,1.0,0.926,1.0
7243,1.0,1.0,1.0,1.0,0.8929,1.0
7244,1.0,0.7,1.0,1.0,0.8929,1.0
7245,1.0,0.7,1.0,1.0,0.8929,1.0
7246,0.6,0.7,0.6,0.6,0.5357,0.6
7247,0.6,0.7,0.6,0.6,0.5357,0.6
7248,0.6,0.7,0.6,0.6,0.5357,0.6
7249,0.6,0.7,0.6,0.6,0.5357,0.6
7250,0.6,0.7,0.6,0.6,0.5357,0.6
7251,0.6,0.7,0.6,0.6,0.5357,0.6
7252,0.6,0.7,0.6,0.6,0.5357,0.6
7253,0.6,0.7,0.6,0.6,0.5357,0.6
7254,1.0,1.0,1.0,1.0,0.8929,1.0
7255,1.0,1.0,1.0,1.0,0.8929,1.0
7256,1.0,1.0,1.0,1.0,0.8929,1.0
7257,1.0,1.0,1.0,1.0,0.8929,1.0
7258,1.0,1.0,1.0,1.0,0.926,1.0
7259,1.0,1.0,1.0,1.0,0.9558,1.0
7260,1.0,1.0,1.0,1.0,0.9795,1.0
7261,1.0,1.0,1.0,1.0,0.9948,1.0
7262,1.0,1.0,1.0,1.0,1.0,1.0
7263,1.0,1.0,1.0,1.0,0.9948,1.0
7264,1.0,1.0,1.0,1.0,0.9795,1.0
7265,1.0,1.0,1.0,1.0,0.9558,1.0
7266,1.0,1.0,1.0,1.0,0.926,1.0
7267,1.0,1.0,1.0,1.0,0.8929,1.0
7268,1.0,0.7,1.0,1.0,0.8929,1.0
7269,1.0,0.7,1.0,1.0,0.8929,1.0
7270,0.6,0.7,0.6,0.6,0.5357,0.6
7271,0.6,0.7,0.6,0.6,0.5357,0.6
7272,0.6,0.7,0.6,0.6,0.5357,0.6
7273,0.6,0.7,0.6,0.6,0.5357,0.6
7274,0.6,0.7,0.6,0.6,0.5357,0.6
7275,0.6,0.7,0.6,0.6,0.5357,0.6
7276,0.6,0.7,0.6,0.6,0.5357,0.6
7277,0.6,0.7,0.6,0.6,0.5357,0.6
7278,1.0,1.0,1.0,1.0,0.8929,1.0
7279,1.0,1.0,1.0,1.0,0.8929,1.0
7280,1.0,1.0,1.0,1.0,0.8929,1.0
7281,1.0,1.0,1.0,1.0,0.8929,1.0
7282,1.0,1.0,1.0,1.0,0.926,1.0
7283,1.0,1.0,1.0,1.0,0.9558,1.0
7284,1.0,1.0,1.0,1.0,0.9795,1.0
7285,1.0,1.0,1.0,1.0,0.9948,1.0
7286,1.0,1.0,1.0,1.0,1.0,1.0
7287,1.0,1.0,1.0,1.0,0.9948,1.0
7288,1.0,1.0,1.0,1.0,0.9795,1.0
7289,1.0,1.0,1.0,1.0,0.9558,1.0
7290,1.0,1.0,1.0,1.0,0.926,1.0
7291,1.0,1.0,1.0,1.0,0.8929,1.0
7292,1.0,0.7,1.0,1.0,0.8929,1.0
7293,1.0,0.7,1.0,1.0,0.8929,1.0
7294,0.6,0.7,0.6,0.6,0.5357,0.6
7295,0.6,0.7,0.6,0.6,0.5357,0.6
7296,0.6,0.7,0.6,0.6,0.5357,0.6
7297,0.6,0.7,0.6,0.6,0.5357,0.6
7298,0.6,0.7,0.6,0.6,0.5357,0.6
7299,0.6,0.7,0.6,0.6,0.5357,0.6
7300,0.6,0.7,0.6,0.6,0.5357,0.6
7301,0.6,0.7,0.6,0.6,0.5357,0.6
7302,1.0,1.0,1.0,1.0,0.8929,1.0
7303,1.0,1.0,1.0,1.0,0.8929,1.0
7304,1.0,1.0,1.0,1.0,0.8929,1.0
7305,1.0,1.0,1.0,1.0,0.8929,1.0
7306,1.0,1.0,1.0,1.0,0.926,1.0
7307,1.0,1.0,1.0,1.0,0.9558,1.0
7308,1.0,1.0,1.0,1.0,0.9795,1.0
7309,1.0,1.0,1.0,1.0,0.9948,1.0
7310,1.0,1.0,1.0,1.0,1.0,1.0
7311,1.0,1.0,1.0,1.0,0.9948,1.0
7312,1.0,1.0,1.0,1.0,0.9795,1.0
7313,1.0,1.0,1.0,1.0,0.9558,1.0
7314,1.0,1.0,1.0,1.0,0.926,1.0
7315,1.0,1.0,1.0,1.0,0.8929,1.0
7316,1.0,0.7,1.0,1.0,0.8929,1.0
7317,1.0,0.7,1.0,1.0,0.8929,1.0
7318,0.6,0.7,0.6,0.6,0.5357,0.6
7319,0.6,0.7,0.6,0.6,0.5357,0.6
7320,0.6,0.7,0.6,0.6,0.5357,0.6
7321,0.6,0.7,0.6,0.6,0.5357,0.6
7322,0.6,0.7,0.6,0.6,0.5357,0.6
7323,0.6,0.7,0.6,0.6,0.5357,0.6
7324,0.6,0.7,0.6,0.6,0.5357,0.6
7325,0.6,0.7,0.6,0.6,0.5357,0.6
7326,1.0,1.0,1.0,1.0,0.8929,1.0
7327,1.0,1.0,1.0,1.0,0.8929,1.0
7328,1.0,1.0,1.0,1.0,0.8929,1.0
7329,1.0,1.0,1.0,1.0,0.8929,1.0
7330,1.0,1.0,1.0,1.0,0.926,1.0
7331,1.0,1.0,1.0,1.0,0.9558,1.0
7332,1.0,1.0,1.0,1.0,0.9795,1.0
7333,1.0,1.0,1.0,1.0,0.9948,1.0
7334,1.0,1.0,1.0,1.0,1.0,1.0
7335,1.0,1.0,1.0,1.0,0.9948,1.0
7336,1.0,1.0,1.0,1.0,0.9795,1.0
7337,1.0,1.0,1.0,1.0,0.9558,1.0
7338,1.0,1.0,1.0,1.0,0.926,1.0
7339,1.0,1.0,1.0,1.0,0.8929,1.0
7340,1.0,0.7,1.0,1.0,0.8929,1.0
7341,1.0,0.7,1.0,1.0,0.8929,1.0
7342,0.6,0.7,0.6,0.6,0.5357,0.6
7343,0.6,0.7,0.6,0.6,0.5357,0.6
7344,0.6,0.7,0.6,0.6,0.5357,0.6
7345,0.6,0.7,0.6,0.6,0.5357,0.6
7346,0.6,0.7,0.6,0.6,0.5357,0.6
7347,0.6,0.7,0.6,0.6,0.5357,0.6
7348,0.6,0.7,0.6,0.6,0.5357,0.6
7349,0.6,0.7,0.6,0.6,0.5357,0.6
7350,1.0,1.0,1.0,1.0,0.8929,1.0
7351,1.0,1.0,1.0,1.0,0.8929,1.0
7352,1.0,1.0,1.0,1.0,0.8929,1.0
7353,1.0,1.0,1.0,1.0,0.8929,1.0
7354,1.0,1.0,1.0,1.0,0.926,1.0
7355,1.0,1.0,1.0,1.0,0.9558,1.0
7356,1.0,1.0,1.0,1.0,0.9795,1.0
7357,1.0,1.0,1.0,1.0,0.9948,1.0
7358,1.0,1.0,1.0,1.0,1.0,1.0
7359,1.0,1.0,1.0,1.0,0.9948,1.0
7360,1.0,1.0,1.0,1.0,0.9795,1.0
7361,1.0,1.0,1.0,1.0,0.9558,1.0
7362,1.0,1.0,1.0,1.0,0.926,1.0
7363,1.0,1.0,1.0,1.0,0.8929,1.0
7364,1.0,0.7,1.0,1.0,0.8929,1.0
7365,1.0,0.7,1.0,1.0,0.8929,1.0
7366,0.6,0.7,0.6,0.6,0.5357,0.6
7367,0.6,0.7,0.6,0.6,0.5357,0.6
7368,0.6,0.7,0.6,0.6,0.5357,0.6
7369,0.6,0.7,0.6,0.6,0.5357,0.6
7370,0.6,0.7,0.6,0.6,0.5357,0.6
7371,0.6,0.7,0.6,0.6,0.5357,0.6
7372,0.6,0.7,0.6,0.6,0.5357,0.6
7373,0.6,0.7,0.6,0.6,0.5357,0.6
7374,1.0,1.0,1.0,1.0,0.8929,1.0
7375,1.0,1.0,1.0,1.0,0.8929,1.0
7376,1.0,1.0,1.0,1.0,0.8929,1.0
7377,1.0,1.0,1.0,1.0,0.8929,1.0
7378,1.0,1.0,1.0,1.0,0.926,1.0
7379,1.0,1.0,1.0,1.0,0.9558,1.0
7380,1.0,1.0,1.0,1.0,0.9795,1.0
7381,1.0,1.0,1.0,1.0,0.9948,1.0
7382,1.0,1.0,1.0,1.0,1.0,1.0
7383,1.0,1.0,1.0,1.0,0.9948,1.0
7384,1.0,1.0,1.0,1.0,0.9795,1.0
7385,1.0,1.0,1.0,1.0,0.9558,1.0
7386,1.0,1.0,1.0,1.0,0.926,1.0
7387,1.0,1.0,1.0,1.0,0.8929,1.0
7388,1.0,0.7,1.0,1.0,0.8929,1.0
7389,1.0,0.7,1.0,1.0,0.8929,1.0
7390,0.6,0.7,0.6,0.6,0.5357,0.6
7391,0.6,0.7,0.6,0.6,0.5357,0.6
7392,0.6,0.7,0.6,0.6,0.5357,0.6
7393,0.6,0.7,0.6,0.6,0.5357,0.6
7394,0.6,0.7,0.6,0.6,0.5357,0.6
7395,0.6,0.7,0.6,0.6,0.5357,0.6
7396,0.6,0.7,0.6,0.6,0.5357,0.6
7397,0.6,0.7,0.6,0.6,0.5357,0.6
7398,1.0,1.0,1.0,1.0,0.8929,1.0
7399,1.0,1.0,1.0,1.0,0.8929,1.0
7400,1.0,1.0,1.0,1.0,0.8929,1.0
7401,1.0,1.0,1.0,1.0,0.8929,1.0
7402,1.0,1.0,1.0,1.0,0.926,1.0
7403,1.0,1.0,1.0,1.0,0.9558,1.0
7404,1.0,1.0,1.0,1.0,0.9795,1.0
7405,1.0,1.0,1.0,1.0,0.9948,1.0
7406,1.0,1.0,1.0,1.0,1.0,1.0
7407,1.0,1.0,1.0,1.0,0.9948,1.0
7408,1.0,1.0,1.0,1.0,0.9795,1.0
7409,1.0,1.0,1.0,1.0,0.9558,1.0
7410,1.0,1.0,1.0,1.0,0.926,1.0
7411,1.0,1.0,1.0,1.0,0.8929,1.0
7412,1.0,0.7,1.0,1.0,0.8929,1.0
7413,1.0,0.7,1.0,1.0,0.8929,1.0
7414,0.6,0.7,0.6,0.6,0.5357,0.6
7415,0.6,0.7,0.6,0.6,0.5357,0.6
7416,0.6,0.7,0.6,0.6,0.5357,0.6
7417,0.6,0.7,0.6,0.6,0.5357,0.6
7418,0.6,0.7,0.6,0.6,0.5357,0.6
7419,0.6,0.7,0.6,0.6,0.5357,0.6
7420,0.6,0.7,0.6,0.6,0.5357,0.6
7421,0.6,0.7,0.6,0.6,0.5357,0.6
7422,1.0,1.0,1.0,1.0,0.8929,1.0
7423,1.0,1.0,1.0,1.0,0.8929,1.0
7424,1.0,1.0,1.0,1.0,0.8929,1.0
7425,1.0,1.0,1.0,1.0,0.8929,1.0
7426,1.0,1.0,1.0,1.0,0.926,1.0
7427,1.0,1.0,1.0,1.0,0.9558,1.0
7428,1.0,1.0,1.0,1.0,0.9795,1.0
7429,1.0,1.0,1.0,1.0,0.9948,1.0
7430,1.0,1.0,1.0,1.0,1.0,1.0
7431,1.0,1.0,1.0,1.0,0.9948,1.0
7432,1.0,1.0,1.0,1.0,0.9795,1.0
7433,1.0,1.0,1.0,1.0,0.9558,1.0
7434,1.0,1.0,1.0,1.0,0.926,1.0
7435,1.0,1.0,1.0,1.0,0.8929,1.0
7436,1.0,0.7,1.0,1.0,0.8929,1.0
7437,1.0,0.7,1.0,1.0,0.8929,1.0
7438,0.6,0.7,0.6,0.6,0.5357,0.6
7439,0.6,0.7,0.6,0.6,0.5357,0.6
7440,0.6,0.7,0.6,0.6,0.5357,0.6
7441,0.6,0.7,0.6,0.6,0.5357,0.6
7442,0.6,0.7,0.6,0.6,0.5357,0.6
7443,0.6,0.7,0.6,0.6,0.5357,0.6
7444,0.6,0.7,0.6,0.6,0.5357,0.6
7445,0.6,0.7,0.6,0.6,0.5357,0.6
7446,1.0,1.0,1.0,1.0,0.8929,1.0
7447,1.0,1.0,1.0,1.0,0.8929,1.0
7448,1.0,1.0,1.0,1.0,0.8929,1.0
7449,1.0,1.0,1.0,1.0,0.8929,1.0
7450,1.0,1.0,1.0,1.0,0.926,1.0
7451,1.0,1.0,1.0,1.0,0.9558,1.0
7452,1.0,1.0,1.0,1.0,0.9795,1.0
7453,1.0,1.0,1.0,1.0,0.9948,1.0
7454,1.0,1.0,1.0,1.0,1.0,1.0
7455,1.0,1.0,1.0,1.0,0.9948,1.0
7456,1.0,1.0,1.0,1.0,0.9795,1.0
7457,1.0,1.0,1.0,1.0,0.9558,1.0
7458,1.0,1.0,1.0,1.0,0.926,1.0
7459,1.0,1.0,1.0,1.0,0.8929,1.0
7460,1.0,0.7,1.0,1.0,0.8929,1.0
7461,1.0,0.7,1.0,1.0,0.8929,1.0
7462,0.6,0.7,0.6,0.6,0.5357,0.6
7463,0.6,0.7,0.6,0.6,0.5357,0.6
7464,0.6,0.7,0.6,0.6,0.5357,0.6
7465,0.6,0.7,0.6,0.6,0.5357,0.6
7466,0.6,0.7,0.6,0.6,0.5357,0.6
7467,0.6,0.7,0.6,0.6,0.5357,0.6
7468,0.6,0.7,0.6,0.6,0.5357,0.6
7469,0.6,0.7,0.6,0.6,0.5357,0.6
7470,1.0,1.0,1.0,1.0,0.8929,1.0
7471,1.0,1.0,1.0,1.0,0.8929,1.0
7472,1.0,1.0,1.0,1.0,0.8929,1.0
7473,1.0,1.0,1.0,1.0,0.8929,1.0
7474,1.0,1.0,1.0,1.0,0.926,1.0
7475,1.0,1.0,1.0,1.0,0.9558,1.0
7476,1.0,1.0,1.0,1.0,0.9795,1.0
7477,1.0,1.0,1.0,1.0,0.9948,1.0
7478,1.0,1.0,1.0,1.0,1.0,1.0
7479,1.0,1.0,1.0,1.0,0.9948,1.0
7480,1.0,1.0,1.0,1.0,0.9795,1.0
7481,1.0,1.0,1.0,1.0,0.9558,1.0
7482,1.0,1.0,1.0,1.0,0.926,1.0
7483,1.0,1.0,1.0,1.0,0.8929,1.0
7484,1.0,0.7,1.0,1.0,0.8929,1.0
7485,1.0,0.7,1.0,1.0,0.8929,1.0
7486,0.6,0.7,0.6,0.6,0.5357,0.6
7487,0.6,0.7,0.6,0.6,0.5357,0.6
7488,0.6,0.7,0.6,0.6,0.5357,0.6
7489,0.6,0.7,0.6,0.6,0.5357,0.6
7490,0.6,0.7,0.6,0.6,0.5357,0.6
7491,0.6,0.7,0.6,0.6,0.5357,0.6
7492,0.6,0.7,0.6,0.6,0.5357,0.6
7493,0.6,0.7,0.6,0.6,0.5357,0.6
7494,1.0,1.0,1.0,1.0,0.8929,1.0
7495,1.0,1.0,1.0,1.0,0.8929,1.0
7496,1.0,1.0,1.0,1.0,0.8929,1.0
7497,1.0,1.0,1.0,1.0,0.8929,1.0
7498,1.0,1.0,1.0,1.0,0.926,1.0
7499,1.0,1.0,1.0,1.0,0.9558,1.0
7500,1.0,1.0,1.0,1.0,0.9795,1.0
7501,1.0,1.0,1.0,1.0,0.9948,1.0
7502,1.0,1.0,1.0,1.0,1.0,1.0
7503,1.0,1.0,1.0,1.0,0.9948,1.0
7504,1.0,1.0,1.0,1.0,0.9795,1.0
7505,1.0,1.0,1.0,1.0,0.9558,1.0
7506,1.0,1.0,1.0,1.0,0.926,1.0
7507,1.0,1.0,1.0,1.0,0.8929,1.0
7508,1.0,0.7,1.0,1.0,0.8929,1.0
7509,1.0,0.7,1.0,1.0,0.8929,1.0
7510,0.6,0.7,0.6,0.6,0.5357,0.6
7511,0.6,0.7,0.6,0.6,0.5357,0.6
7512,0.6,0.7,0.6,0.6,0.5357,0.6
7513,0.6,0.7,0.6,0.6,0.5357,0.6
7514,0.6,0.7,0.6,0.6,0.5357,0.6
7515,0.6,0.7,0.6,0.6,0.5357,0.6
7516,0.6,0.7,0.6,0.6,0.5357,0.6
7517,0.6,0.7,0.6,0.6,0.5357,0.6
7518,1.0,1.0,1.0,1.0,0.8929,1.0
7519,1.0,1.0,1.0,1.0,0.8929,1.0
7520,1.0,1.0,1.0,1.0,0.8929,1.0
7521,1.0,1.0,1.0,1.0,0.8929,1.0
7522,1.0,1.0,1.0,1.0,0.926,1.0
7523,1.0,1.0,1.0,1.0,0.9558,1.0
7524,1.0,1.0,1.0,1.0,0.9795,1.0
7525,1.0,1.0,1.0,1.0,0.9948,1.0
7526,1.0,1.0,1.0,1.0,1.0,1.0
7527,1.0,1.0,1.0,1.0,0.9948,1.0
7528,1.0,1.0,1.0,1.0,0.9795,1.0
7529,1.0,1.0,1.0,1.0,0.9558,1.0
7530,1.0,1.0,1.0,1.0,0.926,1.0
7531,1.0,1.0,1.0,1.0,0.8929,1.0
7532,1.0,0.7,1.0,1.0,0.8929,1.0
7533,1.0,0.7,1.0,1.0,0.8929,1.0
7534,0.6,0.7,0.6,0.6,0.5357,0.6
7535,0.6,0.7,0.6,0.6,0.5357,0.6
7536,0.6,0.7,0.6,0.6,0.5357,0.6
7537,0.6,0.7,0.6,0.6,0.5357,0.6
7538,0.6,0.7,0.6,0.6,0.5357,0.6
7539,0.6,0.7,0.6,0.6,0.5357,0.6
7540,0.6,0.7,0.6,0.6,0.5357,0.6
7541,0.6,0.7,0.6,0.6,0.5357,0.6
7542,1.0,1.0,1.0,1.0,0.8929,1.0
7543,1.0,1.0,1.0,1.0,0.8929,1.0
7544,1.0,1.0,1.0,1.0,0.8929,1.0
7545,1.0,1.0,1.0,1.0,0.8929,1.0
7546,1.0,1.0,1.0,1.0,0.926,1.0
7547,1.0,1.0,1.0,1.0,0.9558,1.0
7548,1.0,1.0,1.0,1.0,0.9795,1.0
7549,1.0,1.0,1.0,1.0,0.9948,1.0
7550,1.0,1.0,1.0,1.0,1.0,1.0
7551,1.0,1.0,1.0,1.0,0.9948,1.0
7552,1.0,1.0,1.0,1.0,0.9795,1.0
7553,1.0,1.0,1.0,1.0,0.9558,1.0
7554,1.0,1.0,1.0,1.0,0.926,1.0
7555,1.0,1.0,1.0,1.0,0.8929,1.0
7556,1.0,0.7,1.0,1.0,0.8929,1.0
7557,1.0,0.7,1.0,1.0,0.8929,1.0
7558,0.6,0.7,0.6,0.6,0.5357,0.6
7559,0.6,0.7,0.6,0.6,0.5357,0.6
7560,0.6,0.7,0.6,0.6,0.5357,0.6
7561,0.6,0.7,0.6,0.6,0.5357,0.6
7562,0.6,0.7,0.6,0.6,0.5357,0.6
7563,0.6,0.7,0.6,0.6,0.5357,0.6
7564,0.6,0.7,0.6,0.6,0.5357,0.6
7565,0.6,0.7,0.6,0.6,0.5357,0.6
7566,1.0,1.0,1.0,1.0,0.8929,1.0
7567,1.0,1.0,1.0,1.0,0.8929,1.0
7568,1.0,1.0,1.0,1.0,0.8929,1.0
7569,1.0,1.0,1.0,1.0,0.8929,1.0
7570,1.0,1.0,1.0,1.0,0.926,1.0
7571,1.0,1.0,1.0,1.0,0.9558,1.0
7572,1.0,1.0,1.0,1.0,0.9795,1.0
7573,1.0,1.0,1.0,1.0,0.9948,1.0
7574,1.0,1.0,1.0,1.0,1.0,1.0
7575,1.0,1.0,1.0,1.0,0.9948,1.0
7576,1.0,1.0,1.0,1.0,0.9795,1.0
7577,1.0,1.0,1.0,1.0,0.9558,1.0
7578,1.0,1.0,1.0,1.0,0.926,1.0
7579,1.0,1.0,1.0,1.0,0.8929,1.0
7580,1.0,0.7,1.0,1.0,0.8929,1.0
7581,1.0,0.7,1.0,1.0,0.8929,1.0
7582,0.6,0.7,0.6,0.6,0.5357,0.6
7583,0.6,0.7,0.6,0.6,0.5357,0.6
7584,0.6,0.7,0.6,0.6,0.5357,0.6
7585,0.6,0.7,0.6,0.6,0.5357,0.6
7586,0.6,0.7,0.6,0.6,0.5357,0.6
7587,0.6,0.7,0.6,0.6,0.5357,0.6
7588,0.6,0.7,0.6,0.6,0.5357,0.6
7589,0.6,0.7,0.6,0.6,0.5357,0.6
7590,1.0,1.0,1.0,1.0,0.8929,1.0
7591,1.0,1.0,1.0,1.0,0.8929,1.0
7592,1.0,1.0,1.0,1.0,0.8929,1.0
7593,1.0,1.0,1.0,1.0,0.8929,1.0
7594,1.0,1.0,1.0,1.0,0.926,1.0
7595,1.0,1.0,1.0,1.0,0.9558,1.0
7596,1.0,1.0,1.0,1.0,0.9795,1.0
7597,1.0,1.0,1.0,1.0,0.9948,1.0
7598,1.0,1.0,1.0,1.0,1.0,1.0
7599,1.0,1.0,1.0,1.0,0.9948,1.0
7600,1.0,1.0,1.0,1.0,0.9795,1.0
7601,1.0,1.0,1.0,1.0,0.9558,1.0
7602,1.0,1.0,1.0,1.0,0.926,1.0
7603,1.0,1.0,1.0,1.0,0.8929,1.0
7604,1.0,0.7,1.0,1.0,0.8929,1.0
7605,1.0,0.7,1.0,1.0,0.8929,1.0
7606,0.6,0.7,0.6,0.6,0.5357,0.6
7607,0.6,0.7,0.6,0.6,0.5357,0.6
7608,0.6,0.7,0.6,0.6,0.5357,0.6
7609,0.6,0.7,0.6,0.6,0.5357,0.6
7610,0.6,0.7,0.6,0.6,0.5357,0.6
7611,0.6,0.7,0.6,0.6,0.5357,0.6
7612,0.6,0.7,0.6,0.6,0.5357,0.6
7613,0.6,0.7,0.6,0.6,0.5357,0.6
7614,1.0,1.0,1.0,1.0,0.8929,1.0
7615,1.0,1.0,1.0,1.0,0.8929,1.0
7616,1.0,1.0,1.0,1.0,0.8929,1.0
7617,1.0,1.0,1.0,1.0,0.8929,1.0
7618,1.0,1.0,1.0,1.0,0.926,1.0
7619,1.0,1.0,1.0,1.0,0.9558,1.0
7620,1.0,1.0,1.0,1.0,0.9795,1.0
7621,1.0,1.0,1.0,1.0,0.9948,1.0
7622,1.0,1.0,1.0,1.0,1.0,1.0
7623,1.0,1.0,1.0,1.0,0.9948,1.0
7624,1.0,1.0,1.0,1.0,0.9795,1.0
7625,1.0,1.0,1.0,1.0,0.9558,1.0
7626,1.0,1.0,1.0,1.0,0.926,1.0
7627,1.0,1.0,1.0,1.0,0.8929,1.0
7628,1.0,0.7,1.0,1.0,0.8929,1.0
7629,1.0,0.7,1.0,1.0,0.8929,1.0
7630,0.6,0.7,0.6,0.6,0.5357,0.6
7631,0.6,0.7,0.6,0.6,0.5357,0.6
7632,0.6,0.7,0.6,0.6,0.5357,0.6
7633,0.6,0.7,0.6,0.6,0.5357,0.6
7634,0.6,0.7,0.6,0.6,0.5357,0.6
7635,0.6,0.7,0.6,0.6,0.5357,0.6
7636,0.6,0.7,0.6,0.6,0.5357,0.6
7637,0.6,0.7,0.6,0.6,0.5357,0.6
7638,1.0,1.0,1.0,1.0,0.8929,1.0
7639,1.0,1.0,1.0,1.0,0.8929,1.0
7640,1.0,1.0,1.0,1.0,0.8929,1.0
7641,1.0,1.0,1.0,1.0,0.8929,1.0
7642,1.0,1.0,1.0,1.0,0.926,1.0
7643,1.0,1.0,1.0,1.0,0.9558,1.0
7644,1.0,1.0,1.0,1.0,0.9795,1.0
7645,1.0,1.0,1.0,1.0,0.9948,1.0
7646,1.0,1.0,1.0,1.0,1.0,1.0
7647,1.0,1.0,1.0,1.0,0.9948,1.0
7648,1.0,1.0,1.0,1.0,0.9795,1.0
7649,1.0,1.0,1.0,1.0,0.9558,1.0
7650,1.0,1.0,1.0,1.0,0.926,1.0
7651,1.0,1.0,1.0,1.0,0.8929,1.0
7652,1.0,0.7,1.0,1.0,0.8929,1.0
7653,1.0,0.7,1.0,1.0,0.8929,1.0
7654,0.6,0.7,0.6,0.6,0.5357,0.6
7655,0.6,0.7,0.6,0.6,0.5357,0.6
7656,0.6,0.7,0.6,0.6,0.5357,0.6
7657,0.6,0.7,0.6,0.6,0.5357,0.6
7658,0.6,0.7,0.6,0.6,0.5357,0.6
7659,0.6,0.7,0.6,0.6,0.5357,0.6
7660,0.6,0.7,0.6,0.6,0.5357,0.6
7661,0.6,0.7,0.6,0.6,0.5357,0.6
7662,1.0,1.0,1.0,1.0,0.8929,1.0
7663,1.0,1.0,1.0,1.0,0.8929,1.0
7664,1.0,1.0,1.0,1.0,0.8929,1.0
7665,1.0,1.0,1.0,1.0,0.8929,1.0
7666,1.0,1.0,1.0,1.0,0.926,1.0
7667,1.0,1.0,1.0,1.0,0.9558,1.0
7668,1.0,1.0,1.0,1.0,0.9795,1.0
7669,1.0,1.0,1.0,1.0,0.9948,1.0
7670,1.0,1.0,1.0,1.0,1.0,1.0
7671,1.0,1.0,1.0,1.0,0.9948,1.0
7672,1.0,1.0,1.0,1.0,0.9795,1.0
7673,1.0,1.0,1.0,1.0,0.9558,1.0
7674,1.0,1.0,1.0,1.0,0.926,1.0
7675,1.0,1.0,1.0,1.0,0.8929,1.0
7676,1.0,0.7,1.0,1.0,0.8929,1.0
7677,1.0,0.7,1.0,1.0,0.8929,1.0
7678,0.6,0.7,0.6,0.6,0.5357,0.6
7679,0.6,0.7,0.6,0.6,0.5357,0.6
7680,0.6,0.7,0.6,0.6,0.5357,0.6
7681,0.6,0.7,0.6,0.6,0.5357,0.6
7682,0.6,0.7,0.6,0.6,0.5357,0.6
7683,0.6,0.7,0.6,0.6,0.5357,0.6
7684,0.6,0.7,0.6,0.6,0.5357,0.6
7685,0.6,0.7,0.6,0.6,0.5357,0.6
7686,1.0,1.0,1.0,1.0,0.8929,1.0
7687,1.0,1.0,1.0,1.0,0.8929,1.0
7688,1.0,1.0,1.0,1.0,0.8929,1.0
7689,1.0,1.0,1.0,1.0,0.8929,1.0
7690,1.0,1.0,1.0,1.0,0.926,1.0
7691,1.0,1.0,1.0,1.0,0.9558,1.0
7692,1.0,1.0,1.0,1.0,0.9795,1.0
7693,1.0,1.0,1.0,1.0,0.9948,1.0
7694,1.0,1.0,1.0,1.0,1.0,1.0
7695,1.0,1.0,1.0,1.0,0.9948,1.0
7696,1.0,1.0,1.0,1.0,0.9795,1.0
7697,1.0,1.0,1.0,1.0,0.9558,1.0
7698,1.0,1.0,1.0,1.0,0.926,1.0
7699,1.0,1.0,1.0,1.0,0.8929,1.0
7700,1.0,0.7,1.0,1.0,0.8929,1.0
7701,1.0,0.7,1.0,1.0,0.8929,1.0
7702,0.6,0.7,0.6,0.6,0.5357,0.6
7703,0.6,0.7,0.6,0.6,0.5357,0.6
7704,0.6,0.7,0.6,0.6,0.5357,0.6
7705,0.6,0.7,0.6,0.6,0.5357,0.6
7706,0.6,0.7,0.6,0.6,0.5357,0.6
7707,0.6,0.7,0.6,0.6,0.5357,0.6
7708,0.6,0.7,0.6,0.6,0.5357,0.6
7709,0.6,0.7,0.6,0.6,0.5357,0.6
7710,1.0,1.0,1.0,1.0,0.8929,1.0
7711,1.0,1.0,1.0,1.0,0.8929,1.0
7712,1.0,1.0,1.0,1.0,0.8929,1.0
7713,1.0,1.0,1.0,1.0,0.8929,1.0
7714,1.0,1.0,1.0,1.0,0.926,1.0
7715,1.0,1.0,1.0,1.0,0.9558,1.0
7716,1.0,1.0,1.0,1.0,0.9795,1.0
7717,1.0,1.0,1.0,1.0,0.9948,1.0
7718,1.0,1.0,1.0,1.0,1.0,1.0
7719,1.0,1.0,1.0,1.0,0.9948,1.0
7720,1.0,1.0,1.0,1.0,0.9795,1.0
7721,1.0,1.0,1.0,1.0,0.9558,1.0
7722,1.0,1.0,1.0,1.0,0.926,1.0
7723,1.0,1.0,1.0,1.0,0.8929,1.0
7724,1.0,0.7,1.0,1.0,0.8929,1.0
7725,1.0,0.7,1.0,1.0,0.8929,1.0
7726,0.6,0.7,0.6,0.6,0.5357,0.6
7727,0.6,0.7,0.6,0.6,0.5357,0.6
7728,0.6,0.7,0.6,0.6,0.5357,0.6
7729,0.6,0.7,0.6,0.6,0.5357,0.6
7730,0.6,0.7,0.6,0.6,0.5357,0.6
7731,0.6,0.7,0.6,0.6,0.5357,0.6
7732,0.6,0.7,0.6,0.6,0.5357,0.6
7733,0.6,0.7,0.6,0.6,0.5357,0.6
7734,1.0,1.0,1.0,1.0,0.8929,1.0
7735,1.0,1.0,1.0,1.0,0.8929,1.0
7736,1.0,1.0,1.0,1.0,0.8929,1.0
7737,1.0,1.0,1.0,1.0,0.8929,1.0
7738,1.0,1.0,1.0,1.0,0.926,1.0
7739,1.0,1.0,1.0,1.0,0.9558,1.0
7740,1.0,1.0,1.0,1.0,0.9795,1.0
7741,1.0,1.0,1.0,1.0,0.9948,1.0
7742,1.0,1.0,1.0,1.0,1.0,1.0
7743,1.0,1.0,1.0,1.0,0.9948,1.0
7744,1.0,1.0,1.0,1.0,0.9795,1.0
7745,1.0,1.0,1.0,1.0,0.9558,1.0
7746,1.0,1.0,1.0,1.0,0.926,1.0
7747,1.0,1.0,1.0,1.0,0.8929,1.0
7748,1.0,0.7,1.0,1.0,0.8929,1.0
7749,1.0,0.7,1.0,1.0,0.8929,1.0
7750,0.6,0.7,0.6,0.6,0.5357,0.6
7751,0.6,0.7,0.6,0.6,0.5357,0.6
7752,0.6,0.7,0.6,0.6,0.5357,0.6
7753,0.6,0.7,0.6,0.6,0.5357,0.6
7754,0.6,0.7,0.6,0.6,0.5357,0.6
7755,0.6,0.7,0.6,0.6,0.5357,0.6
7756,0.6,0.7,0.6,0.6,0.5357,0.6
7757,0.6,0.7,0.6,0.6,0.5357,0.6
7758,1.0,1.0,1.0,1.0,0.8929,1.0
7759,1.0,1.0,1.0,1.0,0.8929,1.0
7760,1.0,1.0,1.0,1.0,0.8929,1.0
7761,1.0,1.0,1.0,1.0,0.8929,1.0
7762,1.0,1.0,1.0,1.0,0.926,1.0
7763,1.0,1.0,1.0,1.0,0.9558,1.0
7764,1.0,1.0,1.0,1.0,0.9795,1.0
7765,1.0,1.0,1.0,1.0,0.9948,1.0
7766,1.0,1.0,1.0,1.0,1.0,1.0
7767,1.0,1.0,1.0,1.0,0.9948,1.0
7768,1.0,1.0,1.0,1.0,0.9795,1.0
7769,1.0,1.0,1.0,1.0,0.9558,1.0
7770,1.0,1.0,1.0,1.0,0.926,1.0
7771,1.0,1.0,1.0,1.0,0.8929,1.0
7772,1.0,0.7,1.0,1.0,0.8929,1.0
7773,1.0,0.7,1.0,1.0,0.8929,1.0
7774,0.6,0.7,0.6,0.6,0.5357,0.6
7775,0.6,0.7,0.6,0.6,0.5357,0.6
7776,0.6,0.7,0.6,0.6,0.5357,0.6
7777,0.6,0.7,0.6,0.6,0.5357,0.6
7778,0.6,0.7,0.6,0.6,0.5357,0.6
7779,0.6,0.7,0.6,0.6,0.5357,0.6
7780,0.6,0.7,0.6,0.6,0.5357,0.6
7781,0.6,0.7,0.6,0.6,0.5357,0.6
7782,1.0,1.0,1.0,1.0,0.8929,1.0
7783,1.0,1.0,1.0,1.0,0.8929,1.0
7784,1.0,1.0,1.0,1.0,0.8929,1.0
7785,1.0,1.0,1.0,1.0,0.8929,1.0
7786,1.0,1.0,1.0,1.0,0.926,1.0
7787,1.0,1.0,1.0,1.0,0.9558,1.0
7788,1.0,1.0,1.0,1.0,0.9795,1.0
7789,1.0,1.0,1.0,1.0,0.9948,1.0
7790,1.0,1.0,1.0,1.0,1.0,1.0
7791,1.0,1.0,1.0,1.0,0.9948,1.0
7792,1.0,1.0,1.0,1.0,0.9795,1.0
7793,1.0,1.0,1.0,1.0,0.9558,1.0
7794,1.0,1.0,1.0,1.0,0.926,1.0
7795,1.0,1.0,1.0,1.0,0.8929,1.0
7796,1.0,0.7,1.0,1.0,0.8929,1.0
7797,1.0,0.7,1.0,1.0,0.8929,1.0
7798,0.6,0.7,0.6,0.6,0.5357,0.6
7799,0.6,0.7,0.6,0.6,0.5357,0.6
7800,0.6,0.7,0.6,0.6,0.5357,0.6
7801,0.6,0.7,0.6,0.6,0.5357,0.6
7802,0.6,0.7,0.6,0.6,0.5357,0.6
7803,0.6,0.7,0.6,0.6,0.5357,0.6
7804,0.6,0.7,0.6,0.6,0.5357,0.6
7805,0.6,0.7,0.6,0.6,0.5357,0.6
7806,1.0,1.0,1.0,1.0,0.8929,1.0
7807,1.0,1.0,1.0,1.0,0.8929,1.0
7808,1.0,1.0,1.0,1.0,0.8929,1.0
7809,1.0,1.0,1.0,1.0,0.8929,1.0
7810,1.0,1.0,1.0,1.0,0.926,1.0
7811,1.0,1.0,1.0,1.0,0.9558,1.0
7812,1.0,1.0,1.0,1.0,0.9795,1.0
7813,1.0,1.0,1.0,1.0,0.9948,1.0
7814,1.0,1.0,1.0,1.0,1.0,1.0
7815,1.0,1.0,1.0,1.0,0.9948,1.0
7816,1.0,1.0,1.0,1.0,0.9795,1.0
7817,1.0,1.0,1.0,1.0,0.9558,1.0
7818,1.0,1.0,1.0,1.0,0.926,1.0
7819,1.0,1.0,1.0,1.0,0.8929,1.0
7820,1.0,0.7,1.0,1.0,0.8929,1.0
7821,1.0,0.7,1.0,1.0,0.8929,1.0
7822,0.6,0.7,0.6,0.6,0.5357,0.6
7823,0.6,0.7,0.6,0.6,0.5357,0.6
7824,0.6,0.7,0.6,0.6,0.5357,0.6
7825,0.6,0.7,0.6,0.6,0.5357,0.6
7826,0.6,0.7,0.6,0.6,0.5357,0.6
7827,0.6,0.7,0.6,0.6,0.5357,0.6
7828,0.6,0.7,0.6,0.6,0.5357,0.6
7829,0.6,0.7,0.6,0.6,0.5357,0.6
7830,1.0,1.0,1.0,1.0,0.8929,1.0
7831,1.0,1.0,1.0,1.0,0.8929,1.0
7832,1.0,1.0,1.0,1.0,0.8929,1.0
7833,1.0,1.0,1.0,1.0,0.8929,1.0
7834,1.0,1.0,1.0,1.0,0.926,1.0
7835,1.0,1.0,1.0,1.0,0.9558,1.0
7836,1.0,1.0,1.0,1.0,0.9795,1.0
7837,1.0,1.0,1.0,1.0,0.9948,1.0
7838,1.0,1.0,1.0,1.0,1.0,1.0
7839,1.0,1.0,1.0,1.0,0.9948,1.0
7840,1.0,1.0,1.0,1.0,0.9795,1.0
7841,1.0,1.0,1.0,1.0,0.9558,1.0
7842,1.0,1.0,1.0,1.0,0.926,1.0
7843,1.0,1.0,1.0,1.0,0.8929,1.0
7844,1.0,0.7,1.0,1.0,0.8929,1.0
7845,1.0,0.7,1.0,1.0,0.8929,1.0
7846,0.6,0.7,0.6,0.6,0.5357,0.6
7847,0.6,0.7,0.6,0.6,0.5357,0.6
7848,0.6,0.7,0.6,0.6,0.5357,0.6
7849,0.6,0.7,0.6,0.6,0.5357,0.6
7850,0.6,0.7,0.6,0.6,0.5357,0.6
7851,0.6,0.7,0.6,0.6,0.5357,0.6
7852,0.6,0.7,0.6,0.6,0.5357,0.6
7853,0.6,0.7,0.6,0.6,0.5357,0.6
7854,1.0,1.0,1.0,1.0,0.8929,1.0
7855,1.0,1.0,1.0,1.0,0.8929,1.0
7856,1.0,1.0,1.0,1.0,0.8929,1.0
7857,1.0,1.0,1.0,1.0,0.8929,1.0
7858,1.0,1.0,1.0,1.0,0.926,1.0
7859,1.0,1.0,1.0,1.0,0.9558,1.0
7860,1.0,1.0,1.0,1.0,0.9795,1.0
7861,1.0,1.0,1.0,1.0,0.9948,1.0
7862,1.0,1.0,1.0,1.0,1.0,1.0
7863,1.0,1.0,1.0,1.0,0.9948,1.0
7864,1.0,1.0,1.0,1.0,0.9795,1.0
7865,1.0,1.0,1.0,1.0,0.9558,1.0
7866,1.0,1.0,1.0,1.0,0.926,1.0
7867,1.0,1.0,1.0,1.0,0.8929,1.0
7868,1.0,0.7,1.0,1.0,0.8929,1.0
7869,1.0,0.7,1.0,1.0,0.8929,1.0
7870,0.6,0.7,0.6,0.6,0.5357,0.6
7871,0.6,0.7,0.6,0.6,0.5357,0.6
7872,0.6,0.7,0.6,0.6,0.5357,0.6
7873,0.6,0.7,0.6,0.6,0.5357,0.6
7874,0.6,0.7,0.6,0.6,0.5357,0.6
7875,0.6,0.7,0.6,0.6,0.5357,0.6
7876,0.6,0.7,0.6,0.6,0.5357,0.6
7877,0.6,0.7,0.6,0.6,0.5357,0.6
7878,1.0,1.0,1.0,1.0,0.8929,1.0
7879,1.0,1.0,1.0,1.0,0.8929,1.0
7880,1.0,1.0,1.0,1.0,0.8929,1.0
7881,1.0,1.0,1.0,1.0,0.8929,1.0
7882,1.0,1.0,1.0,1.0,0.926,1.0
7883,1.0,1.0,1.0,1.0,0.9558,1.0
7884,1.0,1.0,1.0,1.0,0.9795,1.0
7885,1.0,1.0,1.0,1.0,0.9948,1.0
7886,1.0,1.0,1.0,1.0,1.0,1.0
7887,1.0,1.0,1.0,1.0,0.9948,1.0
7888,1.0,1.0,1.0,1.0,0.9795,1.0
7889,1.0,1.0,1.0,1.0,0.9558,1.0
7890,1.0,1.0,1.0,1.0,0.926,1.0
7891,1.0,1.0,1.0,1.0,0.8929,1.0
7892,1.0,0.7,1.0,1.0,0.8929,1.0
7893,1.0,0.7,1.0,1.0,0.8929,1.0
7894,0.6,0.7,0.6,0.6,0.5357,0.6
7895,0.6,0.7,0.6,0.6,0.5357,0.6
7896,0.6,0.7,0.6,0.6,0.5357,0.6
7897,0.6,0.7,0.6,0.6,0.5357,0.6
7898,0.6,0.7,0.6,0.6,0.5357,0.6
7899,0.6,0.7,0.6,0.6,0.5357,0.6
7900,0.6,0.7,0.6,0.6,0.5357,0.6
7901,0.6,0.7,0.6,0.6,0.5357,0.6
7902,1.0,1.0,1.0,1.0,0.8929,1.0
7903,1.0,1.0,1.0,1.0,0.8929,1.0
7904,1.0,1.0,1.0,1.0,0.8929,1.0
7905,1.0,1.0,1.0,1.0,0.8929,1.0
7906,1.0,1.0,1.0,1.0,0.926,1.0
7907,1.0,1.0,1.0,1.0,0.9558,1.0
7908,1.0,1.0,1.0,1.0,0.9795,1.0
7909,1.0,1.0,1.0,1.0,0.9948,1.0
7910,1.0,1.0,1.0,1.0,1.0,1.0
7911,1.0,1.0,1.0,1.0,0.9948,1.0
7912,1.0,1.0,1.0,1.0,0.9795,1.0
7913,1.0,1.0,1.0,1.0,0.9558,1.0
7914,1.0,1.0,1.0,1.0,0.926,1.0
7915,1.0,1.0,1.0,1.0,0.8929,1.0
7916,1.0,0.7,1.0,1.0,0.8929,1.0
7917,1.0,0.7,1.0,1.0,0.8929,1.0
7918,0.6,0.7,0.6,0.6,0.5357,0.6
7919,0.6,0.7,0.6,0.6,0.5357,0.6
7920,0.6,0.7,0.6,0.6,0.5357,0.6
7921,0.6,0.7,0.6,0.6,0.5357,0.6
7922,0.6,0.7,0.6,0.6,0.5357,0.6
7923,0.6,0.7,0.6,0.6,0.5357,0.6
7924,0.6,0.7,0.6,0.6,0.5357,0.6
7925,0.6,0.7,0.6,0.6,0.5357,0.6
7926,1.0,1.0,1.0,1.0,0.8929,1.0
7927,1.0,1.0,1.0,1.0,0.8929,1.0
7928,1.0,1.0,1.0,1.0,0.8929,1.0
7929,1.0,1.0,1.0,1.0,0.8929,1.0
7930,1.0,1.0,1.0,1.0,0.926,1.0
7931,1.0,1.0,1.0,1.0,0.9558,1.0
7932,1.0,1.0,1.0,1.0,0.9795,1.0
7933,1.0,1.0,1.0,1.0,0.9948,1.0
7934,1.0,1.0,1.0,1.0,1.0,1.0
7935,1.0,1.0,1.0,1.0,0.9948,1.0
7936,1.0,1.0,1.0,1.0,0.9795,1.0
7937,1.0,1.0,1.0,1.0,0.9558,1.0
7938,1.0,1.0,1.0,1.0,0.926,1.0
7939,1.0,1.0,1.0,1.0,0.8929,1.0
7940,1.0,0.7,1.0,1.0,0.8929,1.0
7941,1.0,0.7,1.0,1.0,0.8929,1.0
7942,0.6,0.7,0.6,0.6,0.5357,0.6
7943,0.6,0.7,0.6,0.6,0.5357,0.6
7944,0.6,0.7,0.6,0.6,0.5357,0.6
7945,0.6,0.7,0.6,0.6,0.5357,0.6
7946,0.6,0.7,0.6,0.6,0.5357,0.6
7947,0.6,0.7,0.6,0.6,0.5357,0.6
7948,0.6,0.7,0.6,0.6,0.5357,0.6
7949,0.6,0.7,0.6,0.6,0.5357,0.6
7950,1.0,1.0,1.0,1.0,0.8929,1.0
7951,1.0,1.0,1.0,1.0,0.8929,1.0
7952,1.0,1.0,1.0,1.0,0.8929,1.0
7953,1.0,1.0,1.0,1.0,0.8929,1.0
7954,1.0,1.0,1.0,1.0,0.926,1.0
7955,1.0,1.0,1.0,1.0,0.9558,1.0
7956,1.0,1.0,1.0,1.0,0.9795,1.0
7957,1.0,1.0,1.0,1.0,0.9948,1.0
7958,1.0,1.0,1.0,1.0,1.0,1.0
7959,1.0,1.0,1.0,1.0,0.9948,1.0
7960,1.0,1.0,1.0,1.0,0.9795,1.0
7961,1.0,1.0,1.0,1.0,0.9558,1.0
7962,1.0,1.0,1.0,1.0,0.926,1.0
7963,1.0,1.0,1.0,1.0,0.8929,1.0
7964,1.0,0.7,1.0,1.0,0.8929,1.0
7965,1.0,0.7,1.0,1.0,0.8929,1.0
7966,0.6,0.7,0.6,0.6,0.5357,0.6
7967,0.6,0.7,0.6,0.6,0.5357,0.6
7968,0.6,0.7,0.6,0.6,0.5357,0.6
7969,0.6,0.7,0.6,0.6,0.5357,0.6
7970,0.6,0.7,0.6,0.6,0.5357,0.6
7971,0.6,0.7,0.6,0.6,0.5357,0.6
7972,0.6,0.7,0.6,0.6,0.5357,0.6
7973,0.6,0.7,0.6,0.6,0.5357,0.6
7974,1.0,1.0,1.0,1.0,0.8929,1.0
7975,1.0,1.0,1.0,1.0,0.8929,1.0
7976,1.0,1.0,1.0,1.0,0.8929,1.0
7977,1.0,1.0,1.0,1.0,0.8929,1.0
7978,1.0,1.0,1.0,1.0,0.926,1.0
7979,1.0,1.0,1.0,1.0,0.9558,1.0
7980,1.0,1.0,1.0,1.0,0.9795,1.0
7981,1.0,1.0,1.0,1.0,0.9948,1.0
7982,1.0,1.0,1.0,1.0,1.0,1.0
7983,1.0,1.0,1.0,1.0,0.9948,1.0
7984,1.0,1.0,1.0,1.0,0.9795,1.0
7985,1.0,1.0,1.0,1.0,0.9558,1.0
7986,1.0,1.0,1.0,1.0,0.926,1.0
7987,1.0,1.0,1.0,1.0,0.8929,1.0
7988,1.0,0.7,1.0,1.0,0.8929,1.0
7989,1.0,0.7,1.0,1.0,0.8929,1.0
7990,0.6,0.7,0.6,0.6,0.5357,0.6
7991,0.6,0.7,0.6,0.6,0.5357,0.6
7992,0.6,0.7,0.6,0.6,0.5357,0.6
7993,0.6,0.7,0.6,0.6,0.5357,0.6
7994,0.6,0.7,0.6,0.6,0.5357,0.6
7995,0.6,0.7,0.6,0.6,0.5357,0.6
7996,0.6,0.7,0.6,0.6,0.5357,0.6
7997,0.6,0.7,0.6,0.6,0.5357,0.6
7998,1.0,1.0,1.0,1.0,0.8929,1.0
7999,1.0,1.0,1.0,1.0,0.8929,1.0
8000,1.0,1.0,1.0,1.0,0.8929,1.0
8001,1.0,1.0,1.0,1.0,0.8929,1.0
8002,1.0,1.0,1.0,1.0,0.926,1.0
8003,1.0,1.0,1.0,1.0,0.9558,1.0
8004,1.0,1.0,1.0,1.0,0.9795,1.0
8005,1.0,1.0,1.0,1.0,0.9948,1.0
8006,1.0,1.0,1.0,1.0,1.0,1.0
8007,1.0,1.0,1.0,1.0,0.9948,1.0
8008,1.0,1.0,1.0,1.0,0.9795,1.0
8009,1.0,1.0,1.0,1.0,0.9558,1.0
8010,1.0,1.0,1.0,1.0,0.926,1.0
8011,1.0,1.0,1.0,1.0,0.8929,1.0
8012,1.0,0.7,1.0,1.0,0.8929,1.0
8013,1.0,0.7,1.0,1.0,0.8929,1.0
8014,0.6,0.7,0.6,0.6,0.5357,0.6
8015,0.6,0.7,0.6,0.6,0.5357,0.6
8016,0.6,0.7,0.6,0.6,0.5357,0.6
8017,0.6,0.7,0.6,0.6,0.5357,0.6
8018,0.6,0.7,0.6,0.6,0.5357,0.6
8019,0.6,0.7,0.6,0.6,0.5357,0.6
8020,0.6,0.7,0.6,0.6,0.5357,0.6
8021,0.6,0.7,0.6,0.6,0.5357,0.6
8022,1.0,1.0,1.0,1.0,0.8929,1.0
8023,1.0,1.0,1.0,1.0,0.8929,1.0
8024,1.0,1.0,1.0,1.0,0.8929,1.0
8025,1.0,1.0,1.0,1.0,0.8929,1.0
8026,1.0,1.0,1.0,1.0,0.926,1.0
8027,1.0,1.0,1.0,1.0,0.9558,1.0
8028,1.0,1.0,1.0,1.0,0.9795,1.0
8029,1.0,1.0,1.0,1.0,0.9948,1.0
8030,1.0,1.0,1.0,1.0,1.0,1.0
8031,1.0,1.0,1.0,1.0,0.9948,1.0
8032,1.0,1.0,1.0,1.0,0.9795,1.0
8033,1.0,1.0,1.0,1.0,0.9558,1.0
8034,1.0,1.0,1.0,1.0,0.926,1.0
8035,1.0,1.0,1.0,1.0,0.8929,1.0
8036,1.0,0.7,1.0,1.0,0.8929,1.0
8037,1.0,0.7,1.0,1.0,0.8929,1.0
8038,0.6,0.7,0.6,0.6,0.5357,0.6
8039,0.6,0.7,0.6,0.6,0.5357,0.6
8040,0.6,0.7,0.6,0.6,0.5357,0.6
8041,0.6,0.7,0.6,0.6,0.5357,0.6
8042,0.6,0.7,0.6,0.6,0.5357,0.6
8043,0.6,0.7,0.6,0.6,0.5357,0.6
8044,0.6,0.7,0.6,0.6,0.5357,0.6
8045,0.6,0.7,0.6,0.6,0.5357,0.6
8046,1.0,1.0,1.0,1.0,0.8929,1.0
8047,1.0,1.0,1.0,1.0,0.8929,1.0
8048,1.0,1.0,1.0,1.0,0.8929,1.0
8049,1.0,1.0,1.0,1.0,0.8929,1.0
8050,1.0,1.0,1.0,1.0,0.926,1.0
8051,1.0,1.0,1.0,1.0,0.9558,1.0
8052,1.0,1.0,1.0,1.0,0.9795,1.0
8053,1.0,1.0,1.0,1.0,0.9948,1.0
8054,1.0,1.0,1.0,1.0,1.0,1.0
8055,1.0,1.0,1.0,1.0,0.9948,1.0
8056,1.0,1.0,1.0,1.0,0.9795,1.0
8057,1.0,1.0,1.0,1.0,0.9558,1.0
8058,1.0,1.0,1.0,1.0,0.926,1.0
8059,1.0,1.0,1.0,1.0,0.8929,1.0
8060,1.0,0.7,1.0,1.0,0.8929,1.0
8061,1.0,0.7,1.0,1.0,0.8929,1.0
8062,0.6,0.7,0.6,0.6,0.5357,0.6
8063,0.6,0.7,0.6,0.6,0.5357,0.6
8064,0.6,0.7,0.6,0.6,0.5357,0.6
8065,0.6,0.7,0.6,0.6,0.5357,0.6
8066,0.6,0.7,0.6,0.6,0.5357,0.6
8067,0.6,0.7,0.6,0.6,0.5357,0.6
8068,0.6,0.7,0.6,0.6,0.5357,0.6
8069,0.6,0.7,0.6,0.6,0.5357,0.6
8070,1.0,1.0,1.0,1.0,0.8929,1.0
8071,1.0,1.0,1.0,1.0,0.8929,1.0
8072,1.0,1.0,1.0,1.0,0.8929,1.0
8073,1.0,1.0,1.0,1.0,0.8929,1.0
8074,1.0,1.0,1.0,1.0,0.926,1.0
8075,1.0,1.0,1.0,1.0,0.9558,1.0
8076,1.0,1.0,1.0,1.0,0.9795,1.0
8077,1.0,1.0,1.0,1.0,0.9948,1.0
8078,1.0,1.0,1.0,1.0,1.0,1.0
8079,1.0,1.0,1.0,1.0,0.9948,1.0
8080,1.0,1.0,1.0,1.0,0.9795,1.0
8081,1.0,1.0,1.0,1.0,0.9558,1.0
8082,1.0,1.0,1.0,1.0,0.926,1.0
8083,1.0,1.0,1.0,1.0,0.8929,1.0
8084,1.0,0.7,1.0,1.0,0.8929,1.0
8085,1.0,0.7,1.0,1.0,0.8929,1.0
8086,0.6,0.7,0.6,0.6,0.5357,0.6
8087,0.6,0.7,0.6,0.6,0.5357,0.6
8088,0.6,0.7,0.6,0.6,0.5357,0.6
8089,0.6,0.7,0.6,0.6,0.5357,0.6
8090,0.6,0.7,0.6,0.6,0.5357,0.6
8091,0.6,0.7,0.6,0.6,0.5357,0.6
8092,0.6,0.7,0.6,0.6,0.5357,0.6
8093,0.6,0.7,0.6,0.6,0.5357,0.6
8094,1.0,1.0,1.0,1.0,0.8929,1.0
8095,1.0,1.0,1.0,1.0,0.8929,1.0
8096,1.0,1.0,1.0,1.0,0.8929,1.0
8097,1.0,1.0,1.0,1.0,0.8929,1.0
8098,1.0,1.0,1.0,1.0,0.926,1.0
8099,1.0,1.0,1.0,1.0,0.9558,1.0
8100,1.0,1.0,1.0,1.0,0.9795,1.0
8101,1.0,1.0,1.0,1.0,0.9948,1.0
8102,1.0,1.0,1.0,1.0,1.0,1.0
8103,1.0,1.0,1.0,1.0,0.9948,1.0
8104,1.0,1.0,1.0,1.0,0.9795,1.0
8105,1.0,1.0,1.0,1.0,0.9558,1.0
8106,1.0,1.0,1.0,1.0,0.926,1.0
8107,1.0,1.0,1.0,1.0,0.8929,1.0
8108,1.0,0.7,1.0,1.0,0.8929,1.0
8109,1.0,0.7,1.0,1.0,0.8929,1.0
8110,0.6,0.7,0.6,0.6,0.5357,0.6
8111,0.6,0.7,0.6,0.6,0.5357,0.6
8112,0.6,0.7,0.6,0.6,0.5357,0.6
8113,0.6,0.7,0.6,0.6,0.5357,0.6
8114,0.6,0.7,0.6,0.6,0.5357,0.6
8115,0.6,0.7,0.6,0.6,0.5357,0.6
8116,0.6,0.7,0.6,0.6,0.5357,0.6
8117,0.6,0.7,0.6,0.6,0.5357,0.6
8118,1.0,1.0,1.0,1.0,0.8929,1.0
8119,1.0,1.0,1.0,1.0,0.8929,1.0
8120,1.0,1.0,1.0,1.0,0.8929,1.0
8121,1.0,1.0,1.0,1.0,0.8929,1.0
8122,1.0,1.0,1.0,1.0,0.926,1.0
8123,1.0,1.0,1.0,1.0,0.9558,1.0
8124,1.0,1.0,1.0,1.0,0.9795,1.0
8125,1.0,1.0,1.0,1.0,0.9948,1.0
8126,1.0,1.0,1.0,1.0,1.0,1.0
8127,1.0,1.0,1.0,1.0,0.9948,1.0
8128,1.0,1.0,1.0,1.0,0.9795,1.0
8129,1.0,1.0,1.0,1.0,0.9558,1.0
8130,1.0,1.0,1.0,1.0,0.926,1.0
8131,1.0,1.0,1.0,1.0,0.8929,1.0
8132,1.0,0.7,1.0,1.0,0.8929,1.0
8133,1.0,0.7,1.0,1.0,0.8929,1.0
8134,0.6,0.7,0.6,0.6,0.5357,0.6
8135,0.6,0.7,0.6,0.6,0.5357,0.6
8136,0.6,0.7,0.6,0.6,0.5357,0.6
8137,0.6,0.7,0.6,0.6,0.5357,0.6
8138,0.6,0.7,0.6,0.6,0.5357,0.6
8139,0.6,0.7,0.6,0.6,0.5357,0.6
8140,0.6,0.7,0.6,0.6,0.5357,0.6
8141,0.6,0.7,0.6,0.6,0.5357,0.6
8142,1.0,1.0,1.0,1.0,0.8929,1.0
8143,1.0,1.0,1.0,1.0,0.8929,1.0
8144,1.0,1.0,1.0,1.0,0.8929,1.0
8145,1.0,1.0,1.0,1.0,0.8929,1.0
8146,1.0,1.0,1.0,1.0,0.926,1.0
8147,1.0,1.0,1.0,1.0,0.9558,1.0
8148,1.0,1.0,1.0,1.0,0.9795,1.0
8149,1.0,1.0,1.0,1.0,0.9948,1.0
8150,1.0,1.0,1.0,1.0,1.0,1.0
8151,1.0,1.0,1.0,1.0,0.9948,1.0
8152,1.0,1.0,1.0,1.0,0.9795,1.0
8153,1.0,1.0,1.0,1.0,0.9558,1.0
8154,1.0,1.0,1.0,1.0,0.926,1.0
8155,1.0,1.0,1.0,1.0,0.8929,1.0
8156,1.0,0.7,1.0,1.0,0.8929,1.0
8157,1.0,0.7,1.0,1.0,0.8929,1.0
8158,0.6,0.7,0.6,0.6,0.5357,0.6
8159,0.6,0.7,0.6,0.6,0.5357,0.6
8160,0.6,0.7,0.6,0.6,0.5357,0.6
8161,0.6,0.7,0.6,0.6,0.5357,0.6
8162,0.6,0.7,0.6,0.6,0.5357,0.6
8163,0.6,0.7,0.6,0.6,0.5357,0.6
8164,0.6,0.7,0.6,0.6,0.5357,0.6
8165,0.6,0.7,0.6,0.6,0.5357,0.6
8166,1.0,1.0,1.0,1.0,0.8929,1.0
8167,1.0,1.0,1.0,1.0,0.8929,1.0
8168,1.0,1.0,1.0,1.0,0.8929,1.0
8169,1.0,1.0,1.0,1.0,0.8929,1.0
8170,1.0,1.0,1.0,1.0,0.926,1.0
8171,1.0,1.0,1.0,1.0,0.9558,1.0
8172,1.0,1.0,1.0,1.0,0.9795,1.0
8173,1.0,1.0,1.0,1.0,0.9948,1.0
8174,1.0,1.0,1.0,1.0,1.0,1.0
8175,1.0,1.0,1.0,1.0,0.9948,1.0
8176,1.0,1.0,1.0,1.0,0.9795,1.0
8177,1.0,1.0,1.0,1.0,0.9558,1.0
8178,1.0,1.0,1.0,1.0,0.926,1.0
8179,1.0,1.0,1.0,1.0,0.8929,1.0
8180,1.0,0.7,1.0,1.0,0.8929,1.0
8181,1.0,0.7,1.0,1.0,0.8929,1.0
8182,0.6,0.7,0.6,0.6,0.5357,0.6
8183,0.6,0.7,0.6,0.6,0.5357,0.6
8184,0.6,0.7,0.6,0.6,0.5357,0.6
8185,0.6,0.7,0.6,0.6,0.5357,0.6
8186,0.6,0.7,0.6,0.6,0.5357,0.6
8187,0.6,0.7,0.6,0.6,0.5357,0.6
8188,0.6,0.7,0.6,0.6,0.5357,0.6
8189,0.6,0.7,0.6,0.6,0.5357,0.6
8190,1.0,1.0,1.0,1.0,0.8929,1.0
8191,1.0,1.0,1.0,1.0,0.8929,1.0
8192,1.0,1.0,1.0,1.0,0.8929,1.0
8193,1.0,1.0,1.0,1.0,0.8929,1.0
8194,1.0,1.0,1.0,1.0,0.926,1.0
8195,1.0,1.0,1.0,1.0,0.9558,1.0
8196,1.0,1.0,1.0,1.0,0.9795,1.0
8197,1.0,1.0,1.0,1.0,0.9948,1.0
8198,1.0,1.0,1.0,1.0,1.0,1.0
8199,1.0,1.0,1.0,1.0,0.9948,1.0
8200,1.0,1.0,1.0,1.0,0.9795,1.0
8201,1.0,1.0,1.0,1.0,0.9558,1.0
8202,1.0,1.0,1.0,1.0,0.926,1.0
8203,1.0,1.0,1.0,1.0,0.8929,1.0
8204,1.0,0.7,1.0,1.0,0.8929,1.0
8205,1.0,0.7,1.0,1.0,0.8929,1.0
8206,0.6,0.7,0.6,0.6,0.5357,0.6
8207,0.6,0.7,0.6,0.6,0.5357,0.6
8208,0.6,0.7,0.6,0.6,0.5357,0.6
8209,0.6,0.7,0.6,0.6,0.5357,0.6
8210,0.6,0.7,0.6,0.6,0.5357,0.6
8211,0.6,0.7,0.6,0.6,0.5357,0.6
8212,0.6,0.7,0.6,0.6,0.5357,0.6
8213,0.6,0.7,0.6,0.6,0.5357,0.6
8214,1.0,1.0,1.0,1.0,0.8929,1.0
8215,1.0,1.0,1.0,1.0,0.8929,1.0
8216,1.0,1.0,1.0,1.0,0.8929,1.0
8217,1.0,1.0,1.0,1.0,0.8929,1.0
8218,1.0,1.0,1.0,1.0,0.926,1.0
8219,1.0,1.0,1.0,1.0,0.9558,1.0
8220,1.0,1.0,1.0,1.0,0.9795,1.0
8221,1.0,1.0,1.0,1.0,0.9948,1.0
8222,1.0,1.0,1.0,1.0,1.0,1.0
8223,1.0,1.0,1.0,1.0,0.9948,1.0
8224,1.0,1.0,1.0,1.0,0.9795,1.0
8225,1.0,1.0,1.0,1.0,0.9558,1.0
8226,1.0,1.0,1.0,1.0,0.926,1.0
8227,1.0,1.0,1.0,1.0,0.8929,1.0
8228,1.0,0.7,1.0,1.0,0.8929,1.0
8229,1.0,0.7,1.0,1.0,0.8929,1.0
8230,0.6,0.7,0.6,0.6,0.5357,0.6
8231,0.6,0.7,0.6,0.6,0.5357,0.6
8232,0.6,0.7,0.6,0.6,0.5357,0.6
8233,0.6,0.7,0.6,0.6,0.5357,0.6
8234,0.6,0.7,0.6,0.6,0.5357,0.6
8235,0.6,0.7,0.6,0.6,0.5357,0.6
8236,0.6,0.7,0.6,0.6,0.5357,0.6
8237,0.6,0.7,0.6,0.6,0.5357,0.6
8238,1.0,1.0,1.0,1.0,0.8929,1.0
8239,1.0,1.0,1.0,1.0,0.8929,1.0
8240,1.0,1.0,1.0,1.0,0.8929,1.0
8241,1.0,1.0,1.0,1.0,0.8929,1.0
8242,1.0,1.0,1.0,1.0,0.926,1.0
8243,1.0,1.0,1.0,1.0,0.9558,1.0
8244,1.0,1.0,1.0,1.0,0.9795,1.0
8245,1.0,1.0,1.0,1.0,0.9948,1.0
8246,1.0,1.0,1.0,1.0,1.0,1.0
8247,1.0,1.0,1.0,1.0,0.9948,1.0
8248,1.0,1.0,1.0,1.0,0.9795,1.0
8249,1.0,1.0,1.0,1.0,0.9558,1.0
8250,1.0,1.0,1.0,1.0,0.926,1.0
8251,1.0,1.0,1.0,1.0,0.8929,1.0
8252,1.0,0.7,1.0,1.0,0.8929,1.0
8253,1.0,0.7,1.0,1.0,0.8929,1.0
8254,0.6,0.7,0.6,0.6,0.5357,0.6
8255,0.6,0.7,0.6,0.6,0.5357,0.6
8256,0.6,0.7,0.6,0.6,0.5357,0.6
8257,0.6,0.7,0.6,0.6,0.5357,0.6
8258,0.6,0.7,0.6,0.6,0.5357,0.6
8259,0.6,0.7,0.6,0.6,0.5357,0.6
8260,0.6,0.7,0.6,0.6,0.5357,0.6
8261,0.6,0.7,0.6,0.6,0.5357,0.6
8262,1.0,1.0,1.0,1.0,0.8929,1.0
8263,1.0,1.0,1.0,1.0,0.8929,1.0
8264,1.0,1.0,1.0,1.0,0.8929,1.0
8265,1.0,1.0,1.0,1.0,0.8929,1.0
8266,1.0,1.0,1.0,1.0,0.926,1.0
8267,1.0,1.0,1.0,1.0,0.9558,1.0
8268,1.0,1.0,1.0,1.0,0.9795,1.0
8269,1.0,1.0,1.0,1.0,0.9948,1.0
8270,1.0,1.0,1.0,1.0,1.0,1.0
8271,1.0,1.0,1.0,1.0,0.9948,1.0
8272,1.0,1.0,1.0,1.0,0.9795,1.0
8273,1.0,1.0,1.0,1.0,0.9558,1.0
8274,1.0,1.0,1.0,1.0,0.926,1.0
8275,1.0,1.0,1.0,1.0,0.8929,1.0
8276,1.0,0.7,1.0,1.0,0.8929,1.0
8277,1.0,0.7,1.0,1.0,0.8929,1.0
8278,0.6,0.7,0.6,0.6,0.5357,0.6
8279,0.6,0.7,0.6,0.6,0.5357,0.6
8280,0.6,0.7,0.6,0.6,0.5357,0.6
8281,0.6,0.7,0.6,0.6,0.5357,0.6
8282,0.6,0.7,0.6,0.6,0.5357,0.6
8283,0.6,0.7,0.6,0.6,0.5357,0.6
8284,0.6,0.7,0.6,0.6,0.5357,0.6
8285,0.6,0.7,0.6,0.6,0.5357,0.6
8286,1.0,1.0,1.0,1.0,0.8929,1.0
8287,1.0,1.0,1.0,1.0,0.8929,1.0
8288,1.0,1.0,1.0,1.0,0.8929,1.0
8289,1.0,1.0,1.0,1.0,0.8929,1.0
8290,1.0,1.0,1.0,1.0,0.926,1.0
8291,1.0,1.0,1.0,1.0,0.9558,1.0
8292,1.0,1.0,1.0,1.0,0.9795,1.0
8293,1.0,1.0,1.0,1.0,0.9948,1.0
8294,1.0,1.0,1.0,1.0,1.0,1.0
8295,1.0,1.0,1.0,1.0,0.9948,1.0
8296,1.0,1.0,1.0,1.0,0.9795,1.0
8297,1.0,1.0,1.0,1.0,0.9558,1.0
8298,1.0,1.0,1.0,1.0,0.926,1.0
8299,1.0,1.0,1.0,1.0,0.8929,1.0
8300,1.0,0.7,1.0,1.0,0.8929,1.0
8301,1.0,0.7,1.0,1.0,0.8929,1.0
8302,0.6,0.7,0.6,0.6,0.5357,0.6
8303,0.6,0.7,0.6,0.6,0.5357,0.6
8304,0.6,0.7,0.6,0.6,0.5357,0.6
8305,0.6,0.7,0.6,0.6,0.5357,0.6
8306,0.6,0.7,0.6,0.6,0.5357,0.6
8307,0.6,0.7,0.6,0.6,0.5357,0.6
8308,0.6,0.7,0.6,0.6,0.5357,0.6
8309,0.6,0.7,0.6,0.6,0.5357,0.6
8310,1.0,1.0,1.0,1.0,0.8929,1.0
8311,1.0,1.0,1.0,1.0,0.8929,1.0
8312,1.0,1.0,1.0,1.0,0.8929,1.0
8313,1.0,1.0,1.0,1.0,0.8929,1.0
8314,1.0,1.0,1.0,1.0,0.926,1.0
8315,1.0,1.0,1.0,1.0,0.9558,1.0
8316,1.0,1.0,1.0,1.0,0.9795,1.0
8317,1.0,1.0,1.0,1.0,0.9948,1.0
8318,1.0,1.0,1.0,1.0,1.0,1.0
8319,1.0,1.0,1.0,1.0,0.9948,1.0
8320,1.0,1.0,1.0,1.0,0.9795,1.0
8321,1.0,1.0,1.0,1.0,0.9558,1.0
8322,1.0,1.0,1.0,1.0,0.926,1.0
8323,1.0,1.0,1.0,1.0,0.8929,1.0
8324,1.0,0.7,1.0,1.0,0.8929,1.0
8325,1.0,0.7,1.0,1.0,0.8929,1.0
8326,0.6,0.7,0.6,0.6,0.5357,0.6
8327,0.6,0.7,0.6,0.6,0.5357,0.6
8328,0.6,0.7,0.6,0.6,0.5357,0.6
8329,0.6,0.7,0.6,0.6,0.5357,0.6
8330,0.6,0.7,0.6,0.6,0.5357,0.6
8331,0.6,0.7,0.6,0.6,0.5357,0.6
8332,0.6,0.7,0.6,0.6,0.5357,0.6
8333,0.6,0.7,0.6,0.6,0.5357,0.6
8334,1.0,1.0,1.0,1.0,0.8929,1.0
8335,1.0,1.0,1.0,1.0,0.8929,1.0
8336,1.0,1.0,1.0,1.0,0.8929,1.0
8337,1.0,1.0,1.0,1.0,0.8929,1.0
8338,1.0,1.0,1.0,1.0,0.926,1.0
8339,1.0,1.0,1.0,1.0,0.9558,1.0
8340,1.0,1.0,1.0,1.0,0.9795,1.0
8341,1.0,1.0,1.0,1.0,0.9948,1.0
8342,1.0,1.0,1.0,1.0,1.0,1.0
8343,1.0,1.0,1.0,1.0,0.9948,1.0
8344,1.0,1.0,1.0,1.0,0.9795,1.0
8345,1.0,1.0,1.0,1.0,0.9558,1.0
8346,1.0,1.0,1.0,1.0,0.926,1.0
8347,1.0,1.0,1.0,1.0,0.8929,1.0
8348,1.0,0.7,1.0,1.0,0.8929,1.0
8349,1.0,0.7,1.0,1.0,0.8929,1.0
8350,0.6,0.7,0.6,0.6,0.5357,0.6
8351,0.6,0.7,0.6,0.6,0.5357,0.6
8352,0.6,0.7,0.6,0.6,0.5357,0.6
8353,0.6,0.7,0.6,0.6,0.5357,0.6
8354,0.6,0.7,0.6,0.6,0.5357,0.6
8355,0.6,0.7,0.6,0.6,0.5357,0.6
8356,0.6,0.7,0.6,0.6,0.5357,0.6
8357,0.6,0.7,0.6,0.6,0.5357,0.6
8358,1.0,1.0,1.0,1.0,0.8929,1.0
8359,1.0,1.0,1.0,1.0,0.8929,1.0
8360,1.0,1.0,1.0,1.0,0.8929,1.0
8361,1.0,1.0,1.0,1.0,0.8929,1.0
8362,1.0,1.0,1.0,1.0,0.926,1.0
8363,1.0,1.0,1.0,1.0,0.9558,1.0
8364,1.0,1.0,1.0,1.0,0.9795,1.0
8365,1.0,1.0,1.0,1.0,0.9948,1.0
8366,1.0,1.0,1.0,1.0,1.0,1.0
8367,1.0,1.0,1.0,1.0,0.9948,1.0
8368,1.0,1.0,1.0,1.0,0.9795,1.0
8369,1.0,1.0,1.0,1.0,0.9558,1.0
8370,1.0,1.0,1.0,1.0,0.926,1.0
8371,1.0,1.0,1.0,1.0,0.8929,1.0
8372,1.0,0.7,1.0,1.0,0.8929,1.0
8373,1.0,0.7,1.0,1.0,0.8929,1.0
8374,0.6,0.7,0.6,0.6,0.5357,0.6
8375,0.6,0.7,0.6,0.6,0.5357,0.6
8376,0.6,0.7,0.6,0.6,0.5357,0.6
8377,0.6,0.7,0.6,0.6,0.5357,0.6
8378,0.6,0.7,0.6,0.6,0.5357,0.6
8379,0.6,0.7,0.6,0.6,0.5357,0.6
8380,0.6,0.7,0.6,0.6,0.5357,0.6
8381,0.6,0.7,0.6,0.6,0.5357,0.6
8382,1.0,1.0,1.0,1.0,0.8929,1.0
8383,1.0,1.0,1.0,1.0,0.8929,1.0
8384,1.0,1.0,1.0,1.0,0.8929,1.0
8385,1.0,1.0,1.0,1.0,0.8929,1.0
8386,1.0,1.0,1.0,1.0,0.926,1.0
8387,1.0,1.0,1.0,1.0,0.9558,1.0
8388,1.0,1.0,1.0,1.0,0.9795,1.0
8389,1.0,1.0,1.0,1.0,0.9948,1.0
8390,1.0,1.0,1.0,1.0,1.0,1.0
8391,1.0,1.0,1.0,1.0,0.9948,1.0
8392,1.0,1.0,1.0,1.0,0.9795,1.0
8393,1.0,1.0,1.0,1.0,0.9558,1.0
8394,1.0,1.0,1.0,1.0,0.926,1.0
8395,1.0,1.0,1.0,1.0,0.8929,1.0
8396,1.0,0.7,1.0,1.0,0.8929,1.0
8397,1.0,0.7,1.0,1.0,0.8929,1.0
8398,0.6,0.7,0.6,0.6,0.5357,0.6
8399,0.6,0.7,0.6,0.6,0.5357,0.6
8400,0.6,0.7,0.6,0.6,0.5357,0.6
8401,0.6,0.7,0.6,0.6,0.5357,0.6
8402,0.6,0.7,0.6,0.6,0.5357,0.6
8403,0.6,0.7,0.6,0.6,0.5357,0.6
8404,0.6,0.7,0.6,0.6,0.5357,0.6
8405,0.6,0.7,0.6,0.6,0.5357,0.6
8406,1.0,1.0,1.0,1.0,0.8929,1.0
8407,1.0,1.0,1.0,1.0,0.8929,1.0
8408,1.0,1.0,1.0,1.0,0.8929,1.0
8409,1.0,1.0,1.0,1.0,0.8929,1.0
8410,1.0,1.0,1.0,1.0,0.926,1.0
8411,1.0,1.0,1.0,1.0,0.9558,1.0
8412,1.0,1.0,1.0,1.0,0.9795,1.0
8413,1.0,1.0,1.0,1.0,0.9948,1.0
8414,1.0,1.0,1.0,1.0,1.0,1.0
8415,1.0,1.0,1.0,1.0,0.9948,1.0
8416,1.0,1.0,1.0,1.0,0.9795,1.0
8417,1.0,1.0,1.0,1.0,0.9558,1.0
8418,1.0,1.0,1.0,1.0,0.926,1.0
8419,1.0,1.0,1.0,1.0,0.8929,1.0
8420,1.0,0.7,1.0,1.0,0.8929,1.0
8421,1.0,0.7,1.0,1.0,0.8929,1.0
8422,0.6,0.7,0.6,0.6,0.5357,0.6
8423,0.6,0.7,0.6,0.6,0.5357,0.6
8424,0.6,0.7,0.6,0.6,0.5357,0.6
8425,0.6,0.7,0.6,0.6,0.5357,0.6
8426,0.6,0.7,0.6,0.6,0.5357,0.6
8427,0.6,0.7,0.6,0.6,0.5357,0.6
8428,0.6,0.7,0.6,0.6,0.5357,0.6
8429,0.6,0.7,0.6,0.6,0.5357,0.6
8430,1.0,1.0,1.0,1.0,0.8929,1.0
8431,1.0,1.0,1.0,1.0,0.8929,1.0
8432,1.0,1.0,1.0,1.0,0.8929,1.0
8433,1.0,1.0,1.0,1.0,0.8929,1.0
8434,1.0,1.0,1.0,1.0,0.926,1.0
8435,1.0,1.0,1.0,1.0,0.9558,1.0
8436,1.0,1.0,1.0,1.0,0.9795,1.0
8437,1.0,1.0,1.0,1.0,0.9948,1.0
8438,1.0,1.0,1.0,1.0,1.0,1.0
8439,1.0,1.0,1.0,1.0,0.9948,1.0
8440,1.0,1.0,1.0,1.0,0.9795,1.0
8441,1.0,1.0,1.0,1.0,0.9558,1.0
8442,1.0,1.0,1.0,1.0,0.926,1.0
8443,1.0,1.0,1.0,1.0,0.8929,1.0
8444,1.0,0.7,1.0,1.0,0.8929,1.0
8445,1.0,0.7,1.0,1.0,0.8929,1.0
8446,0.6,0.7,0.6,0.6,0.5357,0.6
8447,0.6,0.7,0.6,0.6,0.5357,0.6
8448,0.6,0.7,0.6,0.6,0.5357,0.6
8449,0.6,0.7,0.6,0.6,0.5357,0.6
8450,0.6,0.7,0.6,0.6,0.5357,0.6
8451,0.6,0.7,0.6,0.6,0.5357,0.6
8452,0.6,0.7,0.6,0.6,0.5357,0.6
8453,0.6,0.7,0.6,0.6,0.5357,0.6
8454,1.0,1.0,1.0,1.0,0.8929,1.0
8455,1.0,1.0,1.0,1.0,0.8929,1.0
8456,1.0,1.0,1.0,1.0,0.8929,1.0
8457,1.0,1.0,1.0,1.0,0.8929,1.0
8458,1.0,1.0,1.0,1.0,0.926,1.0
8459,1.0,1.0,1.0,1.0,0.9558,1.0
8460,1.0,1.0,1.0,1.0,0.9795,1.0
8461,1.0,1.0,1.0,1.0,0.9948,1.0
8462,1.0,1.0,1.0,1.0,1.0,1.0
8463,1.0,1.0,1.0,1.0,0.9948,1.0
8464,1.0,1.0,1.0,1.0,0.9795,1.0
8465,1.0,1.0,1.0,1.0,0.9558,1.0
8466,1.0,1.0,1.0,1.0,0.926,1.0
8467,1.0,1.0,1.0,1.0,0.8929,1.0
8468,1.0,0.7,1.0,1.0,0.8929,1.0
8469,1.0,0.7,1.0,1.0,0.8929,1.0
8470,0.6,0.7,0.6,0.6,0.5357,0.6
8471,0.6,0.7,0.6,0.6,0.5357,0.6
8472,0.6,0.7,0.6,0.6,0.5357,0.6
8473,0.6,0.7,0.6,0.6,0.5357,0.6
8474,0.6,0.7,0.6,0.6,0.5357,0.6
8475,0.6,0.7,0.6,0.6,0.5357,0.6
8476,0.6,0.7,0.6,0.6,0.5357,0.6
8477,0.6,0.7,0.6,0.6,0.5357,0.6
8478,1.0,1.0,1.0,1.0,0.8929,1.0
8479,1.0,1.0,1.0,1.0,0.8929,1.0
8480,1.0,1.0,1.0,1.0,0.8929,1.0
8481,1.0,1.0,1.0,1.0,0.8929,1.0
8482,1.0,1.0,1.0,1.0,0.926,1.0
8483,1.0,1.0,1.0,1.0,0.9558,1.0
8484,1.0,1.0,1.0,1.0,0.9795,1.0
8485,1.0,1.0,1.0,1.0,0.9948,1.0
8486,1.0,1.0,1.0,1.0,1.0,1.0
8487,1.0,1.0,1.0,1.0,0.9948,1.0
8488,1.0,1.0,1.0,1.0,0.9795,1.0
8489,1.0,1.0,1.0,1.0,0.9558,1.0
8490,1.0,1.0,1.0,1.0,0.926,1.0
8491,1.0,1.0,1.0,1.0,0.8929,1.0
8492,1.0,0.7,1.0,1.0,0.8929,1.0
8493,1.0,0.7,1.0,1.0,0.8929,1.0
8494,0.6,0.7,0.6,0.6,0.5357,0.6
8495,0.6,0.7,0.6,0.6,0.5357,0.6
8496,0.6,0.7,0.6,0.6,0.5357,0.6
8497,0.6,0.7,0.6,0.6,0.5357,0.6
8498,0.6,0.7,0.6,0.6,0.5357,0.6
8499,0.6,0.7,0.6,0.6,0.5357,0.6
8500,0.6,0.7,0.6,0.6,0.5357,0.6
8501,0.6,0.7,0.6,0.6,0.5357,0.6
8502,1.0,1.0,1.0,1.0,0.8929,1.0
8503,1.0,1.0,1.0,1.0,0.8929,1.0
8504,1.0,1.0,1.0,1.0,0.8929,1.0
8505,1.0,1.0,1.0,1.0,0.8929,1.0
8506,1.0,1.0,1.0,1.0,0.926,1.0
8507,1.0,1.0,1.0,1.0,0.9558,1.0
8508,1.0,1.0,1.0,1.0,0.9795,1.0
8509,1.0,1.0,1.0,1.0,0.9948,1.0
8510,1.0,1.0,1.0,1.0,1.0,1.0
8511,1.0,1.0,1.0,1.0,0.9948,1.0
8512,1.0,1.0,1.0,1.0,0.9795,1.0
8513,1.0,1.0,1.0,1.0,0.9558,1.0
8514,1.0,1.0,1.0,1.0,0.926,1.0
8515,1.0,1.0,1.0,1.0,0.8929,1.0
8516,1.0,0.7,1.0,1.0,0.8929,1.0
8517,1.0,0.7,1.0,1.0,0.8929,1.0
8518,0.6,0.7,0.6,0.6,0.5357,0.6
8519,0.6,0.7,0.6,0.6,0.5357,0.6
8520,0.6,0.7,0.6,0.6,0.5357,0.6
8521,0.6,0.7,0.6,0.6,0.5357,0.6
8522,0.6,0.7,0.6,0.6,0.5357,0.6
8523,0.6,0.7,0.6,0.6,0.5357,0.6
8524,0.6,0.7,0.6,0.6,0.5357,0.6
8525,0.6,0.7,0.6,0.6,0.5357,0.6
8526,1.0,1.0,1.0,1.0,0.8929,1.0
8527,1.0,1.0,1.0,1.0,0.8929,1.0
8528,1.0,1.0,1.0,1.0,0.8929,1.0
8529,1.0,1.0,1.0,1.0,0.8929,1.0
8530,1.0,1.0,1.0,1.0,0.926,1.0
8531,1.0,1.0,1.0,1.0,0.9558,1.0
8532,1.0,1.0,1.0,1.0,0.9795,1.0
8533,1.0,1.0,1.0,1.0,0.9948,1.0
8534,1.0,1.0,1.0,1.0,1.0,1.0
8535,1.0,1.0,1.0,1.0,0.9948,1.0
8536,1.0,1.0,1.0,1.0,0.9795,1.0
8537,1.0,1.0,1.0,1.0,0.9558,1.0
8538,1.0,1.0,1.0,1.0,0.926,1.0
8539,1.0,1.0,1.0,1.0,0.8929,1.0
8540,1.0,0.7,1.0,1.0,0.8929,1.0
8541,1.0,0.7,1.0,1.0,0.8929,1.0
8542,0.6,0.7,0.6,0.6,0.5357,0.6
8543,0.6,0.7,0.6,0.6,0.5357,0.6
8544,0.6,0.7,0.6,0.6,0.5357,0.6
8545,0.6,0.7,0.6,0.6,0.5357,0.6
8546,0.6,0.7,0.6,0.6,0.5357,0.6
8547,0.6,0.7,0.6,0.6,0.5357,0.6
8548,0.6,0.7,0.6,0.6,0.5357,0.6
8549,0.6,0.7,0.6,0.6,0.5357,0.6
8550,1.0,1.0,1.0,1.0,0.8929,1.0
8551,1.0,1.0,1.0,1.0,0.8929,1.0
8552,1.0,1.0,1.0,1.0,0.8929,1.0
8553,1.0,1.0,1.0,1.0,0.8929,1.0
8554,1.0,1.0,1.0,1.0,0.926,1.0
8555,1.0,1.0,1.0,1.0,0.9558,1.0
8556,1.0,1.0,1.0,1.0,0.9795,1.0
8557,1.0,1.0,1.0,1.0,0.9948,1.0
8558,1.0,1.0,1.0,1.0,1.0,1.0
8559,1.0,1.0,1.0,1.0,0.9948,1.0
8560,1.0,1.0,1.0,1.0,0.9795,1.0
8561,1.0,1.0,1.0,1.0,0.9558,1.0
8562,1.0,1.0,1.0,1.0,0.926,1.0
8563,1.0,1.0,1.0,1.0,0.8929,1.0
8564,1.0,0.7,1.0,1.0,0.8929,1.0
8565,1.0,0.7,1.0,1.0,0.8929,1.0
8566,0.6,0.7,0.6,0.6,0.5357,0.6
8567,0.6,0.7,0.6,0.6,0.5357,0.6
8568,0.6,0.7,0.6,0.6,0.5357,0.6
8569,0.6,0.7,0.6,0.6,0.5357,0.6
8570,0.6,0.7,0.6,0.6,0.5357,0.6
8571,0.6,0.7,0.6,0.6,0.5357,0.6
8572,0.6,0.7,0.6,0.6,0.5357,0.6
8573,0.6,0.7,0.6,0.6,0.5357,0.6
8574,1.0,1.0,1.0,1.0,0.8929,1.0
8575,1.0,1.0,1.0,1.0,0.8929,1.0
8576,1.0,1.0,1.0,1.0,0.8929,1.0
8577,1.0,1.0,1.0,1.0,0.8929,1.0
8578,1.0,1.0,1.0,1.0,0.926,1.0
8579,1.0,1.0,1.0,1.0,0.9558,1.0
8580,1.0,1.0,1.0,1.0,0.9795,1.0
8581,1.0,1.0,1.0,1.0,0.9948,1.0
8582,1.0,1.0,1.0,1.0,1.0,1.0
8583,1.0,1.0,1.0,1.0,0.9948,1.0
8584,1.0,1.0,1.0,1.0,0.9795,1.0
8585,1.0,1.0,1.0,1.0,0.9558,1.0
8586,1.0,1.0,1.0,1.0,0.926,1.0
8587,1.0,1.0,1.0,1.0,0.8929,1.0
8588,1.0,0.7,1.0,1.0,0.8929,1.0
8589,1.0,0.7,1.0,1.0,0.8929,1.0
8590,0.6,0.7,0.6,0.6,0.5357,0.6
8591,0.6,0.7,0.6,0.6,0.5357,0.6
8592,0.6,0.7,0.6,0.6,0.5357,0.6
8593,0.6,0.7,0.6,0.6,0.5357,0.6
8594,0.6,0.7,0.6,0.6,0.5357,0.6
8595,0.6,0.7,0.6,0.6,0.5357,0.6
8596,0.6,0.7,0.6,0.6,0.5357,0.6
8597,0.6,0.7,0.6,0.6,0.5357,0.6
8598,1.0,1.0,1.0,1.0,0.8929,1.0
8599,1.0,1.0,1.0,1.0,0.8929,1.0
8600,1.0,1.0,1.0,1.0,0.8929,1.0
8601,1.0,1.0,1.0,1.0,0.8929,1.0
8602,1.0,1.0,1.0,1.0,0.926,1.0
8603,1.0,1.0,1.0,1.0,0.9558,1.0
8604,1.0,1.0,1.0,1.0,0.9795,1.0
8605,1.0,1.0,1.0,1.0,0.9948,1.0
8606,1.0,1.0,1.0,1.0,1.0,1.0
8607,1.0,1.0,1.0,1.0,0.9948,1.0
8608,1.0,1.0,1.0,1.0,0.9795,1.0
8609,1.0,1.0,1.0,1.0,0.9558,1.0
8610,1.0,1.0,1.0,1.0,0.926,1.0
8611,1.0,1.0,1.0,1.0,0.8929,1.0
8612,1.0,0.7,1.0,1.0,0.8929,1.0
8613,1.0,0.7,1.0,1.0,0.8929,1.0
8614,0.6,0.7,0.6,0.6,0.5357,0.6
8615,0.6,0.7,0.6,0.6,0.5357,0.6
8616,0.6,0.7,0.6,0.6,0.5357,0.6
8617,0.6,0.7,0.6,0.6,0.5357,0.6
8618,0.6,0.7,0.6,0.6,0.5357,0.6
8619,0.6,0.7,0.6,0.6,0.5357,0.6
8620,0.6,0.7,0.6,0.6,0.5357,0.6
8621,0.6,0.7,0.6,0.6,0.5357,0.6
8622,1.0,1.0,1.0,1.0,0.8929,1.0
8623,1.0,1.0,1.0,1.0,0.8929,1.0
8624,1.0,1.0,1.0,1.0,0.8929,1.0
8625,1.0,1.0,1.0,1.0,0.8929,1.0
8626,1.0,1.0,1.0,1.0,0.926,1.0
8627,1.0,1.0,1.0,1.0,0.9558,1.0
8628,1.0,1.0,1.0,1.0,0.9795,1.0
8629,1.0,1.0,1.0,1.0,0.9948,1.0
8630,1.0,1.0,1.0,1.0,1.0,1.0
8631,1.0,1.0,1.0,1.0,0.9948,1.0
8632,1.0,1.0,1.0,1.0,0.9795,1.0
8633,1.0,1.0,1.0,1.0,0.9558,1.0
8634,1.0,1.0,1.0,1.0,0.926,1.0
8635,1.0,1.0,1.0,1.0,0.8929,1.0
8636,1.0,0.7,1.0,1.0,0.8929,1.0
8637,1.0,0.7,1.0,1.0,0.8929,1.0
8638,0.6,0.7,0.6,0.6,0.5357,0.6
8639,0.6,0.7,0.6,0.6,0.5357,0.6
8640,0.6,0.7,0.6,0.6,0.5357,0.6
8641,0.6,0.7,0.6,0.6,0.5357,0.6
8642,0.6,0.7,0.6,0.6,0.5357,0.6
8643,0.6,0.7,0.6,0.6,0.5357,0.6
8644,0.6,0.7,0.6,0.6,0.5357,0.6
8645,0.6,0.7,0.6,0.6,0.5357,0.6
8646,1.0,1.0,1.0,1.0,0.8929,1.0
8647,1.0,1.0,1.0,1.0,0.8929,1.0
8648,1.0,1.0,1.0,1.0,0.8929,1.0
8649,1.0,1.0,1.0,1.0,0.8929,1.0
8650,1.0,1.0,1.0,1.0,0.926,1.0
8651,1.0,1.0,1.0,1.0,0.9558,1.0
8652,1.0,1.0,1.0,1.0,0.9795,1.0
8653,1.0,1.0,1.0,1.0,0.9948,1.0
8654,1.0,1.0,1.0,1.0,1.0,1.0
8655,1.0,1.0,1.0,1.0,0.9948,1.0
8656,1.0,1.0,1.0,1.0,0.9795,1.0
8657,1.0,1.0,1.0,1.0,0.9558,1.0
8658,1.0,1.0,1.0,1.0,0.926,1.0
8659,1.0,1.0,1.0,1.0,0.8929,1.0
8660,1.0,0.7,1.0,1.0,0.8929,1.0
8661,1.0,0.7,1.0,1.0,0.8929,1.0
8662,0.6,0.7,0.6,0.6,0.5357,0.6
8663,0.6,0.7,0.6,0.6,0.5357,0.6
8664,0.6,0.7,0.6,0.6,0.5357,0.6
8665,0.6,0.7,0.6,0.6,0.5357,0.6
8666,0.6,0.7,0.6,0.6,0.5357,0.6
8667,0.6,0.7,0.6,0.6,0.5357,0.6
8668,0.6,0.7,0.6,0.6,0.5357,0.6
8669,0.6,0.7,0.6,0.6,0.5357,0.6
8670,1.0,1.0,1.0,1.0,0.8929,1.0
8671,1.0,1.0,1.0,1.0,0.8929,1.0
8672,1.0,1.0,1.0,1.0,0.8929,1.0
8673,1.0,1.0,1.0,1.0,0.8929,1.0
8674,1.0,1.0,1.0,1.0,0.926,1.0
8675,1.0,1.0,1.0,1.0,0.9558,1.0
8676,1.0,1.0,1.0,1.0,0.9795,1.0
8677,1.0,1.0,1.0,1.0,0.9948,1.0
8678,1.0,1.0,1.0,1.0,1.0,1.0
8679,1.0,1.0,1.0,1.0,0.9948,1.0
8680,1.0,1.0,1.0,1.0,0.9795,1.0
8681,1.0,1.0,1.0,1.0,0.9558,1.0
8682,1.0,1.0,1.0,1.0,0.926,1.0
8683,1.0,1.0,1.0,1.0,0.8929,1.0
8684,1.0,0.7,1.0,1.0,0.8929,1.0
8685,1.0,0.7,1.0,1.0,0.8929,1.0
8686,0.6,0.7,0.6,0.6,0.5357,0.6
8687,0.6,0.7,0.6,0.6,0.5357,0.6
8688,0.6,0.7,0.6,0.6,0.5357,0.6
8689,0.6,0.7,0.6,0.6,0.5357,0.6
8690,0.6,0.7,0.6,0.6,0.5357,0.6
8691,0.6,0.7,0.6,0.6,0.5357,0.6
8692,0.6,0.7,0.6,0.6,0.5357,0.6
8693,0.6,0.7,0.6,0.6,0.5357,0.6
8694,1.0,1.0,1.0,1.0,0.8929,1.0
8695,1.0,1.0,1.0,1.0,0.8929,1.0
8696,1.0,1.0,1.0,1.0,0.8929,1.0
8697,1.0,1.0,1.0,1.0,0.8929,1.0
8698,1.0,1.0,1.0,1.0,0.926,1.0
8699,1.0,1.0,1.0,1.0,0.9558,1.0
8700,1.0,1.0,1.0,1.0,0.9795,1.0
8701,1.0,1.0,1.0,1.0,0.9948,1.0
8702,1.0,1.0,1.0,1.0,1.0,1.0
8703,1.0,1.0,1.0,1.0,0.9948,1.0
8704,1.0,1.0,1.0,1.0,0.9795,1.0
8705,1.0,1.0,1.0,1.0,0.9558,1.0
8706,1.0,1.0,1.0,1.0,0.926,1.0
8707,1.0,1.0,1.0,1.0,0.8929,1.0
8708,1.0,0.7,1.0,1.0,0.8929,1.0
8709,1.0,0.7,1.0,1.0,0.8929,1.0
8710,0.6,0.7,0.6,0.6,0.5357,0.6
8711,0.6,0.7,0.6,0.6,0.5357,0.6
8712,0.6,0.7,0.6,0.6,0.5357,0.6
8713,0.6,0.7,0.6,0.6,0.5357,0.6
8714,0.6,0.7,0.6,0.6,0.5357,0.6
8715,0.6,0.7,0.6,0.6,0.5357,0.6
8716,0.6,0.7,0.6,0.6,0.5357,0.6
8717,0.6,0.7,0.6,0.6,0.5357,0.6
8718,1.0,1.0,1.0,1.0,0.8929,1.0
8719,1.0,1.0,1.0,1.0,0.8929,1.0
8720,1.0,1.0,1.0,1.0,0.8929,1.0
8721,1.0,1.0,1.0,1.0,0.8929,1.0
8722,1.0,1.0,1.0,1.0,0.926,1.0
8723,1.0,1.0,1.0,1.0,0.9558,1.0
8724,1.0,1.0,1.0,1.0,0.9795,1.0
8725,1.0,1.0,1.0,1.0,0.9948,1.0
8726,1.0,1.0,1.0,1.0,1.0,1.0
8727,1.0,1.0,1.0,1.0,0.9948,1.0
8728,1.0,1.0,1.0,1.0,0.9795,1.0
8729,1.0,1.0,1.0,1.0,0.9558,1.0
8730,1.0,1.0,1.0,1.0,0.926,1.0
8731,1.0,1.0,1.0,1.0,0.8929,1.0
8732,1.0,0.7,1.0,1.0,0.8929,1.0
8733,1.0,0.7,1.0,1.0,0.8929,1.0
8734,0.6,0.7,0.6,0.6,0.5357,0.6
8735,0.6,0.7,0.6,0.6,0.5357,0.6
